2026-09-05 20:07:57,868 - [MAIN] - INFO  - Bussiness.GameProperties - Refreshing game properties!
2026-09-05 20:07:57,916 - [MAIN] - INFO  - Center.Server.CenterServer - Recompile Scripts: True
2026-09-05 20:07:57,919 - [MAIN] - INFO  - Center.Server.CenterServer - Registering global event handlers: true
2026-09-05 20:07:57,919 - [MAIN] - INFO  - Center.Server.CenterServer - Script components: True
2026-09-05 20:07:57,919 - [MAIN] - INFO  - Center.Server.CenterServer - Check Server Edition:2612558: True
2026-09-05 20:07:57,921 - [MAIN] - INFO  - Center.Server.CenterServer - InitSocket Port:9202: True
2026-09-05 20:07:57,954 - [MAIN] - INFO  - Center.Server.CenterService - Center Service started!
2026-09-05 20:07:57,954 - [MAIN] - INFO  - Center.Server.CenterServer - Center Service: True
2026-09-05 20:07:57,958 - [MAIN] - INFO  - Center.Server.ServerMgr - Load server list from db.
2026-09-05 20:07:57,958 - [MAIN] - INFO  - Center.Server.CenterServer - Load serverlist: True
2026-09-05 20:07:57,965 - [MAIN] - INFO  - Center.Server.CenterServer - Init MacroDropMgr: True
2026-09-05 20:07:57,985 - [MAIN] - INFO  - Center.Server.CenterServer - LanguageMgr Init: True
2026-09-05 20:07:57,994 - [MAIN] - INFO  - Center.Server.WorldMgr - Total 8 syterm notice loaded.
2026-09-05 20:07:57,996 - [MAIN] - INFO  - Center.Server.CenterServer - WorldMgr Init: True
2026-09-05 20:07:57,996 - [MAIN] - INFO  - Center.Server.CenterServer - Init Global Timers: True
2026-09-05 20:07:58,002 - [MAIN] - INFO  - Center.Server.CenterServer - NewTitleMgr Init: True
2026-09-05 20:07:58,006 - [MAIN] - INFO  - Center.Server.CenterServer - WorldEventMgr Init: True
2026-09-05 20:07:58,009 - [MAIN] - INFO  - Game.Base.CommandMgr - Loaded 4 commands!
2026-09-05 20:07:58,009 - [MAIN] - INFO  - Center.Server.CenterServer - base.Start(): True
2026-09-05 20:07:58,012 - [MAIN] - INFO  - Center.Server.CenterServer - GameServer is now open for connections!
2026-09-05 20:07:58,012 - [MAIN] - INFO  - Bussiness.GameProperties - Saving game properties into db!
2026-09-05 20:08:58,001 - [23] - INFO  - Center.Server.CenterServer - Scan  WorldEvent ...
2026-09-05 20:08:58,001 - [25] - INFO  - Center.Server.CenterServer - Saving Record...
2026-09-05 20:08:58,001 - [23] - INFO  - Center.Server.CenterServer - Scan WorldEvent complete!
2026-09-05 20:08:58,001 - [27] - INFO  - Center.Server.CenterServer - Saving database...
2026-09-05 20:08:58,001 - [24] - INFO  - Center.Server.CenterServer - Saving Record...
2026-09-05 20:08:58,001 - [14] - INFO  - Center.Server.CenterServer - Scan Consortiaboss...
2026-09-05 20:08:58,002 - [14] - INFO  - Center.Server.CenterServer - Scan Consortiaboss complete!
2026-09-05 20:08:58,002 - [25] - INFO  - Center.Server.CenterServer - Saving Record complete!
2026-09-05 20:08:58,008 - [27] - INFO  - Center.Server.CenterServer - Saving database complete!
2026-09-05 20:08:58,008 - [27] - INFO  - Center.Server.CenterServer - Saved all databases 0ms
2026-09-05 20:08:58,016 - [24] - INFO  - Center.Server.CenterServer - Scan Consortia complete!
2026-09-05 20:09:08,993 - [10] - INFO  - Game.Base.BaseServer - Incoming connection from 127.0.0.1:59957
2026-09-05 20:09:58,007 - [22] - INFO  - Center.Server.CenterServer - Scan Consortiaboss...
2026-09-05 20:09:58,007 - [20] - INFO  - Center.Server.CenterServer - Saving Record...
2026-09-05 20:09:58,007 - [15] - INFO  - Center.Server.CenterServer - Saving Record...
2026-09-05 20:09:58,007 - [15] - INFO  - Center.Server.CenterServer - Saving Record complete!
2026-09-05 20:09:58,007 - [22] - INFO  - Center.Server.CenterServer - Scan Consortiaboss complete!
2026-09-05 20:09:58,007 - [21] - INFO  - Center.Server.CenterServer - Scan  WorldEvent ...
2026-09-05 20:09:58,007 - [21] - INFO  - Center.Server.CenterServer - Scan WorldEvent complete!
2026-09-05 20:09:58,007 - [17] - INFO  - Center.Server.CenterServer - Saving database...
2026-09-05 20:09:58,007 - [18] - INFO  - Center.Server.CenterServer - System Notice ...
2026-09-05 20:09:58,007 - [18] - INFO  - Center.Server.CenterServer - System Notice complete!
2026-09-05 20:09:58,009 - [17] - INFO  - Center.Server.CenterServer - Saving database complete!
2026-09-05 20:09:58,009 - [17] - INFO  - Center.Server.CenterServer - Saved all databases 16ms
2026-09-05 20:09:58,012 - [20] - INFO  - Center.Server.CenterServer - Scan Consortia complete!
2026-09-05 20:10:58,009 - [15] - INFO  - Center.Server.CenterServer - Scan Consortiaboss...
2026-09-05 20:10:58,009 - [17] - INFO  - Center.Server.CenterServer - Scan  WorldEvent ...
2026-09-05 20:10:58,009 - [17] - INFO  - Center.Server.CenterServer - Scan WorldEvent complete!
2026-09-05 20:10:58,009 - [15] - INFO  - Center.Server.CenterServer - Scan Consortiaboss complete!
2026-09-05 20:10:58,009 - [21] - INFO  - Center.Server.CenterServer - Saving database...
2026-09-05 20:10:58,009 - [18] - INFO  - Center.Server.CenterServer - Saving Record...
2026-09-05 20:10:58,009 - [20] - INFO  - Center.Server.CenterServer - Saving Record...
2026-09-05 20:10:58,010 - [20] - INFO  - Center.Server.CenterServer - Saving Record complete!
2026-09-05 20:10:58,012 - [21] - INFO  - Center.Server.CenterServer - Saving database complete!
2026-09-05 20:10:58,012 - [21] - INFO  - Center.Server.CenterServer - Saved all databases 0ms
2026-09-05 20:10:58,016 - [18] - INFO  - Center.Server.CenterServer - Scan Consortia complete!
2026-09-05 20:11:58,011 - [17] - INFO  - Center.Server.CenterServer - Scan Consortiaboss...
2026-09-05 20:11:58,011 - [20] - INFO  - Center.Server.CenterServer - Saving Record...
2026-09-05 20:11:58,011 - [22] - INFO  - Center.Server.CenterServer - Scan  WorldEvent ...
2026-09-05 20:11:58,011 - [22] - INFO  - Center.Server.CenterServer - Scan WorldEvent complete!
2026-09-05 20:11:58,011 - [20] - INFO  - Center.Server.CenterServer - Saving Record complete!
2026-09-05 20:11:58,011 - [17] - INFO  - Center.Server.CenterServer - Scan Consortiaboss complete!
2026-09-05 20:11:58,011 - [10] - INFO  - Center.Server.CenterServer - Saving Record...
2026-09-05 20:11:58,011 - [18] - INFO  - Center.Server.CenterServer - System Notice ...
2026-09-05 20:11:58,011 - [21] - INFO  - Center.Server.CenterServer - Saving database...
2026-09-05 20:11:58,012 - [18] - INFO  - Center.Server.CenterServer - System Notice complete!
2026-09-05 20:11:58,015 - [21] - INFO  - Center.Server.CenterServer - Saving database complete!
2026-09-05 20:11:58,015 - [21] - INFO  - Center.Server.CenterServer - Saved all databases 0ms
2026-09-05 20:11:58,019 - [10] - INFO  - Center.Server.CenterServer - Scan Consortia complete!
2026-09-05 20:12:58,014 - [10] - INFO  - Center.Server.CenterServer - Scan  WorldEvent ...
2026-09-05 20:12:58,014 - [17] - INFO  - Center.Server.CenterServer - Saving Record...
2026-09-05 20:12:58,014 - [21] - INFO  - Center.Server.CenterServer - Saving Record...
2026-09-05 20:12:58,014 - [21] - INFO  - Center.Server.CenterServer - Saving Record complete!
2026-09-05 20:12:58,014 - [10] - INFO  - Center.Server.CenterServer - Scan WorldEvent complete!
2026-09-05 20:12:58,014 - [16] - INFO  - Center.Server.CenterServer - Saving database...
2026-09-05 20:12:58,014 - [20] - INFO  - Center.Server.CenterServer - Scan Consortiaboss...
2026-09-05 20:12:58,015 - [20] - INFO  - Center.Server.CenterServer - Scan Consortiaboss complete!
2026-09-05 20:12:58,017 - [16] - INFO  - Center.Server.CenterServer - Saving database complete!
2026-09-05 20:12:58,017 - [16] - INFO  - Center.Server.CenterServer - Saved all databases 0ms
2026-09-05 20:12:58,021 - [17] - INFO  - Center.Server.CenterServer - Scan Consortia complete!
2026-09-05 20:13:58,014 - [9] - INFO  - Center.Server.CenterServer - Scan Consortiaboss...
2026-09-05 20:13:58,014 - [8] - INFO  - Center.Server.CenterServer - Scan  WorldEvent ...
2026-09-05 20:13:58,014 - [19] - INFO  - Center.Server.CenterServer - Saving Record...
2026-09-05 20:13:58,014 - [8] - INFO  - Center.Server.CenterServer - Scan WorldEvent complete!
2026-09-05 20:13:58,014 - [15] - INFO  - Center.Server.CenterServer - System Notice ...
2026-09-05 20:13:58,014 - [13] - INFO  - Center.Server.CenterServer - Saving Record...
2026-09-05 20:13:58,014 - [11] - INFO  - Center.Server.CenterServer - Saving database...
2026-09-05 20:13:58,014 - [13] - INFO  - Center.Server.CenterServer - Saving Record complete!
2026-09-05 20:13:58,014 - [15] - INFO  - Center.Server.CenterServer - System Notice complete!
2026-09-05 20:13:58,015 - [9] - INFO  - Center.Server.CenterServer - Scan Consortiaboss award complete!
2026-09-05 20:13:58,015 - [9] - INFO  - Center.Server.CenterServer - Scan Consortiaboss complete!
2026-09-05 20:13:58,017 - [11] - INFO  - Center.Server.CenterServer - Saving database complete!
2026-09-05 20:13:58,017 - [11] - INFO  - Center.Server.CenterServer - Saved all databases 0ms
2026-09-05 20:13:58,021 - [19] - INFO  - Center.Server.CenterServer - Scan Consortia complete!
2026-09-05 20:14:58,017 - [16] - INFO  - Center.Server.CenterServer - Scan Consortiaboss...
2026-09-05 20:14:58,017 - [16] - INFO  - Center.Server.CenterServer - Scan Consortiaboss complete!
2026-09-05 20:14:58,017 - [22] - INFO  - Center.Server.CenterServer - Scan  WorldEvent ...
2026-09-05 20:14:58,017 - [16] - INFO  - Center.Server.CenterServer - Saving Record...
2026-09-05 20:14:58,017 - [22] - INFO  - Center.Server.CenterServer - Scan WorldEvent complete!
2026-09-05 20:14:58,017 - [17] - INFO  - Center.Server.CenterServer - Saving Record...
2026-09-05 20:14:58,017 - [17] - INFO  - Center.Server.CenterServer - Saving Record complete!
2026-09-05 20:14:58,017 - [10] - INFO  - Center.Server.CenterServer - Saving database...
2026-09-05 20:14:58,021 - [10] - INFO  - Center.Server.CenterServer - Saving database complete!
2026-09-05 20:14:58,021 - [10] - INFO  - Center.Server.CenterServer - Saved all databases 0ms
2026-09-05 20:14:58,024 - [16] - INFO  - Center.Server.CenterServer - Scan Consortia complete!
2026-09-05 20:15:58,016 - [11] - INFO  - Center.Server.CenterServer - System Notice ...
2026-09-05 20:15:58,016 - [11] - INFO  - Center.Server.CenterServer - System Notice complete!
2026-09-05 20:15:58,032 - [11] - INFO  - Center.Server.CenterServer - Scan Consortiaboss...
2026-09-05 20:15:58,032 - [11] - INFO  - Center.Server.CenterServer - Scan Consortiaboss complete!
2026-09-05 20:15:58,032 - [11] - INFO  - Center.Server.CenterServer - Scan  WorldEvent ...
2026-09-05 20:15:58,032 - [11] - INFO  - Center.Server.CenterServer - Scan WorldEvent complete!
2026-09-05 20:15:58,032 - [13] - INFO  - Center.Server.CenterServer - Saving Record...
2026-09-05 20:15:58,032 - [11] - INFO  - Center.Server.CenterServer - Saving Record...
2026-09-05 20:15:58,032 - [10] - INFO  - Center.Server.CenterServer - Saving database...
2026-09-05 20:15:58,032 - [11] - INFO  - Center.Server.CenterServer - Saving Record complete!
2026-09-05 20:15:58,035 - [10] - INFO  - Center.Server.CenterServer - Saving database complete!
2026-09-05 20:15:58,035 - [10] - INFO  - Center.Server.CenterServer - Saved all databases 0ms
2026-09-05 20:15:58,039 - [13] - INFO  - Center.Server.CenterServer - Scan Consortia complete!
2026-09-05 20:16:58,043 - [12] - INFO  - Center.Server.CenterServer - Scan Consortiaboss...
2026-09-05 20:16:58,043 - [12] - INFO  - Center.Server.CenterServer - Scan Consortiaboss complete!
2026-09-05 20:16:58,043 - [12] - INFO  - Center.Server.CenterServer - Scan  WorldEvent ...
2026-09-05 20:16:58,043 - [11] - INFO  - Center.Server.CenterServer - Saving Record...
2026-09-05 20:16:58,043 - [12] - INFO  - Center.Server.CenterServer - Scan WorldEvent complete!
2026-09-05 20:16:58,043 - [8] - INFO  - Center.Server.CenterServer - Saving database...
2026-09-05 20:16:58,043 - [13] - INFO  - Center.Server.CenterServer - Saving Record...
2026-09-05 20:16:58,043 - [11] - INFO  - Center.Server.CenterServer - Saving Record complete!
2026-09-05 20:16:58,046 - [8] - INFO  - Center.Server.CenterServer - Saving database complete!
2026-09-05 20:16:58,046 - [8] - INFO  - Center.Server.CenterServer - Saved all databases 0ms
2026-09-05 20:16:58,051 - [13] - INFO  - Center.Server.CenterServer - Scan Consortia complete!
2026-09-05 20:17:58,026 - [8] - INFO  - Center.Server.CenterServer - System Notice ...
2026-09-05 20:17:58,026 - [8] - INFO  - Center.Server.CenterServer - System Notice complete!
2026-09-05 20:17:58,058 - [11] - INFO  - Center.Server.CenterServer - Saving Record...
2026-09-05 20:17:58,058 - [8] - INFO  - Center.Server.CenterServer - Scan  WorldEvent ...
2026-09-05 20:17:58,058 - [13] - INFO  - Center.Server.CenterServer - Scan Consortiaboss...
2026-09-05 20:17:58,058 - [13] - INFO  - Center.Server.CenterServer - Scan Consortiaboss complete!
2026-09-05 20:17:58,058 - [12] - INFO  - Center.Server.CenterServer - Saving database...
2026-09-05 20:17:58,058 - [8] - INFO  - Center.Server.CenterServer - Scan WorldEvent complete!
2026-09-05 20:17:58,058 - [18] - INFO  - Center.Server.CenterServer - Saving Record...
2026-09-05 20:17:58,059 - [18] - INFO  - Center.Server.CenterServer - Saving Record complete!
2026-09-05 20:17:58,062 - [12] - INFO  - Center.Server.CenterServer - Saving database complete!
2026-09-05 20:17:58,062 - [12] - INFO  - Center.Server.CenterServer - Saved all databases 0ms
2026-09-05 20:17:58,066 - [11] - INFO  - Center.Server.CenterServer - Scan Consortia complete!
2026-09-05 20:18:58,065 - [22] - INFO  - Center.Server.CenterServer - Scan Consortiaboss...
2026-09-05 20:18:58,065 - [22] - INFO  - Center.Server.CenterServer - Scan Consortiaboss complete!
2026-09-05 20:18:58,065 - [22] - INFO  - Center.Server.CenterServer - Scan  WorldEvent ...
2026-09-05 20:18:58,065 - [21] - INFO  - Center.Server.CenterServer - Saving Record...
2026-09-05 20:18:58,065 - [22] - INFO  - Center.Server.CenterServer - Scan WorldEvent complete!
2026-09-05 20:18:58,065 - [9] - INFO  - Center.Server.CenterServer - Saving database...
2026-09-05 20:18:58,065 - [20] - INFO  - Center.Server.CenterServer - Saving Record...
2026-09-05 20:18:58,065 - [20] - INFO  - Center.Server.CenterServer - Saving Record complete!
2026-09-05 20:18:58,068 - [9] - INFO  - Center.Server.CenterServer - Saving database complete!
2026-09-05 20:18:58,068 - [9] - INFO  - Center.Server.CenterServer - Saved all databases 0ms
2026-09-05 20:18:58,071 - [21] - INFO  - Center.Server.CenterServer - Scan Consortia complete!
2026-09-05 20:19:58,039 - [9] - INFO  - Center.Server.CenterServer - System Notice ...
2026-09-05 20:19:58,039 - [9] - INFO  - Center.Server.CenterServer - System Notice complete!
2026-09-05 20:19:58,070 - [9] - INFO  - Center.Server.CenterServer - Scan Consortiaboss...
2026-09-05 20:19:58,070 - [9] - INFO  - Center.Server.CenterServer - Scan Consortiaboss award complete!
2026-09-05 20:19:58,070 - [12] - INFO  - Center.Server.CenterServer - Scan  WorldEvent ...
2026-09-05 20:19:58,070 - [13] - INFO  - Center.Server.CenterServer - Saving Record...
2026-09-05 20:19:58,070 - [12] - INFO  - Center.Server.CenterServer - Scan WorldEvent complete!
2026-09-05 20:19:58,070 - [11] - INFO  - Center.Server.CenterServer - Saving Record...
2026-09-05 20:19:58,070 - [13] - INFO  - Center.Server.CenterServer - Saving Record complete!
2026-09-05 20:19:58,070 - [8] - INFO  - Center.Server.CenterServer - Saving database...
2026-09-05 20:19:58,070 - [9] - INFO  - Center.Server.CenterServer - Scan Consortiaboss complete!
2026-09-05 20:19:58,073 - [8] - INFO  - Center.Server.CenterServer - Saving database complete!
2026-09-05 20:19:58,074 - [8] - INFO  - Center.Server.CenterServer - Saved all databases 16ms
2026-09-05 20:19:58,077 - [11] - INFO  - Center.Server.CenterServer - Scan Consortia complete!
2026-09-05 20:20:58,080 - [13] - INFO  - Center.Server.CenterServer - Scan Consortiaboss...
2026-09-05 20:20:58,080 - [13] - INFO  - Center.Server.CenterServer - Scan Consortiaboss complete!
2026-09-05 20:20:58,080 - [11] - INFO  - Center.Server.CenterServer - Scan  WorldEvent ...
2026-09-05 20:20:58,080 - [13] - INFO  - Center.Server.CenterServer - Saving Record...
2026-09-05 20:20:58,080 - [11] - INFO  - Center.Server.CenterServer - Scan WorldEvent complete!
2026-09-05 20:20:58,080 - [12] - INFO  - Center.Server.CenterServer - Saving Record...
2026-09-05 20:20:58,080 - [9] - INFO  - Center.Server.CenterServer - Saving database...
2026-09-05 20:20:58,080 - [12] - INFO  - Center.Server.CenterServer - Saving Record complete!
2026-09-05 20:20:58,082 - [9] - INFO  - Center.Server.CenterServer - Saving database complete!
2026-09-05 20:20:58,082 - [9] - INFO  - Center.Server.CenterServer - Saved all databases 0ms
2026-09-05 20:20:58,086 - [13] - INFO  - Center.Server.CenterServer - Scan Consortia complete!
2026-09-05 20:21:58,041 - [9] - INFO  - Center.Server.CenterServer - System Notice ...
2026-09-05 20:21:58,041 - [9] - INFO  - Center.Server.CenterServer - System Notice complete!
2026-09-05 20:21:58,088 - [9] - INFO  - Center.Server.CenterServer - Scan Consortiaboss...
2026-09-05 20:21:58,088 - [9] - INFO  - Center.Server.CenterServer - Scan Consortiaboss complete!
2026-09-05 20:21:58,088 - [11] - INFO  - Center.Server.CenterServer - Scan  WorldEvent ...
2026-09-05 20:21:58,088 - [13] - INFO  - Center.Server.CenterServer - Saving Record...
2026-09-05 20:21:58,088 - [11] - INFO  - Center.Server.CenterServer - Scan WorldEvent complete!
2026-09-05 20:21:58,088 - [10] - INFO  - Center.Server.CenterServer - Saving database...
2026-09-05 20:21:58,088 - [9] - INFO  - Center.Server.CenterServer - Saving Record...
2026-09-05 20:21:58,088 - [9] - INFO  - Center.Server.CenterServer - Saving Record complete!
2026-09-05 20:21:58,090 - [10] - INFO  - Center.Server.CenterServer - Saving database complete!
2026-09-05 20:21:58,090 - [10] - INFO  - Center.Server.CenterServer - Saved all databases 0ms
2026-09-05 20:21:58,094 - [13] - INFO  - Center.Server.CenterServer - Scan Consortia complete!
2026-09-05 20:22:58,089 - [10] - INFO  - Center.Server.CenterServer - Scan Consortiaboss...
2026-09-05 20:22:58,089 - [7] - INFO  - Center.Server.CenterServer - Scan  WorldEvent ...
2026-09-05 20:22:58,089 - [10] - INFO  - Center.Server.CenterServer - Scan Consortiaboss complete!
2026-09-05 20:22:58,089 - [7] - INFO  - Center.Server.CenterServer - Scan WorldEvent complete!
2026-09-05 20:22:58,089 - [10] - INFO  - Center.Server.CenterServer - Saving Record...
2026-09-05 20:22:58,089 - [13] - INFO  - Center.Server.CenterServer - Saving Record...
2026-09-05 20:22:58,089 - [13] - INFO  - Center.Server.CenterServer - Saving Record complete!
2026-09-05 20:22:58,089 - [7] - INFO  - Center.Server.CenterServer - Saving database...
2026-09-05 20:22:58,094 - [7] - INFO  - Center.Server.CenterServer - Saving database complete!
2026-09-05 20:22:58,094 - [7] - INFO  - Center.Server.CenterServer - Saved all databases 0ms
2026-09-05 20:22:58,101 - [10] - INFO  - Center.Server.CenterServer - Scan Consortia complete!
2026-09-05 20:23:58,042 - [11] - INFO  - Center.Server.CenterServer - System Notice ...
2026-09-05 20:23:58,042 - [11] - INFO  - Center.Server.CenterServer - System Notice complete!
2026-09-05 20:23:58,103 - [22] - INFO  - Center.Server.CenterServer - Scan Consortiaboss...
2026-09-05 20:23:58,103 - [15] - INFO  - Center.Server.CenterServer - Scan  WorldEvent ...
2026-09-05 20:23:58,103 - [22] - INFO  - Center.Server.CenterServer - Scan Consortiaboss complete!
2026-09-05 20:23:58,103 - [15] - INFO  - Center.Server.CenterServer - Scan WorldEvent complete!
2026-09-05 20:23:58,103 - [22] - INFO  - Center.Server.CenterServer - Saving Record...
2026-09-05 20:23:58,103 - [3] - INFO  - Center.Server.CenterServer - Saving database...
2026-09-05 20:23:58,103 - [22] - INFO  - Center.Server.CenterServer - Saving Record complete!
2026-09-05 20:23:58,103 - [11] - INFO  - Center.Server.CenterServer - Saving Record...
2026-09-05 20:23:58,106 - [3] - INFO  - Center.Server.CenterServer - Saving database complete!
2026-09-05 20:23:58,106 - [3] - INFO  - Center.Server.CenterServer - Saved all databases 0ms
2026-09-05 20:23:58,108 - [11] - INFO  - Center.Server.CenterServer - Scan Consortia complete!
2026-09-05 20:24:58,115 - [6] - INFO  - Center.Server.CenterServer - Scan Consortiaboss...
2026-09-05 20:24:58,115 - [15] - INFO  - Center.Server.CenterServer - Saving database...
2026-09-05 20:24:58,115 - [6] - INFO  - Center.Server.CenterServer - Scan Consortiaboss complete!
2026-09-05 20:24:58,115 - [24] - INFO  - Center.Server.CenterServer - Saving Record...
2026-09-05 20:24:58,115 - [3] - INFO  - Center.Server.CenterServer - Saving Record...
2026-09-05 20:24:58,116 - [3] - INFO  - Center.Server.CenterServer - Saving Record complete!
2026-09-05 20:24:58,115 - [23] - INFO  - Center.Server.CenterServer - Scan  WorldEvent ...
2026-09-05 20:24:58,116 - [23] - INFO  - Center.Server.CenterServer - Scan WorldEvent complete!
2026-09-05 20:24:58,119 - [15] - INFO  - Center.Server.CenterServer - Saving database complete!
2026-09-05 20:24:58,119 - [15] - INFO  - Center.Server.CenterServer - Saved all databases 15ms
2026-09-05 20:24:58,123 - [24] - INFO  - Center.Server.CenterServer - Scan Consortia complete!
2026-09-05 20:25:58,056 - [22] - INFO  - Center.Server.CenterServer - System Notice ...
2026-09-05 20:25:58,056 - [22] - INFO  - Center.Server.CenterServer - System Notice complete!
2026-09-05 20:25:58,120 - [22] - INFO  - Center.Server.CenterServer - Scan Consortiaboss...
2026-09-05 20:25:58,120 - [3] - INFO  - Center.Server.CenterServer - Scan  WorldEvent ...
2026-09-05 20:25:58,120 - [23] - INFO  - Center.Server.CenterServer - Saving Record...
2026-09-05 20:25:58,120 - [3] - INFO  - Center.Server.CenterServer - Scan WorldEvent complete!
2026-09-05 20:25:58,120 - [22] - INFO  - Center.Server.CenterServer - Scan Consortiaboss award complete!
2026-09-05 20:25:58,121 - [22] - INFO  - Center.Server.CenterServer - Scan Consortiaboss complete!
2026-09-05 20:25:58,120 - [6] - INFO  - Center.Server.CenterServer - Saving database...
2026-09-05 20:25:58,120 - [23] - INFO  - Center.Server.CenterServer - Saving Record complete!
2026-09-05 20:25:58,120 - [24] - INFO  - Center.Server.CenterServer - Saving Record...
2026-09-05 20:25:58,124 - [6] - INFO  - Center.Server.CenterServer - Saving database complete!
2026-09-05 20:25:58,124 - [6] - INFO  - Center.Server.CenterServer - Saved all databases 0ms
2026-09-05 20:25:58,131 - [24] - INFO  - Center.Server.CenterServer - Scan Consortia complete!
2026-09-05 20:26:58,122 - [6] - INFO  - Center.Server.CenterServer - Scan Consortiaboss...
2026-09-05 20:26:58,122 - [27] - INFO  - Center.Server.CenterServer - Scan  WorldEvent ...
2026-09-05 20:26:58,122 - [23] - INFO  - Center.Server.CenterServer - Saving Record...
2026-09-05 20:26:58,122 - [27] - INFO  - Center.Server.CenterServer - Scan WorldEvent complete!
2026-09-05 20:26:58,122 - [6] - INFO  - Center.Server.CenterServer - Scan Consortiaboss complete!
2026-09-05 20:26:58,122 - [27] - INFO  - Center.Server.CenterServer - Saving Record...
2026-09-05 20:26:58,122 - [27] - INFO  - Center.Server.CenterServer - Saving Record complete!
2026-09-05 20:26:58,122 - [24] - INFO  - Center.Server.CenterServer - Saving database...
2026-09-05 20:26:58,124 - [24] - INFO  - Center.Server.CenterServer - Saving database complete!
2026-09-05 20:26:58,124 - [24] - INFO  - Center.Server.CenterServer - Saved all databases 0ms
2026-09-05 20:26:58,127 - [23] - INFO  - Center.Server.CenterServer - Scan Consortia complete!
2026-09-05 20:27:58,071 - [24] - INFO  - Center.Server.CenterServer - System Notice ...
2026-09-05 20:27:58,071 - [24] - INFO  - Center.Server.CenterServer - System Notice complete!
2026-09-05 20:27:58,148 - [24] - INFO  - Center.Server.CenterServer - Scan Consortiaboss...
2026-09-05 20:27:58,148 - [24] - INFO  - Center.Server.CenterServer - Scan Consortiaboss complete!
2026-09-05 20:27:58,148 - [24] - INFO  - Center.Server.CenterServer - Scan  WorldEvent ...
2026-09-05 20:27:58,148 - [6] - INFO  - Center.Server.CenterServer - Saving Record...
2026-09-05 20:27:58,148 - [27] - INFO  - Center.Server.CenterServer - Saving Record...
2026-09-05 20:27:58,148 - [24] - INFO  - Center.Server.CenterServer - Scan WorldEvent complete!
2026-09-05 20:27:58,148 - [27] - INFO  - Center.Server.CenterServer - Saving Record complete!
2026-09-05 20:27:58,148 - [22] - INFO  - Center.Server.CenterServer - Saving database...
2026-09-05 20:27:58,151 - [22] - INFO  - Center.Server.CenterServer - Saving database complete!
2026-09-05 20:27:58,151 - [22] - INFO  - Center.Server.CenterServer - Saved all databases 16ms
2026-09-05 20:27:58,155 - [6] - INFO  - Center.Server.CenterServer - Scan Consortia complete!
2026-09-05 20:28:58,156 - [17] - INFO  - Center.Server.CenterServer - Scan Consortiaboss...
2026-09-05 20:28:58,156 - [7] - INFO  - Center.Server.CenterServer - Scan  WorldEvent ...
2026-09-05 20:28:58,156 - [17] - INFO  - Center.Server.CenterServer - Scan Consortiaboss complete!
2026-09-05 20:28:58,156 - [3] - INFO  - Center.Server.CenterServer - Saving Record...
2026-09-05 20:28:58,156 - [7] - INFO  - Center.Server.CenterServer - Scan WorldEvent complete!
2026-09-05 20:28:58,156 - [11] - INFO  - Center.Server.CenterServer - Saving Record...
2026-09-05 20:28:58,156 - [3] - INFO  - Center.Server.CenterServer - Saving Record complete!
2026-09-05 20:28:58,156 - [7] - INFO  - Center.Server.CenterServer - Saving database...
2026-09-05 20:28:58,159 - [7] - INFO  - Center.Server.CenterServer - Saving database complete!
2026-09-05 20:28:58,159 - [7] - INFO  - Center.Server.CenterServer - Saved all databases 0ms
2026-09-05 20:28:58,163 - [11] - INFO  - Center.Server.CenterServer - Scan Consortia complete!
2026-09-05 20:29:58,074 - [22] - INFO  - Center.Server.CenterServer - System Notice ...
2026-09-05 20:29:58,074 - [22] - INFO  - Center.Server.CenterServer - System Notice complete!
2026-09-05 20:29:58,168 - [22] - INFO  - Center.Server.CenterServer - Scan Consortiaboss...
2026-09-05 20:29:58,168 - [22] - INFO  - Center.Server.CenterServer - Scan Consortiaboss complete!
2026-09-05 20:29:58,168 - [6] - INFO  - Center.Server.CenterServer - Scan  WorldEvent ...
2026-09-05 20:29:58,168 - [22] - INFO  - Center.Server.CenterServer - Saving Record...
2026-09-05 20:29:58,168 - [6] - INFO  - Center.Server.CenterServer - Scan WorldEvent complete!
2026-09-05 20:29:58,168 - [7] - INFO  - Center.Server.CenterServer - Saving database...
2026-09-05 20:29:58,168 - [22] - INFO  - Center.Server.CenterServer - Saving Record complete!
2026-09-05 20:29:58,168 - [24] - INFO  - Center.Server.CenterServer - Saving Record...
2026-09-05 20:29:58,172 - [7] - INFO  - Center.Server.CenterServer - Saving database complete!
2026-09-05 20:29:58,172 - [7] - INFO  - Center.Server.CenterServer - Saved all databases 0ms
2026-09-05 20:29:58,175 - [24] - INFO  - Center.Server.CenterServer - Scan Consortia complete!
2026-09-05 20:30:58,177 - [6] - INFO  - Center.Server.CenterServer - Scan  WorldEvent ...
2026-09-05 20:30:58,177 - [23] - INFO  - Center.Server.CenterServer - Scan Consortiaboss...
2026-09-05 20:30:58,177 - [7] - INFO  - Center.Server.CenterServer - Saving Record...
2026-09-05 20:30:58,177 - [24] - INFO  - Center.Server.CenterServer - Saving database...
2026-09-05 20:30:58,177 - [23] - INFO  - Center.Server.CenterServer - Scan Consortiaboss complete!
2026-09-05 20:30:58,177 - [11] - INFO  - Center.Server.CenterServer - Saving Record...
2026-09-05 20:30:58,177 - [6] - INFO  - Center.Server.CenterServer - Scan WorldEvent complete!
2026-09-05 20:30:58,177 - [11] - INFO  - Center.Server.CenterServer - Saving Record complete!
2026-09-05 20:30:58,179 - [24] - INFO  - Center.Server.CenterServer - Saving database complete!
2026-09-05 20:30:58,179 - [24] - INFO  - Center.Server.CenterServer - Saved all databases 0ms
2026-09-05 20:30:58,183 - [7] - INFO  - Center.Server.CenterServer - Scan Consortia complete!
2026-09-05 20:31:58,086 - [3] - INFO  - Center.Server.CenterServer - System Notice ...
2026-09-05 20:31:58,086 - [3] - INFO  - Center.Server.CenterServer - System Notice complete!
2026-09-05 20:31:58,178 - [3] - INFO  - Center.Server.CenterServer - Scan Consortiaboss...
2026-09-05 20:31:58,178 - [15] - INFO  - Center.Server.CenterServer - Scan  WorldEvent ...
2026-09-05 20:31:58,178 - [24] - INFO  - Center.Server.CenterServer - Saving Record...
2026-09-05 20:31:58,178 - [7] - INFO  - Center.Server.CenterServer - Saving Record...
2026-09-05 20:31:58,178 - [3] - INFO  - Center.Server.CenterServer - Scan Consortiaboss award complete!
2026-09-05 20:31:58,178 - [7] - INFO  - Center.Server.CenterServer - Saving Record complete!
2026-09-05 20:31:58,178 - [3] - INFO  - Center.Server.CenterServer - Scan Consortiaboss complete!
2026-09-05 20:31:58,178 - [11] - INFO  - Center.Server.CenterServer - Saving database...
2026-09-05 20:31:58,178 - [15] - INFO  - Center.Server.CenterServer - Scan WorldEvent complete!
2026-09-05 20:31:58,181 - [11] - INFO  - Center.Server.CenterServer - Saving database complete!
2026-09-05 20:31:58,181 - [11] - INFO  - Center.Server.CenterServer - Saved all databases 16ms
2026-09-05 20:31:58,185 - [24] - INFO  - Center.Server.CenterServer - Scan Consortia complete!
2026-09-05 20:32:58,184 - [6] - INFO  - Center.Server.CenterServer - Scan Consortiaboss...
2026-09-05 20:32:58,184 - [6] - INFO  - Center.Server.CenterServer - Scan Consortiaboss complete!
2026-09-05 20:32:58,184 - [7] - INFO  - Center.Server.CenterServer - Scan  WorldEvent ...
2026-09-05 20:32:58,184 - [6] - INFO  - Center.Server.CenterServer - Saving Record...
2026-09-05 20:32:58,184 - [11] - INFO  - Center.Server.CenterServer - Saving Record...
2026-09-05 20:32:58,184 - [24] - INFO  - Center.Server.CenterServer - Saving database...
2026-09-05 20:32:58,184 - [7] - INFO  - Center.Server.CenterServer - Scan WorldEvent complete!
2026-09-05 20:32:58,184 - [6] - INFO  - Center.Server.CenterServer - Saving Record complete!
2026-09-05 20:32:58,188 - [24] - INFO  - Center.Server.CenterServer - Saving database complete!
2026-09-05 20:32:58,188 - [24] - INFO  - Center.Server.CenterServer - Saved all databases 0ms
2026-09-05 20:32:58,192 - [11] - INFO  - Center.Server.CenterServer - Scan Consortia complete!
2026-09-05 20:33:58,102 - [17] - INFO  - Center.Server.CenterServer - System Notice ...
2026-09-05 20:33:58,102 - [17] - INFO  - Center.Server.CenterServer - System Notice complete!
2026-09-05 20:33:58,193 - [17] - INFO  - Center.Server.CenterServer - Scan Consortiaboss...
2026-09-05 20:33:58,193 - [17] - INFO  - Center.Server.CenterServer - Scan Consortiaboss complete!
2026-09-05 20:33:58,193 - [23] - INFO  - Center.Server.CenterServer - Scan  WorldEvent ...
2026-09-05 20:33:58,193 - [23] - INFO  - Center.Server.CenterServer - Scan WorldEvent complete!
2026-09-05 20:33:58,193 - [23] - INFO  - Center.Server.CenterServer - Saving Record...
2026-09-05 20:33:58,193 - [22] - INFO  - Center.Server.CenterServer - Saving database...
2026-09-05 20:33:58,193 - [23] - INFO  - Center.Server.CenterServer - Saving Record complete!
2026-09-05 20:33:58,193 - [17] - INFO  - Center.Server.CenterServer - Saving Record...
2026-09-05 20:33:58,195 - [22] - INFO  - Center.Server.CenterServer - Saving database complete!
2026-09-05 20:33:58,195 - [22] - INFO  - Center.Server.CenterServer - Saved all databases 0ms
2026-09-05 20:33:58,198 - [17] - INFO  - Center.Server.CenterServer - Scan Consortia complete!
2026-09-05 20:34:58,205 - [24] - INFO  - Center.Server.CenterServer - Scan Consortiaboss...
2026-09-05 20:34:58,205 - [7] - INFO  - Center.Server.CenterServer - Saving Record...
2026-09-05 20:34:58,205 - [24] - INFO  - Center.Server.CenterServer - Scan Consortiaboss complete!
2026-09-05 20:34:58,205 - [6] - INFO  - Center.Server.CenterServer - Saving database...
2026-09-05 20:34:58,205 - [11] - INFO  - Center.Server.CenterServer - Scan  WorldEvent ...
2026-09-05 20:34:58,205 - [11] - INFO  - Center.Server.CenterServer - Scan WorldEvent complete!
2026-09-05 20:34:58,205 - [22] - INFO  - Center.Server.CenterServer - Saving Record...
2026-09-05 20:34:58,206 - [22] - INFO  - Center.Server.CenterServer - Saving Record complete!
2026-09-05 20:34:58,209 - [6] - INFO  - Center.Server.CenterServer - Saving database complete!
2026-09-05 20:34:58,209 - [6] - INFO  - Center.Server.CenterServer - Saved all databases 0ms
2026-09-05 20:34:58,213 - [7] - INFO  - Center.Server.CenterServer - Scan Consortia complete!
2026-09-05 20:35:58,117 - [22] - INFO  - Center.Server.CenterServer - System Notice ...
2026-09-05 20:35:58,117 - [22] - INFO  - Center.Server.CenterServer - System Notice complete!
2026-09-05 20:35:58,211 - [22] - INFO  - Center.Server.CenterServer - Scan Consortiaboss...
2026-09-05 20:35:58,211 - [22] - INFO  - Center.Server.CenterServer - Scan Consortiaboss complete!
2026-09-05 20:35:58,211 - [6] - INFO  - Center.Server.CenterServer - Scan  WorldEvent ...
2026-09-05 20:35:58,211 - [22] - INFO  - Center.Server.CenterServer - Saving Record...
2026-09-05 20:35:58,211 - [6] - INFO  - Center.Server.CenterServer - Scan WorldEvent complete!
2026-09-05 20:35:58,211 - [7] - INFO  - Center.Server.CenterServer - Saving Record...
2026-09-05 20:35:58,212 - [7] - INFO  - Center.Server.CenterServer - Saving Record complete!
2026-09-05 20:35:58,212 - [11] - INFO  - Center.Server.CenterServer - Saving database...
2026-09-05 20:35:58,215 - [11] - INFO  - Center.Server.CenterServer - Saving database complete!
2026-09-05 20:35:58,215 - [11] - INFO  - Center.Server.CenterServer - Saved all databases 0ms
2026-09-05 20:35:58,219 - [22] - INFO  - Center.Server.CenterServer - Scan Consortia complete!
2026-09-05 20:36:58,217 - [6] - INFO  - Center.Server.CenterServer - Scan Consortiaboss...
2026-09-05 20:36:58,217 - [7] - INFO  - Center.Server.CenterServer - Scan  WorldEvent ...
2026-09-05 20:36:58,217 - [27] - INFO  - Center.Server.CenterServer - Saving Record...
2026-09-05 20:36:58,217 - [7] - INFO  - Center.Server.CenterServer - Scan WorldEvent complete!
2026-09-05 20:36:58,217 - [20] - INFO  - Center.Server.CenterServer - Saving database...
2026-09-05 20:36:58,217 - [6] - INFO  - Center.Server.CenterServer - Scan Consortiaboss complete!
2026-09-05 20:36:58,217 - [22] - INFO  - Center.Server.CenterServer - Saving Record...
2026-09-05 20:36:58,217 - [22] - INFO  - Center.Server.CenterServer - Saving Record complete!
2026-09-05 20:36:58,219 - [20] - INFO  - Center.Server.CenterServer - Saving database complete!
2026-09-05 20:36:58,219 - [20] - INFO  - Center.Server.CenterServer - Saved all databases 0ms
2026-09-05 20:36:58,224 - [27] - INFO  - Center.Server.CenterServer - Scan Consortia complete!
2026-09-05 20:37:58,129 - [17] - INFO  - Center.Server.CenterServer - System Notice ...
2026-09-05 20:37:58,129 - [17] - INFO  - Center.Server.CenterServer - System Notice complete!
2026-09-05 20:37:58,222 - [17] - INFO  - Center.Server.CenterServer - Scan Consortiaboss...
2026-09-05 20:37:58,222 - [17] - INFO  - Center.Server.CenterServer - Scan Consortiaboss award complete!
2026-09-05 20:37:58,222 - [20] - INFO  - Center.Server.CenterServer - Saving Record...
2026-09-05 20:37:58,222 - [7] - INFO  - Center.Server.CenterServer - Saving Record...
2026-09-05 20:37:58,222 - [17] - INFO  - Center.Server.CenterServer - Scan Consortiaboss complete!
2026-09-05 20:37:58,222 - [7] - INFO  - Center.Server.CenterServer - Saving Record complete!
2026-09-05 20:37:58,222 - [23] - INFO  - Center.Server.CenterServer - Saving database...
2026-09-05 20:37:58,222 - [27] - INFO  - Center.Server.CenterServer - Scan  WorldEvent ...
2026-09-05 20:37:58,222 - [27] - INFO  - Center.Server.CenterServer - Scan WorldEvent complete!
2026-09-05 20:37:58,225 - [23] - INFO  - Center.Server.CenterServer - Saving database complete!
2026-09-05 20:37:58,225 - [23] - INFO  - Center.Server.CenterServer - Saved all databases 0ms
2026-09-05 20:37:58,229 - [20] - INFO  - Center.Server.CenterServer - Scan Consortia complete!
2026-09-05 20:38:58,233 - [24] - INFO  - Center.Server.CenterServer - Scan  WorldEvent ...
2026-09-05 20:38:58,233 - [19] - INFO  - Center.Server.CenterServer - Saving Record...
2026-09-05 20:38:58,233 - [16] - INFO  - Center.Server.CenterServer - Scan Consortiaboss...
2026-09-05 20:38:58,234 - [13] - INFO  - Center.Server.CenterServer - Saving database...
2026-09-05 20:38:58,233 - [12] - INFO  - Center.Server.CenterServer - Saving Record...
2026-09-05 20:38:58,233 - [24] - INFO  - Center.Server.CenterServer - Scan WorldEvent complete!
2026-09-05 20:38:58,234 - [16] - INFO  - Center.Server.CenterServer - Scan Consortiaboss complete!
2026-09-05 20:38:58,234 - [12] - INFO  - Center.Server.CenterServer - Saving Record complete!
2026-09-05 20:38:58,238 - [13] - INFO  - Center.Server.CenterServer - Saving database complete!
2026-09-05 20:38:58,238 - [13] - INFO  - Center.Server.CenterServer - Saved all databases 0ms
2026-09-05 20:38:58,243 - [19] - INFO  - Center.Server.CenterServer - Scan Consortia complete!
2026-09-05 20:39:58,137 - [13] - INFO  - Center.Server.CenterServer - System Notice ...
2026-09-05 20:39:58,137 - [13] - INFO  - Center.Server.CenterServer - System Notice complete!
2026-09-05 20:39:58,248 - [13] - INFO  - Center.Server.CenterServer - Scan Consortiaboss...
2026-09-05 20:39:58,248 - [13] - INFO  - Center.Server.CenterServer - Scan Consortiaboss complete!
2026-09-05 20:39:58,248 - [13] - INFO  - Center.Server.CenterServer - Scan  WorldEvent ...
2026-09-05 20:39:58,248 - [13] - INFO  - Center.Server.CenterServer - Scan WorldEvent complete!
2026-09-05 20:39:58,248 - [6] - INFO  - Center.Server.CenterServer - Saving Record...
2026-09-05 20:39:58,248 - [12] - INFO  - Center.Server.CenterServer - Saving database...
2026-09-05 20:39:58,248 - [23] - INFO  - Center.Server.CenterServer - Saving Record...
2026-09-05 20:39:58,248 - [6] - INFO  - Center.Server.CenterServer - Saving Record complete!
2026-09-05 20:39:58,255 - [12] - INFO  - Center.Server.CenterServer - Saving database complete!
2026-09-05 20:39:58,255 - [12] - INFO  - Center.Server.CenterServer - Saved all databases 0ms
2026-09-05 20:39:58,263 - [23] - INFO  - Center.Server.CenterServer - Scan Consortia complete!
2026-09-05 20:40:58,261 - [12] - INFO  - Center.Server.CenterServer - Scan Consortiaboss...
2026-09-05 20:40:58,261 - [6] - INFO  - Center.Server.CenterServer - Saving Record...
2026-09-05 20:40:58,261 - [12] - INFO  - Center.Server.CenterServer - Scan Consortiaboss complete!
2026-09-05 20:40:58,261 - [7] - INFO  - Center.Server.CenterServer - Scan  WorldEvent ...
2026-09-05 20:40:58,262 - [23] - INFO  - Center.Server.CenterServer - Saving Record...
2026-09-05 20:40:58,262 - [12] - INFO  - Center.Server.CenterServer - Saving database...
2026-09-05 20:40:58,262 - [23] - INFO  - Center.Server.CenterServer - Saving Record complete!
2026-09-05 20:40:58,262 - [7] - INFO  - Center.Server.CenterServer - Scan WorldEvent complete!
2026-09-05 20:40:58,265 - [12] - INFO  - Center.Server.CenterServer - Saving database complete!
2026-09-05 20:40:58,265 - [12] - INFO  - Center.Server.CenterServer - Saved all databases 0ms
2026-09-05 20:40:58,271 - [6] - INFO  - Center.Server.CenterServer - Scan Consortia complete!
2026-09-05 20:41:58,148 - [21] - INFO  - Center.Server.CenterServer - System Notice ...
2026-09-05 20:41:58,148 - [21] - INFO  - Center.Server.CenterServer - System Notice complete!
2026-09-05 20:41:58,273 - [21] - INFO  - Center.Server.CenterServer - Scan Consortiaboss...
2026-09-05 20:41:58,273 - [21] - INFO  - Center.Server.CenterServer - Scan Consortiaboss complete!
2026-09-05 20:41:58,273 - [10] - INFO  - Center.Server.CenterServer - Scan  WorldEvent ...
2026-09-05 20:41:58,273 - [21] - INFO  - Center.Server.CenterServer - Saving Record...
2026-09-05 20:41:58,273 - [10] - INFO  - Center.Server.CenterServer - Scan WorldEvent complete!
2026-09-05 20:41:58,273 - [7] - INFO  - Center.Server.CenterServer - Saving database...
2026-09-05 20:41:58,273 - [23] - INFO  - Center.Server.CenterServer - Saving Record...
2026-09-05 20:41:58,274 - [23] - INFO  - Center.Server.CenterServer - Saving Record complete!
2026-09-05 20:41:58,275 - [7] - INFO  - Center.Server.CenterServer - Saving database complete!
2026-09-05 20:41:58,275 - [7] - INFO  - Center.Server.CenterServer - Saved all databases 16ms
2026-09-05 20:41:58,279 - [21] - INFO  - Center.Server.CenterServer - Scan Consortia complete!
2026-09-05 20:42:58,282 - [23] - INFO  - Center.Server.CenterServer - Scan Consortiaboss...
2026-09-05 20:42:58,282 - [6] - INFO  - Center.Server.CenterServer - Scan  WorldEvent ...
2026-09-05 20:42:58,282 - [23] - INFO  - Center.Server.CenterServer - Scan Consortiaboss complete!
2026-09-05 20:42:58,282 - [6] - INFO  - Center.Server.CenterServer - Scan WorldEvent complete!
2026-09-05 20:42:58,282 - [6] - INFO  - Center.Server.CenterServer - Saving Record...
2026-09-05 20:42:58,282 - [6] - INFO  - Center.Server.CenterServer - Saving Record complete!
2026-09-05 20:42:58,282 - [23] - INFO  - Center.Server.CenterServer - Saving database...
2026-09-05 20:42:58,282 - [7] - INFO  - Center.Server.CenterServer - Saving Record...
2026-09-05 20:42:58,284 - [23] - INFO  - Center.Server.CenterServer - Saving database complete!
2026-09-05 20:42:58,284 - [23] - INFO  - Center.Server.CenterServer - Saved all databases 0ms
2026-09-05 20:42:58,288 - [7] - INFO  - Center.Server.CenterServer - Scan Consortia complete!
2026-09-05 20:43:58,153 - [10] - INFO  - Center.Server.CenterServer - System Notice ...
2026-09-05 20:43:58,153 - [10] - INFO  - Center.Server.CenterServer - System Notice complete!
2026-09-05 20:43:58,293 - [10] - INFO  - Center.Server.CenterServer - Scan Consortiaboss...
2026-09-05 20:43:58,293 - [19] - INFO  - Center.Server.CenterServer - Scan  WorldEvent ...
2026-09-05 20:43:58,293 - [24] - INFO  - Center.Server.CenterServer - Saving Record...
2026-09-05 20:43:58,293 - [20] - INFO  - Center.Server.CenterServer - Saving Record...
2026-09-05 20:43:58,293 - [19] - INFO  - Center.Server.CenterServer - Scan WorldEvent complete!
2026-09-05 20:43:58,293 - [13] - INFO  - Center.Server.CenterServer - Saving database...
2026-09-05 20:43:58,293 - [20] - INFO  - Center.Server.CenterServer - Saving Record complete!
2026-09-05 20:43:58,293 - [10] - INFO  - Center.Server.CenterServer - Scan Consortiaboss award complete!
2026-09-05 20:43:58,293 - [10] - INFO  - Center.Server.CenterServer - Scan Consortiaboss complete!
2026-09-05 20:43:58,295 - [13] - INFO  - Center.Server.CenterServer - Saving database complete!
2026-09-05 20:43:58,295 - [13] - INFO  - Center.Server.CenterServer - Saved all databases 0ms
2026-09-05 20:43:58,298 - [24] - INFO  - Center.Server.CenterServer - Scan Consortia complete!
2026-09-05 20:44:58,312 - [21] - INFO  - Center.Server.CenterServer - Scan Consortiaboss...
2026-09-05 20:44:58,312 - [21] - INFO  - Center.Server.CenterServer - Scan Consortiaboss complete!
2026-09-05 20:44:58,312 - [23] - INFO  - Center.Server.CenterServer - Scan  WorldEvent ...
2026-09-05 20:44:58,312 - [23] - INFO  - Center.Server.CenterServer - Scan WorldEvent complete!
2026-09-05 20:44:58,312 - [13] - INFO  - Center.Server.CenterServer - Saving Record...
2026-09-05 20:44:58,312 - [7] - INFO  - Center.Server.CenterServer - Saving database...
2026-09-05 20:44:58,312 - [13] - INFO  - Center.Server.CenterServer - Saving Record complete!
2026-09-05 20:44:58,312 - [21] - INFO  - Center.Server.CenterServer - Saving Record...
2026-09-05 20:44:58,314 - [7] - INFO  - Center.Server.CenterServer - Saving database complete!
2026-09-05 20:44:58,314 - [7] - INFO  - Center.Server.CenterServer - Saved all databases 0ms
2026-09-05 20:44:58,318 - [21] - INFO  - Center.Server.CenterServer - Scan Consortia complete!
2026-09-05 20:45:58,164 - [11] - INFO  - Center.Server.CenterServer - System Notice ...
2026-09-05 20:45:58,164 - [11] - INFO  - Center.Server.CenterServer - System Notice complete!
2026-09-05 20:45:58,333 - [22] - INFO  - Center.Server.CenterServer - Scan Consortiaboss...
2026-09-05 20:45:58,333 - [11] - INFO  - Center.Server.CenterServer - Scan  WorldEvent ...
2026-09-05 20:45:58,333 - [13] - INFO  - Center.Server.CenterServer - Saving Record...
2026-09-05 20:45:58,333 - [22] - INFO  - Center.Server.CenterServer - Scan Consortiaboss complete!
2026-09-05 20:45:58,333 - [11] - INFO  - Center.Server.CenterServer - Scan WorldEvent complete!
2026-09-05 20:45:58,333 - [22] - INFO  - Center.Server.CenterServer - Saving Record...
2026-09-05 20:45:58,333 - [11] - INFO  - Center.Server.CenterServer - Saving database...
2026-09-05 20:45:58,334 - [22] - INFO  - Center.Server.CenterServer - Saving Record complete!
2026-09-05 20:45:58,339 - [11] - INFO  - Center.Server.CenterServer - Saving database complete!
2026-09-05 20:45:58,339 - [11] - INFO  - Center.Server.CenterServer - Saved all databases 15ms
2026-09-05 20:45:58,344 - [13] - INFO  - Center.Server.CenterServer - Scan Consortia complete!
2026-09-05 20:46:58,336 - [12] - INFO  - Center.Server.CenterServer - Scan Consortiaboss...
2026-09-05 20:46:58,336 - [27] - INFO  - Center.Server.CenterServer - Scan  WorldEvent ...
2026-09-05 20:46:58,336 - [24] - INFO  - Center.Server.CenterServer - Saving Record...
2026-09-05 20:46:58,336 - [22] - INFO  - Center.Server.CenterServer - Saving Record...
2026-09-05 20:46:58,336 - [21] - INFO  - Center.Server.CenterServer - Saving database...
2026-09-05 20:46:58,340 - [27] - INFO  - Center.Server.CenterServer - Scan WorldEvent complete!
2026-09-05 20:46:58,340 - [12] - INFO  - Center.Server.CenterServer - Scan Consortiaboss complete!
2026-09-05 20:46:58,341 - [24] - INFO  - Center.Server.CenterServer - Saving Record complete!
2026-09-05 20:46:58,343 - [21] - INFO  - Center.Server.CenterServer - Saving database complete!
2026-09-05 20:46:58,343 - [21] - INFO  - Center.Server.CenterServer - Saved all databases 0ms
2026-09-05 20:46:58,347 - [22] - INFO  - Center.Server.CenterServer - Scan Consortia complete!
2026-09-05 20:47:58,168 - [19] - INFO  - Center.Server.CenterServer - System Notice ...
2026-09-05 20:47:58,168 - [19] - INFO  - Center.Server.CenterServer - System Notice complete!
2026-09-05 20:47:58,341 - [19] - INFO  - Center.Server.CenterServer - Scan Consortiaboss...
2026-09-05 20:47:58,341 - [24] - INFO  - Center.Server.CenterServer - Scan  WorldEvent ...
2026-09-05 20:47:58,341 - [21] - INFO  - Center.Server.CenterServer - Saving Record...
2026-09-05 20:47:58,341 - [22] - INFO  - Center.Server.CenterServer - Saving Record...
2026-09-05 20:47:58,341 - [12] - INFO  - Center.Server.CenterServer - Saving database...
2026-09-05 20:47:58,345 - [24] - INFO  - Center.Server.CenterServer - Scan WorldEvent complete!
2026-09-05 20:47:58,345 - [19] - INFO  - Center.Server.CenterServer - Scan Consortiaboss complete!
2026-09-05 20:47:58,346 - [22] - INFO  - Center.Server.CenterServer - Saving Record complete!
2026-09-05 20:47:58,348 - [12] - INFO  - Center.Server.CenterServer - Saving database complete!
2026-09-05 20:47:58,348 - [12] - INFO  - Center.Server.CenterServer - Saved all databases 0ms
2026-09-05 20:47:58,351 - [21] - INFO  - Center.Server.CenterServer - Scan Consortia complete!
2026-09-05 20:48:58,341 - [10] - INFO  - Center.Server.CenterServer - Scan Consortiaboss...
2026-09-05 20:48:58,341 - [27] - INFO  - Center.Server.CenterServer - Saving Record...
2026-09-05 20:48:58,342 - [16] - INFO  - Center.Server.CenterServer - Saving database...
2026-09-05 20:48:58,341 - [23] - INFO  - Center.Server.CenterServer - Scan  WorldEvent ...
2026-09-05 20:48:58,341 - [6] - INFO  - Center.Server.CenterServer - Saving Record...
2026-09-05 20:48:58,345 - [10] - INFO  - Center.Server.CenterServer - Scan Consortiaboss complete!
2026-09-05 20:48:58,347 - [23] - INFO  - Center.Server.CenterServer - Scan WorldEvent complete!
2026-09-05 20:48:58,347 - [6] - INFO  - Center.Server.CenterServer - Saving Record complete!
2026-09-05 20:48:58,349 - [16] - INFO  - Center.Server.CenterServer - Saving database complete!
2026-09-05 20:48:58,349 - [16] - INFO  - Center.Server.CenterServer - Saved all databases 0ms
2026-09-05 20:48:58,352 - [27] - INFO  - Center.Server.CenterServer - Scan Consortia complete!
2026-09-05 20:49:58,180 - [9] - INFO  - Center.Server.CenterServer - System Notice ...
2026-09-05 20:49:58,180 - [9] - INFO  - Center.Server.CenterServer - System Notice complete!
2026-09-05 20:49:58,351 - [9] - INFO  - Center.Server.CenterServer - Scan Consortiaboss...
2026-09-05 20:49:58,357 - [15] - INFO  - Center.Server.CenterServer - Scan  WorldEvent ...
2026-09-05 20:49:58,357 - [22] - INFO  - Center.Server.CenterServer - Saving Record...
2026-09-05 20:49:58,359 - [21] - INFO  - Center.Server.CenterServer - Saving database...
2026-09-05 20:49:58,357 - [12] - INFO  - Center.Server.CenterServer - Saving Record...
2026-09-05 20:49:58,371 - [15] - INFO  - Center.Server.CenterServer - Scan WorldEvent complete!
2026-09-05 20:49:58,378 - [9] - INFO  - Center.Server.CenterServer - Scan Consortiaboss award complete!
2026-09-05 20:49:58,378 - [9] - INFO  - Center.Server.CenterServer - Scan Consortiaboss complete!
2026-09-05 20:49:58,378 - [22] - INFO  - Center.Server.CenterServer - Saving Record complete!
2026-09-05 20:49:58,380 - [21] - INFO  - Center.Server.CenterServer - Saving database complete!
2026-09-05 20:49:58,380 - [21] - INFO  - Center.Server.CenterServer - Saved all databases 15ms
2026-09-05 20:49:58,384 - [12] - INFO  - Center.Server.CenterServer - Scan Consortia complete!
2026-09-05 20:50:58,355 - [16] - INFO  - Center.Server.CenterServer - Scan Consortiaboss...
2026-09-05 20:50:58,355 - [16] - INFO  - Center.Server.CenterServer - Scan Consortiaboss complete!
2026-09-05 20:50:58,355 - [22] - INFO  - Center.Server.CenterServer - Saving Record...
2026-09-05 20:50:58,355 - [15] - INFO  - Center.Server.CenterServer - Saving Record...
2026-09-05 20:50:58,355 - [12] - INFO  - Center.Server.CenterServer - Saving database...
2026-09-05 20:50:58,355 - [21] - INFO  - Center.Server.CenterServer - Scan  WorldEvent ...
2026-09-05 20:50:58,357 - [15] - INFO  - Center.Server.CenterServer - Saving Record complete!
2026-09-05 20:50:58,358 - [21] - INFO  - Center.Server.CenterServer - Scan WorldEvent complete!
2026-09-05 20:50:58,360 - [12] - INFO  - Center.Server.CenterServer - Saving database complete!
2026-09-05 20:50:58,360 - [12] - INFO  - Center.Server.CenterServer - Saved all databases 0ms
2026-09-05 20:50:58,364 - [22] - INFO  - Center.Server.CenterServer - Scan Consortia complete!
2026-09-05 20:51:58,193 - [18] - INFO  - Center.Server.CenterServer - System Notice ...
2026-09-05 20:51:58,193 - [18] - INFO  - Center.Server.CenterServer - System Notice complete!
2026-09-05 20:51:58,364 - [18] - INFO  - Center.Server.CenterServer - Scan Consortiaboss...
2026-09-05 20:51:58,364 - [18] - INFO  - Center.Server.CenterServer - Scan Consortiaboss complete!
2026-09-05 20:51:58,364 - [7] - INFO  - Center.Server.CenterServer - Scan  WorldEvent ...
2026-09-05 20:51:58,364 - [18] - INFO  - Center.Server.CenterServer - Saving Record...
2026-09-05 20:51:58,364 - [23] - INFO  - Center.Server.CenterServer - Saving Record...
2026-09-05 20:51:58,364 - [7] - INFO  - Center.Server.CenterServer - Scan WorldEvent complete!
2026-09-05 20:51:58,364 - [23] - INFO  - Center.Server.CenterServer - Saving Record complete!
2026-09-05 20:51:58,364 - [7] - INFO  - Center.Server.CenterServer - Saving database...
2026-09-05 20:51:58,367 - [7] - INFO  - Center.Server.CenterServer - Saving database complete!
2026-09-05 20:51:58,368 - [7] - INFO  - Center.Server.CenterServer - Saved all databases 0ms
2026-09-05 20:51:58,373 - [18] - INFO  - Center.Server.CenterServer - Scan Consortia complete!
2026-09-05 20:52:58,369 - [23] - INFO  - Center.Server.CenterServer - Scan Consortiaboss...
2026-09-05 20:52:58,369 - [23] - INFO  - Center.Server.CenterServer - Scan Consortiaboss complete!
2026-09-05 20:52:58,369 - [23] - INFO  - Center.Server.CenterServer - Scan  WorldEvent ...
2026-09-05 20:52:58,369 - [23] - INFO  - Center.Server.CenterServer - Scan WorldEvent complete!
2026-09-05 20:52:58,369 - [22] - INFO  - Center.Server.CenterServer - Saving Record...
2026-09-05 20:52:58,369 - [23] - INFO  - Center.Server.CenterServer - Saving Record...
2026-09-05 20:52:58,369 - [9] - INFO  - Center.Server.CenterServer - Saving database...
2026-09-05 20:52:58,369 - [23] - INFO  - Center.Server.CenterServer - Saving Record complete!
2026-09-05 20:52:58,372 - [9] - INFO  - Center.Server.CenterServer - Saving database complete!
2026-09-05 20:52:58,372 - [9] - INFO  - Center.Server.CenterServer - Saved all databases 0ms
2026-09-05 20:52:58,375 - [22] - INFO  - Center.Server.CenterServer - Scan Consortia complete!
2026-09-05 20:53:58,197 - [18] - INFO  - Center.Server.CenterServer - System Notice ...
2026-09-05 20:53:58,197 - [18] - INFO  - Center.Server.CenterServer - System Notice complete!
2026-09-05 20:53:58,397 - [18] - INFO  - Center.Server.CenterServer - Scan Consortiaboss...
2026-09-05 20:53:58,397 - [18] - INFO  - Center.Server.CenterServer - Scan Consortiaboss complete!
2026-09-05 20:53:58,397 - [7] - INFO  - Center.Server.CenterServer - Scan  WorldEvent ...
2026-09-05 20:53:58,397 - [18] - INFO  - Center.Server.CenterServer - Saving Record...
2026-09-05 20:53:58,397 - [7] - INFO  - Center.Server.CenterServer - Scan WorldEvent complete!
2026-09-05 20:53:58,397 - [27] - INFO  - Center.Server.CenterServer - Saving database...
2026-09-05 20:53:58,397 - [15] - INFO  - Center.Server.CenterServer - Saving Record...
2026-09-05 20:53:58,397 - [15] - INFO  - Center.Server.CenterServer - Saving Record complete!
2026-09-05 20:53:58,401 - [27] - INFO  - Center.Server.CenterServer - Saving database complete!
2026-09-05 20:53:58,401 - [27] - INFO  - Center.Server.CenterServer - Saved all databases 16ms
2026-09-05 20:53:58,406 - [18] - INFO  - Center.Server.CenterServer - Scan Consortia complete!
2026-09-05 20:54:58,402 - [21] - INFO  - Center.Server.CenterServer - Scan Consortiaboss...
2026-09-05 20:54:58,402 - [22] - INFO  - Center.Server.CenterServer - Scan  WorldEvent ...
2026-09-05 20:54:58,402 - [21] - INFO  - Center.Server.CenterServer - Scan Consortiaboss complete!
2026-09-05 20:54:58,402 - [22] - INFO  - Center.Server.CenterServer - Scan WorldEvent complete!
2026-09-05 20:54:58,402 - [23] - INFO  - Center.Server.CenterServer - Saving Record...
2026-09-05 20:54:58,402 - [9] - INFO  - Center.Server.CenterServer - Saving Record...
2026-09-05 20:54:58,402 - [23] - INFO  - Center.Server.CenterServer - Saving Record complete!
2026-09-05 20:54:58,402 - [22] - INFO  - Center.Server.CenterServer - Saving database...
2026-09-05 20:54:58,406 - [22] - INFO  - Center.Server.CenterServer - Saving database complete!
2026-09-05 20:54:58,406 - [22] - INFO  - Center.Server.CenterServer - Saved all databases 0ms
2026-09-05 20:54:58,412 - [9] - INFO  - Center.Server.CenterServer - Scan Consortia complete!
2026-09-05 20:55:58,211 - [27] - INFO  - Center.Server.CenterServer - System Notice ...
2026-09-05 20:55:58,211 - [27] - INFO  - Center.Server.CenterServer - System Notice complete!
2026-09-05 20:55:58,412 - [27] - INFO  - Center.Server.CenterServer - Scan Consortiaboss...
2026-09-05 20:55:58,412 - [27] - INFO  - Center.Server.CenterServer - Scan Consortiaboss award complete!
2026-09-05 20:55:58,412 - [27] - INFO  - Center.Server.CenterServer - Scan Consortiaboss complete!
2026-09-05 20:55:58,412 - [22] - INFO  - Center.Server.CenterServer - Scan  WorldEvent ...
2026-09-05 20:55:58,412 - [27] - INFO  - Center.Server.CenterServer - Saving Record...
2026-09-05 20:55:58,412 - [23] - INFO  - Center.Server.CenterServer - Saving Record...
2026-09-05 20:55:58,412 - [22] - INFO  - Center.Server.CenterServer - Scan WorldEvent complete!
2026-09-05 20:55:58,412 - [22] - INFO  - Center.Server.CenterServer - Saving database...
2026-09-05 20:55:58,412 - [27] - INFO  - Center.Server.CenterServer - Saving Record complete!
2026-09-05 20:55:58,418 - [22] - INFO  - Center.Server.CenterServer - Saving database complete!
2026-09-05 20:55:58,418 - [22] - INFO  - Center.Server.CenterServer - Saved all databases 15ms
2026-09-05 20:55:58,422 - [23] - INFO  - Center.Server.CenterServer - Scan Consortia complete!
2026-09-05 20:56:58,426 - [19] - INFO  - Center.Server.CenterServer - Scan Consortiaboss...
2026-09-05 20:56:58,426 - [16] - INFO  - Center.Server.CenterServer - Scan  WorldEvent ...
2026-09-05 20:56:58,426 - [22] - INFO  - Center.Server.CenterServer - Saving Record...
2026-09-05 20:56:58,426 - [21] - INFO  - Center.Server.CenterServer - Saving Record...
2026-09-05 20:56:58,426 - [19] - INFO  - Center.Server.CenterServer - Scan Consortiaboss complete!
2026-09-05 20:56:58,426 - [21] - INFO  - Center.Server.CenterServer - Saving Record complete!
2026-09-05 20:56:58,426 - [27] - INFO  - Center.Server.CenterServer - Saving database...
2026-09-05 20:56:58,426 - [16] - INFO  - Center.Server.CenterServer - Scan WorldEvent complete!
2026-09-05 20:56:58,431 - [27] - INFO  - Center.Server.CenterServer - Saving database complete!
2026-09-05 20:56:58,431 - [27] - INFO  - Center.Server.CenterServer - Saved all databases 16ms
2026-09-05 20:56:58,434 - [22] - INFO  - Center.Server.CenterServer - Scan Consortia complete!
2026-09-05 20:57:58,219 - [18] - INFO  - Center.Server.CenterServer - System Notice ...
2026-09-05 20:57:58,219 - [18] - INFO  - Center.Server.CenterServer - System Notice complete!
2026-09-05 20:57:58,437 - [18] - INFO  - Center.Server.CenterServer - Scan Consortiaboss...
2026-09-05 20:57:58,437 - [18] - INFO  - Center.Server.CenterServer - Scan Consortiaboss complete!
2026-09-05 20:57:58,437 - [18] - INFO  - Center.Server.CenterServer - Scan  WorldEvent ...
2026-09-05 20:57:58,437 - [18] - INFO  - Center.Server.CenterServer - Scan WorldEvent complete!
2026-09-05 20:57:58,438 - [18] - INFO  - Center.Server.CenterServer - Saving Record...
2026-09-05 20:57:58,438 - [22] - INFO  - Center.Server.CenterServer - Saving Record...
2026-09-05 20:57:58,438 - [7] - INFO  - Center.Server.CenterServer - Saving database...
2026-09-05 20:57:58,438 - [22] - INFO  - Center.Server.CenterServer - Saving Record complete!
2026-09-05 20:57:58,442 - [7] - INFO  - Center.Server.CenterServer - Saving database complete!
2026-09-05 20:57:58,442 - [7] - INFO  - Center.Server.CenterServer - Saved all databases 0ms
2026-09-05 20:57:58,448 - [18] - INFO  - Center.Server.CenterServer - Scan Consortia complete!
2026-09-05 20:58:58,461 - [15] - INFO  - Center.Server.CenterServer - Scan Consortiaboss...
2026-09-05 20:58:58,461 - [15] - INFO  - Center.Server.CenterServer - Scan Consortiaboss complete!
2026-09-05 20:58:58,461 - [6] - INFO  - Center.Server.CenterServer - Saving Record...
2026-09-05 20:58:58,461 - [24] - INFO  - Center.Server.CenterServer - Scan  WorldEvent ...
2026-09-05 20:58:58,461 - [24] - INFO  - Center.Server.CenterServer - Scan WorldEvent complete!
2026-09-05 20:58:58,461 - [19] - INFO  - Center.Server.CenterServer - Saving database...
2026-09-05 20:58:58,461 - [16] - INFO  - Center.Server.CenterServer - Saving Record...
2026-09-05 20:58:58,461 - [16] - INFO  - Center.Server.CenterServer - Saving Record complete!
2026-09-05 20:58:58,465 - [19] - INFO  - Center.Server.CenterServer - Saving database complete!
2026-09-05 20:58:58,465 - [19] - INFO  - Center.Server.CenterServer - Saved all databases 15ms
2026-09-05 20:58:58,471 - [6] - INFO  - Center.Server.CenterServer - Scan Consortia complete!
2026-09-05 20:59:58,241 - [7] - INFO  - Center.Server.CenterServer - System Notice ...
2026-09-05 20:59:58,241 - [7] - INFO  - Center.Server.CenterServer - System Notice complete!
2026-09-05 20:59:58,474 - [7] - INFO  - Center.Server.CenterServer - Scan Consortiaboss...
2026-09-05 20:59:58,474 - [7] - INFO  - Center.Server.CenterServer - Scan Consortiaboss complete!
2026-09-05 20:59:58,474 - [22] - INFO  - Center.Server.CenterServer - Scan  WorldEvent ...
2026-09-05 20:59:58,474 - [7] - INFO  - Center.Server.CenterServer - Saving Record...
2026-09-05 20:59:58,474 - [22] - INFO  - Center.Server.CenterServer - Scan WorldEvent complete!
2026-09-05 20:59:58,474 - [27] - INFO  - Center.Server.CenterServer - Saving database...
2026-09-05 20:59:58,474 - [18] - INFO  - Center.Server.CenterServer - Saving Record...
2026-09-05 20:59:58,476 - [18] - INFO  - Center.Server.CenterServer - Saving Record complete!
2026-09-05 20:59:58,479 - [27] - INFO  - Center.Server.CenterServer - Saving database complete!
2026-09-05 20:59:58,479 - [27] - INFO  - Center.Server.CenterServer - Saved all databases 16ms
2026-09-05 20:59:58,485 - [7] - INFO  - Center.Server.CenterServer - Scan Consortia complete!
2026-09-05 21:00:58,492 - [27] - INFO  - Center.Server.CenterServer - Scan Consortiaboss...
2026-09-05 21:00:58,492 - [19] - INFO  - Center.Server.CenterServer - Scan  WorldEvent ...
2026-09-05 21:00:58,492 - [18] - INFO  - Center.Server.CenterServer - Saving Record...
2026-09-05 21:00:58,492 - [27] - INFO  - Center.Server.CenterServer - Scan Consortiaboss complete!
2026-09-05 21:00:58,492 - [19] - INFO  - Center.Server.CenterServer - Scan WorldEvent complete!
2026-09-05 21:00:58,492 - [22] - INFO  - Center.Server.CenterServer - Saving Record...
2026-09-05 21:00:58,492 - [22] - INFO  - Center.Server.CenterServer - Saving Record complete!
2026-09-05 21:00:58,492 - [7] - INFO  - Center.Server.CenterServer - Saving database...
2026-09-05 21:00:58,494 - [7] - INFO  - Center.Server.CenterServer - Saving database complete!
2026-09-05 21:00:58,494 - [7] - INFO  - Center.Server.CenterServer - Saved all databases 15ms
2026-09-05 21:00:58,503 - [18] - INFO  - Center.Server.CenterServer - Scan Consortia complete!
2026-09-05 21:01:58,244 - [6] - INFO  - Center.Server.CenterServer - System Notice ...
2026-09-05 21:01:58,244 - [6] - INFO  - Center.Server.CenterServer - System Notice complete!
2026-09-05 21:01:58,494 - [27] - INFO  - Center.Server.CenterServer - Saving Record...
2026-09-05 21:01:58,494 - [6] - INFO  - Center.Server.CenterServer - Scan  WorldEvent ...
2026-09-05 21:01:58,494 - [6] - INFO  - Center.Server.CenterServer - Scan WorldEvent complete!
2026-09-05 21:01:58,494 - [12] - INFO  - Center.Server.CenterServer - Scan Consortiaboss...
2026-09-05 21:01:58,494 - [6] - INFO  - Center.Server.CenterServer - Saving Record...
2026-09-05 21:01:58,494 - [6] - INFO  - Center.Server.CenterServer - Saving Record complete!
2026-09-05 21:01:58,494 - [24] - INFO  - Center.Server.CenterServer - Saving database...
2026-09-05 21:01:58,494 - [12] - INFO  - Center.Server.CenterServer - Scan Consortiaboss award complete!
2026-09-05 21:01:58,494 - [12] - INFO  - Center.Server.CenterServer - Scan Consortiaboss complete!
2026-09-05 21:01:58,498 - [24] - INFO  - Center.Server.CenterServer - Saving database complete!
2026-09-05 21:01:58,498 - [24] - INFO  - Center.Server.CenterServer - Saved all databases 0ms
2026-09-05 21:01:58,503 - [27] - INFO  - Center.Server.CenterServer - Scan Consortia complete!
2026-09-05 21:02:58,499 - [24] - INFO  - Center.Server.CenterServer - Scan Consortiaboss...
2026-09-05 21:02:58,499 - [24] - INFO  - Center.Server.CenterServer - Scan Consortiaboss complete!
2026-09-05 21:02:58,499 - [12] - INFO  - Center.Server.CenterServer - Scan  WorldEvent ...
2026-09-05 21:02:58,499 - [12] - INFO  - Center.Server.CenterServer - Scan WorldEvent complete!
2026-09-05 21:02:58,499 - [10] - INFO  - Center.Server.CenterServer - Saving database...
2026-09-05 21:02:58,499 - [24] - INFO  - Center.Server.CenterServer - Saving Record...
2026-09-05 21:02:58,499 - [27] - INFO  - Center.Server.CenterServer - Saving Record...
2026-09-05 21:02:58,500 - [27] - INFO  - Center.Server.CenterServer - Saving Record complete!
2026-09-05 21:02:58,504 - [10] - INFO  - Center.Server.CenterServer - Saving database complete!
2026-09-05 21:02:58,504 - [10] - INFO  - Center.Server.CenterServer - Saved all databases 0ms
2026-09-05 21:02:58,513 - [24] - INFO  - Center.Server.CenterServer - Scan Consortia complete!
2026-09-05 21:03:58,250 - [9] - INFO  - Center.Server.CenterServer - System Notice ...
2026-09-05 21:03:58,251 - [9] - INFO  - Center.Server.CenterServer - System Notice complete!
2026-09-05 21:03:58,501 - [9] - INFO  - Center.Server.CenterServer - Scan Consortiaboss...
2026-09-05 21:03:58,501 - [9] - INFO  - Center.Server.CenterServer - Scan Consortiaboss complete!
2026-09-05 21:03:58,501 - [9] - INFO  - Center.Server.CenterServer - Saving Record...
2026-09-05 21:03:58,501 - [22] - INFO  - Center.Server.CenterServer - Scan  WorldEvent ...
2026-09-05 21:03:58,501 - [3] - INFO  - Center.Server.CenterServer - Saving database...
2026-09-05 21:03:58,501 - [22] - INFO  - Center.Server.CenterServer - Scan WorldEvent complete!
2026-09-05 21:03:58,501 - [6] - INFO  - Center.Server.CenterServer - Saving Record...
2026-09-05 21:03:58,501 - [6] - INFO  - Center.Server.CenterServer - Saving Record complete!
2026-09-05 21:03:58,505 - [3] - INFO  - Center.Server.CenterServer - Saving database complete!
2026-09-05 21:03:58,505 - [3] - INFO  - Center.Server.CenterServer - Saved all databases 0ms
2026-09-05 21:03:58,511 - [9] - INFO  - Center.Server.CenterServer - Scan Consortia complete!
2026-09-05 21:04:58,511 - [10] - INFO  - Center.Server.CenterServer - Scan Consortiaboss...
2026-09-05 21:04:58,511 - [12] - INFO  - Center.Server.CenterServer - Saving Record...
2026-09-05 21:04:58,511 - [19] - INFO  - Center.Server.CenterServer - Scan  WorldEvent ...
2026-09-05 21:04:58,511 - [19] - INFO  - Center.Server.CenterServer - Scan WorldEvent complete!
2026-09-05 21:04:58,511 - [19] - INFO  - Center.Server.CenterServer - Saving Record...
2026-09-05 21:04:58,511 - [19] - INFO  - Center.Server.CenterServer - Saving Record complete!
2026-09-05 21:04:58,511 - [19] - INFO  - Center.Server.CenterServer - Saving database...
2026-09-05 21:04:58,512 - [10] - INFO  - Center.Server.CenterServer - Scan Consortiaboss complete!
2026-09-05 21:04:58,517 - [19] - INFO  - Center.Server.CenterServer - Saving database complete!
2026-09-05 21:04:58,517 - [19] - INFO  - Center.Server.CenterServer - Saved all databases 0ms
2026-09-05 21:04:58,526 - [12] - INFO  - Center.Server.CenterServer - Scan Consortia complete!
2026-09-05 21:05:58,265 - [24] - INFO  - Center.Server.CenterServer - System Notice ...
2026-09-05 21:05:58,265 - [24] - INFO  - Center.Server.CenterServer - System Notice complete!
2026-09-05 21:05:58,514 - [24] - INFO  - Center.Server.CenterServer - Scan Consortiaboss...
2026-09-05 21:05:58,514 - [24] - INFO  - Center.Server.CenterServer - Scan Consortiaboss complete!
2026-09-05 21:05:58,514 - [19] - INFO  - Center.Server.CenterServer - Saving Record...
2026-09-05 21:05:58,514 - [9] - INFO  - Center.Server.CenterServer - Saving Record...
2026-09-05 21:05:58,514 - [9] - INFO  - Center.Server.CenterServer - Saving Record complete!
2026-09-05 21:05:58,514 - [15] - INFO  - Center.Server.CenterServer - Saving database...
2026-09-05 21:05:58,515 - [24] - INFO  - Center.Server.CenterServer - Scan  WorldEvent ...
2026-09-05 21:05:58,515 - [24] - INFO  - Center.Server.CenterServer - Scan WorldEvent complete!
2026-09-05 21:05:58,517 - [15] - INFO  - Center.Server.CenterServer - Saving database complete!
2026-09-05 21:05:58,517 - [15] - INFO  - Center.Server.CenterServer - Saved all databases 0ms
2026-09-05 21:05:58,524 - [19] - INFO  - Center.Server.CenterServer - Scan Consortia complete!
2026-09-05 21:06:58,529 - [18] - INFO  - Center.Server.CenterServer - Scan Consortiaboss...
2026-09-05 21:06:58,529 - [15] - INFO  - Center.Server.CenterServer - Scan  WorldEvent ...
2026-09-05 21:06:58,529 - [18] - INFO  - Center.Server.CenterServer - Scan Consortiaboss complete!
2026-09-05 21:06:58,530 - [19] - INFO  - Center.Server.CenterServer - Saving database...
2026-09-05 21:06:58,529 - [15] - INFO  - Center.Server.CenterServer - Scan WorldEvent complete!
2026-09-05 21:06:58,530 - [10] - INFO  - Center.Server.CenterServer - Saving Record...
2026-09-05 21:06:58,530 - [10] - INFO  - Center.Server.CenterServer - Saving Record complete!
2026-09-05 21:06:58,529 - [9] - INFO  - Center.Server.CenterServer - Saving Record...
2026-09-05 21:06:58,537 - [19] - INFO  - Center.Server.CenterServer - Saving database complete!
2026-09-05 21:06:58,537 - [19] - INFO  - Center.Server.CenterServer - Saved all databases 0ms
2026-09-05 21:06:58,542 - [9] - INFO  - Center.Server.CenterServer - Scan Consortia complete!
2026-09-05 21:07:58,001 - [24] - INFO  - Center.Server.CenterServer - Saving Record...
2026-09-05 21:07:58,037 - [24] - INFO  - Center.Server.CenterServer - Scan Auction complete!
2026-09-05 21:07:58,265 - [19] - INFO  - Center.Server.CenterServer - System Notice ...
2026-09-05 21:07:58,265 - [19] - INFO  - Center.Server.CenterServer - System Notice complete!
2026-09-05 21:07:58,531 - [24] - INFO  - Center.Server.CenterServer - Scan Consortiaboss...
2026-09-05 21:07:58,531 - [19] - INFO  - Center.Server.CenterServer - Scan  WorldEvent ...
2026-09-05 21:07:58,531 - [19] - INFO  - Center.Server.CenterServer - Scan WorldEvent complete!
2026-09-05 21:07:58,531 - [19] - INFO  - Center.Server.CenterServer - Saving Record...
2026-09-05 21:07:58,531 - [9] - INFO  - Center.Server.CenterServer - Saving Record...
2026-09-05 21:07:58,531 - [24] - INFO  - Center.Server.CenterServer - Scan Consortiaboss award complete!
2026-09-05 21:07:58,531 - [15] - INFO  - Center.Server.CenterServer - Saving database...
2026-09-05 21:07:58,531 - [9] - INFO  - Center.Server.CenterServer - Saving Record complete!
2026-09-05 21:07:58,531 - [24] - INFO  - Center.Server.CenterServer - Scan Consortiaboss complete!
2026-09-05 21:07:58,534 - [15] - INFO  - Center.Server.CenterServer - Saving database complete!
2026-09-05 21:07:58,534 - [15] - INFO  - Center.Server.CenterServer - Saved all databases 0ms
2026-09-05 21:07:58,540 - [19] - INFO  - Center.Server.CenterServer - Scan Consortia complete!
2026-09-05 21:08:58,536 - [7] - INFO  - Center.Server.CenterServer - Scan Consortiaboss...
2026-09-05 21:08:58,536 - [22] - INFO  - Center.Server.CenterServer - Scan  WorldEvent ...
2026-09-05 21:08:58,536 - [7] - INFO  - Center.Server.CenterServer - Scan Consortiaboss complete!
2026-09-05 21:08:58,536 - [16] - INFO  - Center.Server.CenterServer - Saving database...
2026-09-05 21:08:58,536 - [22] - INFO  - Center.Server.CenterServer - Scan WorldEvent complete!
2026-09-05 21:08:58,536 - [18] - INFO  - Center.Server.CenterServer - Saving Record...
2026-09-05 21:08:58,536 - [11] - INFO  - Center.Server.CenterServer - Saving Record...
2026-09-05 21:08:58,537 - [11] - INFO  - Center.Server.CenterServer - Saving Record complete!
2026-09-05 21:08:58,540 - [16] - INFO  - Center.Server.CenterServer - Saving database complete!
2026-09-05 21:08:58,540 - [16] - INFO  - Center.Server.CenterServer - Saved all databases 15ms
2026-09-05 21:08:58,544 - [18] - INFO  - Center.Server.CenterServer - Scan Consortia complete!
2026-09-05 21:09:58,272 - [27] - INFO  - Center.Server.CenterServer - System Notice ...
2026-09-05 21:09:58,272 - [27] - INFO  - Center.Server.CenterServer - System Notice complete!
2026-09-05 21:09:58,537 - [27] - INFO  - Center.Server.CenterServer - Scan Consortiaboss...
2026-09-05 21:09:58,537 - [27] - INFO  - Center.Server.CenterServer - Scan Consortiaboss complete!
2026-09-05 21:09:58,537 - [27] - INFO  - Center.Server.CenterServer - Scan  WorldEvent ...
2026-09-05 21:09:58,537 - [27] - INFO  - Center.Server.CenterServer - Scan WorldEvent complete!
2026-09-05 21:09:58,537 - [9] - INFO  - Center.Server.CenterServer - Saving Record...
2026-09-05 21:09:58,537 - [15] - INFO  - Center.Server.CenterServer - Saving Record...
2026-09-05 21:09:58,537 - [15] - INFO  - Center.Server.CenterServer - Saving Record complete!
2026-09-05 21:09:58,537 - [10] - INFO  - Center.Server.CenterServer - Saving database...
2026-09-05 21:09:58,541 - [10] - INFO  - Center.Server.CenterServer - Saving database complete!
2026-09-05 21:09:58,541 - [10] - INFO  - Center.Server.CenterServer - Saved all databases 15ms
2026-09-05 21:09:58,547 - [9] - INFO  - Center.Server.CenterServer - Scan Consortia complete!
2026-09-05 21:10:58,546 - [19] - INFO  - Center.Server.CenterServer - Scan Consortiaboss...
2026-09-05 21:10:58,546 - [10] - INFO  - Center.Server.CenterServer - Scan  WorldEvent ...
2026-09-05 21:10:58,546 - [27] - INFO  - Center.Server.CenterServer - Saving Record...
2026-09-05 21:10:58,546 - [10] - INFO  - Center.Server.CenterServer - Scan WorldEvent complete!
2026-09-05 21:10:58,546 - [22] - INFO  - Center.Server.CenterServer - Saving database...
2026-09-05 21:10:58,546 - [27] - INFO  - Center.Server.CenterServer - Saving Record complete!
2026-09-05 21:10:58,546 - [15] - INFO  - Center.Server.CenterServer - Saving Record...
2026-09-05 21:10:58,546 - [19] - INFO  - Center.Server.CenterServer - Scan Consortiaboss complete!
2026-09-05 21:10:58,549 - [22] - INFO  - Center.Server.CenterServer - Saving database complete!
2026-09-05 21:10:58,549 - [22] - INFO  - Center.Server.CenterServer - Saved all databases 0ms
2026-09-05 21:10:58,555 - [15] - INFO  - Center.Server.CenterServer - Scan Consortia complete!
2026-09-05 21:11:58,283 - [16] - INFO  - Center.Server.CenterServer - System Notice ...
2026-09-05 21:11:58,283 - [16] - INFO  - Center.Server.CenterServer - System Notice complete!
2026-09-05 21:11:58,547 - [16] - INFO  - Center.Server.CenterServer - Scan Consortiaboss...
2026-09-05 21:11:58,547 - [16] - INFO  - Center.Server.CenterServer - Scan Consortiaboss complete!
2026-09-05 21:11:58,547 - [16] - INFO  - Center.Server.CenterServer - Scan  WorldEvent ...
2026-09-05 21:11:58,547 - [16] - INFO  - Center.Server.CenterServer - Scan WorldEvent complete!
2026-09-05 21:11:58,547 - [22] - INFO  - Center.Server.CenterServer - Saving Record...
2026-09-05 21:11:58,547 - [16] - INFO  - Center.Server.CenterServer - Saving Record...
2026-09-05 21:11:58,547 - [27] - INFO  - Center.Server.CenterServer - Saving database...
2026-09-05 21:11:58,547 - [16] - INFO  - Center.Server.CenterServer - Saving Record complete!
2026-09-05 21:11:58,551 - [27] - INFO  - Center.Server.CenterServer - Saving database complete!
2026-09-05 21:11:58,551 - [27] - INFO  - Center.Server.CenterServer - Saved all databases 0ms
2026-09-05 21:11:58,557 - [22] - INFO  - Center.Server.CenterServer - Scan Consortia complete!
2026-09-05 21:12:58,560 - [15] - INFO  - Center.Server.CenterServer - Scan Consortiaboss...
2026-09-05 21:12:58,560 - [15] - INFO  - Center.Server.CenterServer - Scan Consortiaboss complete!
2026-09-05 21:12:58,560 - [15] - INFO  - Center.Server.CenterServer - Scan  WorldEvent ...
2026-09-05 21:12:58,560 - [15] - INFO  - Center.Server.CenterServer - Scan WorldEvent complete!
2026-09-05 21:12:58,560 - [27] - INFO  - Center.Server.CenterServer - Saving Record...
2026-09-05 21:12:58,560 - [16] - INFO  - Center.Server.CenterServer - Saving database...
2026-09-05 21:12:58,560 - [22] - INFO  - Center.Server.CenterServer - Saving Record...
2026-09-05 21:12:58,560 - [22] - INFO  - Center.Server.CenterServer - Saving Record complete!
2026-09-05 21:12:58,562 - [16] - INFO  - Center.Server.CenterServer - Saving database complete!
2026-09-05 21:12:58,562 - [16] - INFO  - Center.Server.CenterServer - Saved all databases 0ms
2026-09-05 21:12:58,568 - [27] - INFO  - Center.Server.CenterServer - Scan Consortia complete!
2026-09-05 21:13:58,304 - [19] - INFO  - Center.Server.CenterServer - System Notice ...
2026-09-05 21:13:58,304 - [19] - INFO  - Center.Server.CenterServer - System Notice complete!
2026-09-05 21:13:58,568 - [19] - INFO  - Center.Server.CenterServer - Scan Consortiaboss...
2026-09-05 21:13:58,568 - [7] - INFO  - Center.Server.CenterServer - Scan  WorldEvent ...
2026-09-05 21:13:58,568 - [24] - INFO  - Center.Server.CenterServer - Saving Record...
2026-09-05 21:13:58,568 - [19] - INFO  - Center.Server.CenterServer - Scan Consortiaboss award complete!
2026-09-05 21:13:58,568 - [12] - INFO  - Center.Server.CenterServer - Saving Record...
2026-09-05 21:13:58,568 - [20] - INFO  - Center.Server.CenterServer - Saving database...
2026-09-05 21:13:58,568 - [19] - INFO  - Center.Server.CenterServer - Scan Consortiaboss complete!
2026-09-05 21:13:58,568 - [12] - INFO  - Center.Server.CenterServer - Saving Record complete!
2026-09-05 21:13:58,568 - [7] - INFO  - Center.Server.CenterServer - Scan WorldEvent complete!
2026-09-05 21:13:58,571 - [20] - INFO  - Center.Server.CenterServer - Saving database complete!
2026-09-05 21:13:58,571 - [20] - INFO  - Center.Server.CenterServer - Saved all databases 16ms
2026-09-05 21:13:58,576 - [24] - INFO  - Center.Server.CenterServer - Scan Consortia complete!
2026-09-05 21:14:58,580 - [16] - INFO  - Center.Server.CenterServer - Scan Consortiaboss...
2026-09-05 21:14:58,580 - [16] - INFO  - Center.Server.CenterServer - Scan Consortiaboss complete!
2026-09-05 21:14:58,580 - [22] - INFO  - Center.Server.CenterServer - Scan  WorldEvent ...
2026-09-05 21:14:58,580 - [22] - INFO  - Center.Server.CenterServer - Scan WorldEvent complete!
2026-09-05 21:14:58,580 - [16] - INFO  - Center.Server.CenterServer - Saving database...
2026-09-05 21:14:58,580 - [27] - INFO  - Center.Server.CenterServer - Saving Record...
2026-09-05 21:14:58,580 - [27] - INFO  - Center.Server.CenterServer - Saving Record complete!
2026-09-05 21:14:58,580 - [15] - INFO  - Center.Server.CenterServer - Saving Record...
2026-09-05 21:14:58,583 - [16] - INFO  - Center.Server.CenterServer - Saving database complete!
2026-09-05 21:14:58,583 - [16] - INFO  - Center.Server.CenterServer - Saved all databases 0ms
2026-09-05 21:14:58,593 - [15] - INFO  - Center.Server.CenterServer - Scan Consortia complete!
2026-09-05 21:15:58,320 - [20] - INFO  - Center.Server.CenterServer - System Notice ...
2026-09-05 21:15:58,320 - [20] - INFO  - Center.Server.CenterServer - System Notice complete!
2026-09-05 21:15:58,583 - [20] - INFO  - Center.Server.CenterServer - Scan Consortiaboss...
2026-09-05 21:15:58,583 - [15] - INFO  - Center.Server.CenterServer - Scan  WorldEvent ...
2026-09-05 21:15:58,583 - [20] - INFO  - Center.Server.CenterServer - Scan Consortiaboss complete!
2026-09-05 21:15:58,583 - [15] - INFO  - Center.Server.CenterServer - Scan WorldEvent complete!
2026-09-05 21:15:58,583 - [15] - INFO  - Center.Server.CenterServer - Saving Record...
2026-09-05 21:15:58,583 - [20] - INFO  - Center.Server.CenterServer - Saving Record...
2026-09-05 21:15:58,583 - [20] - INFO  - Center.Server.CenterServer - Saving Record complete!
2026-09-05 21:15:58,583 - [27] - INFO  - Center.Server.CenterServer - Saving database...
2026-09-05 21:15:58,585 - [27] - INFO  - Center.Server.CenterServer - Saving database complete!
2026-09-05 21:15:58,586 - [27] - INFO  - Center.Server.CenterServer - Saved all databases 0ms
2026-09-05 21:15:58,592 - [15] - INFO  - Center.Server.CenterServer - Scan Consortia complete!
2026-09-05 21:16:58,601 - [3] - INFO  - Center.Server.CenterServer - Scan Consortiaboss...
2026-09-05 21:16:58,601 - [22] - INFO  - Center.Server.CenterServer - Saving Record...
2026-09-05 21:16:58,601 - [15] - INFO  - Center.Server.CenterServer - Saving Record...
2026-09-05 21:16:58,601 - [3] - INFO  - Center.Server.CenterServer - Scan Consortiaboss complete!
2026-09-05 21:16:58,601 - [15] - INFO  - Center.Server.CenterServer - Saving Record complete!
2026-09-05 21:16:58,601 - [11] - INFO  - Center.Server.CenterServer - Scan  WorldEvent ...
2026-09-05 21:16:58,601 - [11] - INFO  - Center.Server.CenterServer - Scan WorldEvent complete!
2026-09-05 21:16:58,601 - [20] - INFO  - Center.Server.CenterServer - Saving database...
2026-09-05 21:16:58,605 - [20] - INFO  - Center.Server.CenterServer - Saving database complete!
2026-09-05 21:16:58,605 - [20] - INFO  - Center.Server.CenterServer - Saved all databases 16ms
2026-09-05 21:16:58,611 - [22] - INFO  - Center.Server.CenterServer - Scan Consortia complete!
2026-09-05 21:17:58,331 - [15] - INFO  - Center.Server.CenterServer - System Notice ...
2026-09-05 21:17:58,331 - [15] - INFO  - Center.Server.CenterServer - System Notice complete!
2026-09-05 21:17:58,614 - [15] - INFO  - Center.Server.CenterServer - Scan Consortiaboss...
2026-09-05 21:17:58,614 - [15] - INFO  - Center.Server.CenterServer - Scan Consortiaboss complete!
2026-09-05 21:17:58,614 - [15] - INFO  - Center.Server.CenterServer - Scan  WorldEvent ...
2026-09-05 21:17:58,614 - [15] - INFO  - Center.Server.CenterServer - Scan WorldEvent complete!
2026-09-05 21:17:58,614 - [27] - INFO  - Center.Server.CenterServer - Saving Record...
2026-09-05 21:17:58,614 - [22] - INFO  - Center.Server.CenterServer - Saving Record...
2026-09-05 21:17:58,614 - [15] - INFO  - Center.Server.CenterServer - Saving database...
2026-09-05 21:17:58,614 - [22] - INFO  - Center.Server.CenterServer - Saving Record complete!
2026-09-05 21:17:58,617 - [15] - INFO  - Center.Server.CenterServer - Saving database complete!
2026-09-05 21:17:58,617 - [15] - INFO  - Center.Server.CenterServer - Saved all databases 0ms
2026-09-05 21:17:58,624 - [27] - INFO  - Center.Server.CenterServer - Scan Consortia complete!
2026-09-05 21:18:58,626 - [10] - INFO  - Center.Server.CenterServer - Scan Consortiaboss...
2026-09-05 21:18:58,626 - [10] - INFO  - Center.Server.CenterServer - Scan Consortiaboss complete!
2026-09-05 21:18:58,626 - [16] - INFO  - Center.Server.CenterServer - Scan  WorldEvent ...
2026-09-05 21:18:58,626 - [24] - INFO  - Center.Server.CenterServer - Saving Record...
2026-09-05 21:18:58,627 - [16] - INFO  - Center.Server.CenterServer - Scan WorldEvent complete!
2026-09-05 21:18:58,626 - [11] - INFO  - Center.Server.CenterServer - Saving Record...
2026-09-05 21:18:58,627 - [11] - INFO  - Center.Server.CenterServer - Saving Record complete!
2026-09-05 21:18:58,626 - [12] - INFO  - Center.Server.CenterServer - Saving database...
2026-09-05 21:18:58,632 - [12] - INFO  - Center.Server.CenterServer - Saving database complete!
2026-09-05 21:18:58,632 - [12] - INFO  - Center.Server.CenterServer - Saved all databases 0ms
2026-09-05 21:18:58,639 - [24] - INFO  - Center.Server.CenterServer - Scan Consortia complete!
2026-09-05 21:19:58,344 - [3] - INFO  - Center.Server.CenterServer - System Notice ...
2026-09-05 21:19:58,345 - [3] - INFO  - Center.Server.CenterServer - System Notice complete!
2026-09-05 21:19:58,626 - [3] - INFO  - Center.Server.CenterServer - Scan Consortiaboss...
2026-09-05 21:19:58,627 - [11] - INFO  - Center.Server.CenterServer - Scan  WorldEvent ...
2026-09-05 21:19:58,627 - [27] - INFO  - Center.Server.CenterServer - Saving Record...
2026-09-05 21:19:58,627 - [12] - INFO  - Center.Server.CenterServer - Saving database...
2026-09-05 21:19:58,627 - [3] - INFO  - Center.Server.CenterServer - Scan Consortiaboss award complete!
2026-09-05 21:19:58,628 - [3] - INFO  - Center.Server.CenterServer - Scan Consortiaboss complete!
2026-09-05 21:19:58,627 - [11] - INFO  - Center.Server.CenterServer - Scan WorldEvent complete!
2026-09-05 21:19:58,627 - [9] - INFO  - Center.Server.CenterServer - Saving Record...
2026-09-05 21:19:58,629 - [9] - INFO  - Center.Server.CenterServer - Saving Record complete!
2026-09-05 21:19:58,632 - [12] - INFO  - Center.Server.CenterServer - Saving database complete!
2026-09-05 21:19:58,632 - [12] - INFO  - Center.Server.CenterServer - Saved all databases 0ms
2026-09-05 21:19:58,641 - [27] - INFO  - Center.Server.CenterServer - Scan Consortia complete!
2026-09-05 21:20:58,633 - [12] - INFO  - Center.Server.CenterServer - Scan Consortiaboss...
2026-09-05 21:20:58,633 - [12] - INFO  - Center.Server.CenterServer - Scan Consortiaboss complete!
2026-09-05 21:20:58,633 - [11] - INFO  - Center.Server.CenterServer - Saving Record...
2026-09-05 21:20:58,633 - [12] - INFO  - Center.Server.CenterServer - Saving Record...
2026-09-05 21:20:58,633 - [12] - INFO  - Center.Server.CenterServer - Saving Record complete!
2026-09-05 21:20:58,633 - [3] - INFO  - Center.Server.CenterServer - Saving database...
2026-09-05 21:20:58,633 - [16] - INFO  - Center.Server.CenterServer - Scan  WorldEvent ...
2026-09-05 21:20:58,633 - [16] - INFO  - Center.Server.CenterServer - Scan WorldEvent complete!
2026-09-05 21:20:58,636 - [3] - INFO  - Center.Server.CenterServer - Saving database complete!
2026-09-05 21:20:58,636 - [3] - INFO  - Center.Server.CenterServer - Saved all databases 16ms
2026-09-05 21:20:58,643 - [11] - INFO  - Center.Server.CenterServer - Scan Consortia complete!
2026-09-05 21:21:58,351 - [7] - INFO  - Center.Server.CenterServer - System Notice ...
2026-09-05 21:21:58,351 - [7] - INFO  - Center.Server.CenterServer - System Notice complete!
2026-09-05 21:21:58,648 - [7] - INFO  - Center.Server.CenterServer - Scan Consortiaboss...
2026-09-05 21:21:58,648 - [7] - INFO  - Center.Server.CenterServer - Scan Consortiaboss complete!
2026-09-05 21:21:58,648 - [7] - INFO  - Center.Server.CenterServer - Scan  WorldEvent ...
2026-09-05 21:21:58,648 - [7] - INFO  - Center.Server.CenterServer - Scan WorldEvent complete!
2026-09-05 21:21:58,648 - [22] - INFO  - Center.Server.CenterServer - Saving Record...
2026-09-05 21:21:58,648 - [3] - INFO  - Center.Server.CenterServer - Saving Record...
2026-09-05 21:21:58,648 - [7] - INFO  - Center.Server.CenterServer - Saving database...
2026-09-05 21:21:58,648 - [3] - INFO  - Center.Server.CenterServer - Saving Record complete!
2026-09-05 21:21:58,650 - [7] - INFO  - Center.Server.CenterServer - Saving database complete!
2026-09-05 21:21:58,650 - [7] - INFO  - Center.Server.CenterServer - Saved all databases 16ms
2026-09-05 21:21:58,656 - [22] - INFO  - Center.Server.CenterServer - Scan Consortia complete!
2026-09-05 21:22:58,649 - [11] - INFO  - Center.Server.CenterServer - Scan Consortiaboss...
2026-09-05 21:22:58,649 - [11] - INFO  - Center.Server.CenterServer - Scan Consortiaboss complete!
2026-09-05 21:22:58,649 - [11] - INFO  - Center.Server.CenterServer - Scan  WorldEvent ...
2026-09-05 21:22:58,649 - [3] - INFO  - Center.Server.CenterServer - Saving Record...
2026-09-05 21:22:58,649 - [11] - INFO  - Center.Server.CenterServer - Scan WorldEvent complete!
2026-09-05 21:22:58,649 - [7] - INFO  - Center.Server.CenterServer - Saving database...
2026-09-05 21:22:58,649 - [22] - INFO  - Center.Server.CenterServer - Saving Record...
2026-09-05 21:22:58,650 - [22] - INFO  - Center.Server.CenterServer - Saving Record complete!
2026-09-05 21:22:58,654 - [7] - INFO  - Center.Server.CenterServer - Saving database complete!
2026-09-05 21:22:58,654 - [7] - INFO  - Center.Server.CenterServer - Saved all databases 0ms
2026-09-05 21:22:58,658 - [3] - INFO  - Center.Server.CenterServer - Scan Consortia complete!
2026-09-05 21:23:58,355 - [9] - INFO  - Center.Server.CenterServer - System Notice ...
2026-09-05 21:23:58,355 - [9] - INFO  - Center.Server.CenterServer - System Notice complete!
2026-09-05 21:23:58,653 - [21] - INFO  - Center.Server.CenterServer - Scan Consortiaboss...
2026-09-05 21:23:58,653 - [10] - INFO  - Center.Server.CenterServer - Saving Record...
2026-09-05 21:23:58,653 - [21] - INFO  - Center.Server.CenterServer - Scan Consortiaboss complete!
2026-09-05 21:23:58,653 - [21] - INFO  - Center.Server.CenterServer - Saving Record...
2026-09-05 21:23:58,653 - [16] - INFO  - Center.Server.CenterServer - Saving database...
2026-09-05 21:23:58,653 - [21] - INFO  - Center.Server.CenterServer - Saving Record complete!
2026-09-05 21:23:58,653 - [9] - INFO  - Center.Server.CenterServer - Scan  WorldEvent ...
2026-09-05 21:23:58,655 - [9] - INFO  - Center.Server.CenterServer - Scan WorldEvent complete!
2026-09-05 21:23:58,657 - [16] - INFO  - Center.Server.CenterServer - Saving database complete!
2026-09-05 21:23:58,657 - [16] - INFO  - Center.Server.CenterServer - Saved all databases 0ms
2026-09-05 21:23:58,663 - [10] - INFO  - Center.Server.CenterServer - Scan Consortia complete!
2026-09-05 21:24:58,683 - [23] - INFO  - Center.Server.CenterServer - Scan Consortiaboss...
2026-09-05 21:24:58,683 - [23] - INFO  - Center.Server.CenterServer - Scan Consortiaboss complete!
2026-09-05 21:24:58,683 - [23] - INFO  - Center.Server.CenterServer - Saving Record...
2026-09-05 21:24:58,683 - [7] - INFO  - Center.Server.CenterServer - Scan  WorldEvent ...
2026-09-05 21:24:58,684 - [7] - INFO  - Center.Server.CenterServer - Scan WorldEvent complete!
2026-09-05 21:24:58,684 - [7] - INFO  - Center.Server.CenterServer - Saving Record...
2026-09-05 21:24:58,684 - [7] - INFO  - Center.Server.CenterServer - Saving Record complete!
2026-09-05 21:24:58,684 - [7] - INFO  - Center.Server.CenterServer - Saving database...
2026-09-05 21:24:58,698 - [7] - INFO  - Center.Server.CenterServer - Saving database complete!
2026-09-05 21:24:58,698 - [7] - INFO  - Center.Server.CenterServer - Saved all databases 16ms
2026-09-05 21:24:58,708 - [23] - INFO  - Center.Server.CenterServer - Scan Consortia complete!
2026-09-05 21:25:58,376 - [22] - INFO  - Center.Server.CenterServer - System Notice ...
2026-09-05 21:25:58,376 - [22] - INFO  - Center.Server.CenterServer - System Notice complete!
2026-09-05 21:25:58,687 - [22] - INFO  - Center.Server.CenterServer - Scan Consortiaboss...
2026-09-05 21:25:58,687 - [23] - INFO  - Center.Server.CenterServer - Scan  WorldEvent ...
2026-09-05 21:25:58,687 - [22] - INFO  - Center.Server.CenterServer - Scan Consortiaboss award complete!
2026-09-05 21:25:58,687 - [22] - INFO  - Center.Server.CenterServer - Scan Consortiaboss complete!
2026-09-05 21:25:58,687 - [23] - INFO  - Center.Server.CenterServer - Scan WorldEvent complete!
2026-09-05 21:25:58,687 - [21] - INFO  - Center.Server.CenterServer - Saving Record...
2026-09-05 21:25:58,687 - [10] - INFO  - Center.Server.CenterServer - Saving Record...
2026-09-05 21:25:58,688 - [10] - INFO  - Center.Server.CenterServer - Saving Record complete!
2026-09-05 21:25:58,687 - [16] - INFO  - Center.Server.CenterServer - Saving database...
2026-09-05 21:25:58,692 - [16] - INFO  - Center.Server.CenterServer - Saving database complete!
2026-09-05 21:25:58,692 - [16] - INFO  - Center.Server.CenterServer - Saved all databases 0ms
2026-09-05 21:25:58,698 - [21] - INFO  - Center.Server.CenterServer - Scan Consortia complete!
2026-09-05 21:26:58,701 - [24] - INFO  - Center.Server.CenterServer - Scan Consortiaboss...
2026-09-05 21:26:58,701 - [24] - INFO  - Center.Server.CenterServer - Scan Consortiaboss complete!
2026-09-05 21:26:58,701 - [16] - INFO  - Center.Server.CenterServer - Saving database...
2026-09-05 21:26:58,701 - [10] - INFO  - Center.Server.CenterServer - Saving Record...
2026-09-05 21:26:58,701 - [21] - INFO  - Center.Server.CenterServer - Saving Record...
2026-09-05 21:26:58,705 - [21] - INFO  - Center.Server.CenterServer - Saving Record complete!
2026-09-05 21:26:58,701 - [12] - INFO  - Center.Server.CenterServer - Scan  WorldEvent ...
2026-09-05 21:26:58,705 - [12] - INFO  - Center.Server.CenterServer - Scan WorldEvent complete!
2026-09-05 21:26:58,710 - [16] - INFO  - Center.Server.CenterServer - Saving database complete!
2026-09-05 21:26:58,710 - [16] - INFO  - Center.Server.CenterServer - Saved all databases 0ms
2026-09-05 21:26:58,717 - [10] - INFO  - Center.Server.CenterServer - Scan Consortia complete!
2026-09-05 21:27:58,378 - [22] - INFO  - Center.Server.CenterServer - System Notice ...
2026-09-05 21:27:58,378 - [22] - INFO  - Center.Server.CenterServer - System Notice complete!
2026-09-05 21:27:58,705 - [22] - INFO  - Center.Server.CenterServer - Scan Consortiaboss...
2026-09-05 21:27:58,705 - [22] - INFO  - Center.Server.CenterServer - Scan Consortiaboss complete!
2026-09-05 21:27:58,706 - [22] - INFO  - Center.Server.CenterServer - Scan  WorldEvent ...
2026-09-05 21:27:58,706 - [20] - INFO  - Center.Server.CenterServer - Saving Record...
2026-09-05 21:27:58,706 - [21] - INFO  - Center.Server.CenterServer - Saving Record...
2026-09-05 21:27:58,706 - [9] - INFO  - Center.Server.CenterServer - Saving database...
2026-09-05 21:27:58,707 - [22] - INFO  - Center.Server.CenterServer - Scan WorldEvent complete!
2026-09-05 21:27:58,707 - [21] - INFO  - Center.Server.CenterServer - Saving Record complete!
2026-09-05 21:27:58,712 - [9] - INFO  - Center.Server.CenterServer - Saving database complete!
2026-09-05 21:27:58,712 - [9] - INFO  - Center.Server.CenterServer - Saved all databases 15ms
2026-09-05 21:27:58,721 - [20] - INFO  - Center.Server.CenterServer - Scan Consortia complete!
2026-09-05 21:28:58,707 - [23] - INFO  - Center.Server.CenterServer - Scan Consortiaboss...
2026-09-05 21:28:58,708 - [23] - INFO  - Center.Server.CenterServer - Scan Consortiaboss complete!
2026-09-05 21:28:58,708 - [27] - INFO  - Center.Server.CenterServer - Saving Record...
2026-09-05 21:28:58,708 - [18] - INFO  - Center.Server.CenterServer - Saving Record...
2026-09-05 21:28:58,711 - [18] - INFO  - Center.Server.CenterServer - Saving Record complete!
2026-09-05 21:28:58,707 - [11] - INFO  - Center.Server.CenterServer - Scan  WorldEvent ...
2026-09-05 21:28:58,711 - [11] - INFO  - Center.Server.CenterServer - Scan WorldEvent complete!
2026-09-05 21:28:58,708 - [15] - INFO  - Center.Server.CenterServer - Saving database...
2026-09-05 21:28:58,718 - [15] - INFO  - Center.Server.CenterServer - Saving database complete!
2026-09-05 21:28:58,718 - [15] - INFO  - Center.Server.CenterServer - Saved all databases 15ms
2026-09-05 21:28:58,724 - [27] - INFO  - Center.Server.CenterServer - Scan Consortia complete!
2026-09-05 21:29:58,394 - [21] - INFO  - Center.Server.CenterServer - System Notice ...
2026-09-05 21:29:58,394 - [21] - INFO  - Center.Server.CenterServer - System Notice complete!
2026-09-05 21:29:58,720 - [21] - INFO  - Center.Server.CenterServer - Scan Consortiaboss...
2026-09-05 21:29:58,720 - [21] - INFO  - Center.Server.CenterServer - Scan Consortiaboss complete!
2026-09-05 21:29:58,720 - [21] - INFO  - Center.Server.CenterServer - Saving Record...
2026-09-05 21:29:58,720 - [20] - INFO  - Center.Server.CenterServer - Scan  WorldEvent ...
2026-09-05 21:29:58,720 - [20] - INFO  - Center.Server.CenterServer - Scan WorldEvent complete!
2026-09-05 21:29:58,720 - [3] - INFO  - Center.Server.CenterServer - Saving Record...
2026-09-05 21:29:58,720 - [22] - INFO  - Center.Server.CenterServer - Saving database...
2026-09-05 21:29:58,721 - [3] - INFO  - Center.Server.CenterServer - Saving Record complete!
2026-09-05 21:29:58,724 - [22] - INFO  - Center.Server.CenterServer - Saving database complete!
2026-09-05 21:29:58,724 - [22] - INFO  - Center.Server.CenterServer - Saved all databases 0ms
2026-09-05 21:29:58,732 - [21] - INFO  - Center.Server.CenterServer - Scan Consortia complete!
2026-09-05 21:30:58,741 - [15] - INFO  - Center.Server.CenterServer - Scan Consortiaboss...
2026-09-05 21:30:58,741 - [15] - INFO  - Center.Server.CenterServer - Scan Consortiaboss complete!
2026-09-05 21:30:58,741 - [7] - INFO  - Center.Server.CenterServer - Saving Record...
2026-09-05 21:30:58,741 - [22] - INFO  - Center.Server.CenterServer - Saving Record...
2026-09-05 21:30:58,741 - [6] - INFO  - Center.Server.CenterServer - Scan  WorldEvent ...
2026-09-05 21:30:58,741 - [6] - INFO  - Center.Server.CenterServer - Scan WorldEvent complete!
2026-09-05 21:30:58,741 - [15] - INFO  - Center.Server.CenterServer - Saving database...
2026-09-05 21:30:58,741 - [22] - INFO  - Center.Server.CenterServer - Saving Record complete!
2026-09-05 21:30:58,743 - [15] - INFO  - Center.Server.CenterServer - Saving database complete!
2026-09-05 21:30:58,743 - [15] - INFO  - Center.Server.CenterServer - Saved all databases 15ms
2026-09-05 21:30:58,748 - [7] - INFO  - Center.Server.CenterServer - Scan Consortia complete!
2026-09-05 21:31:58,413 - [8] - INFO  - Center.Server.CenterServer - System Notice ...
2026-09-05 21:31:58,413 - [8] - INFO  - Center.Server.CenterServer - System Notice complete!
2026-09-05 21:31:58,755 - [8] - INFO  - Center.Server.CenterServer - Scan Consortiaboss...
2026-09-05 21:31:58,755 - [11] - INFO  - Center.Server.CenterServer - Saving Record...
2026-09-05 21:31:58,755 - [18] - INFO  - Center.Server.CenterServer - Scan  WorldEvent ...
2026-09-05 21:31:58,755 - [8] - INFO  - Center.Server.CenterServer - Scan Consortiaboss award complete!
2026-09-05 21:31:58,756 - [8] - INFO  - Center.Server.CenterServer - Scan Consortiaboss complete!
2026-09-05 21:31:58,755 - [18] - INFO  - Center.Server.CenterServer - Scan WorldEvent complete!
2026-09-05 21:31:58,755 - [6] - INFO  - Center.Server.CenterServer - Saving database...
2026-09-05 21:31:58,755 - [22] - INFO  - Center.Server.CenterServer - Saving Record...
2026-09-05 21:31:58,757 - [22] - INFO  - Center.Server.CenterServer - Saving Record complete!
2026-09-05 21:31:58,758 - [6] - INFO  - Center.Server.CenterServer - Saving database complete!
2026-09-05 21:31:58,758 - [6] - INFO  - Center.Server.CenterServer - Saved all databases 16ms
2026-09-05 21:31:58,764 - [11] - INFO  - Center.Server.CenterServer - Scan Consortia complete!
2026-09-05 21:32:58,760 - [17] - INFO  - Center.Server.CenterServer - Scan Consortiaboss...
2026-09-05 21:32:58,760 - [17] - INFO  - Center.Server.CenterServer - Scan Consortiaboss complete!
2026-09-05 21:32:58,760 - [6] - INFO  - Center.Server.CenterServer - Scan  WorldEvent ...
2026-09-05 21:32:58,760 - [6] - INFO  - Center.Server.CenterServer - Scan WorldEvent complete!
2026-09-05 21:32:58,760 - [7] - INFO  - Center.Server.CenterServer - Saving Record...
2026-09-05 21:32:58,760 - [17] - INFO  - Center.Server.CenterServer - Saving Record...
2026-09-05 21:32:58,760 - [6] - INFO  - Center.Server.CenterServer - Saving database...
2026-09-05 21:32:58,760 - [7] - INFO  - Center.Server.CenterServer - Saving Record complete!
2026-09-05 21:32:58,762 - [6] - INFO  - Center.Server.CenterServer - Saving database complete!
2026-09-05 21:32:58,762 - [6] - INFO  - Center.Server.CenterServer - Saved all databases 0ms
2026-09-05 21:32:58,769 - [17] - INFO  - Center.Server.CenterServer - Scan Consortia complete!
2026-09-05 21:33:58,425 - [15] - INFO  - Center.Server.CenterServer - System Notice ...
2026-09-05 21:33:58,425 - [15] - INFO  - Center.Server.CenterServer - System Notice complete!
2026-09-05 21:33:58,766 - [15] - INFO  - Center.Server.CenterServer - Scan Consortiaboss...
2026-09-05 21:33:58,766 - [15] - INFO  - Center.Server.CenterServer - Scan Consortiaboss complete!
2026-09-05 21:33:58,766 - [27] - INFO  - Center.Server.CenterServer - Scan  WorldEvent ...
2026-09-05 21:33:58,766 - [5] - INFO  - Center.Server.CenterServer - Saving Record...
2026-09-05 21:33:58,766 - [16] - INFO  - Center.Server.CenterServer - Saving database...
2026-09-05 21:33:58,766 - [21] - INFO  - Center.Server.CenterServer - Saving Record...
2026-09-05 21:33:58,766 - [21] - INFO  - Center.Server.CenterServer - Saving Record complete!
2026-09-05 21:33:58,766 - [27] - INFO  - Center.Server.CenterServer - Scan WorldEvent complete!
2026-09-05 21:33:58,769 - [16] - INFO  - Center.Server.CenterServer - Saving database complete!
2026-09-05 21:33:58,769 - [16] - INFO  - Center.Server.CenterServer - Saved all databases 0ms
2026-09-05 21:33:58,776 - [5] - INFO  - Center.Server.CenterServer - Scan Consortia complete!
2026-09-05 21:34:58,772 - [11] - INFO  - Center.Server.CenterServer - Scan Consortiaboss...
2026-09-05 21:34:58,772 - [22] - INFO  - Center.Server.CenterServer - Saving Record...
2026-09-05 21:34:58,772 - [11] - INFO  - Center.Server.CenterServer - Scan Consortiaboss complete!
2026-09-05 21:34:58,772 - [22] - INFO  - Center.Server.CenterServer - Saving Record complete!
2026-09-05 21:34:58,772 - [21] - INFO  - Center.Server.CenterServer - Saving database...
2026-09-05 21:34:58,772 - [7] - INFO  - Center.Server.CenterServer - Saving Record...
2026-09-05 21:34:58,772 - [6] - INFO  - Center.Server.CenterServer - Scan  WorldEvent ...
2026-09-05 21:34:58,775 - [6] - INFO  - Center.Server.CenterServer - Scan WorldEvent complete!
2026-09-05 21:34:58,777 - [21] - INFO  - Center.Server.CenterServer - Saving database complete!
2026-09-05 21:34:58,777 - [21] - INFO  - Center.Server.CenterServer - Saved all databases 16ms
2026-09-05 21:34:58,783 - [7] - INFO  - Center.Server.CenterServer - Scan Consortia complete!
2026-09-05 21:35:58,427 - [22] - INFO  - Center.Server.CenterServer - System Notice ...
2026-09-05 21:35:58,428 - [22] - INFO  - Center.Server.CenterServer - System Notice complete!
2026-09-05 21:35:58,774 - [22] - INFO  - Center.Server.CenterServer - Scan Consortiaboss...
2026-09-05 21:35:58,774 - [22] - INFO  - Center.Server.CenterServer - Scan Consortiaboss complete!
2026-09-05 21:35:58,774 - [6] - INFO  - Center.Server.CenterServer - Scan  WorldEvent ...
2026-09-05 21:35:58,774 - [22] - INFO  - Center.Server.CenterServer - Saving Record...
2026-09-05 21:35:58,774 - [8] - INFO  - Center.Server.CenterServer - Saving database...
2026-09-05 21:35:58,774 - [3] - INFO  - Center.Server.CenterServer - Saving Record...
2026-09-05 21:35:58,776 - [3] - INFO  - Center.Server.CenterServer - Saving Record complete!
2026-09-05 21:35:58,776 - [6] - INFO  - Center.Server.CenterServer - Scan WorldEvent complete!
2026-09-05 21:35:58,779 - [8] - INFO  - Center.Server.CenterServer - Saving database complete!
2026-09-05 21:35:58,779 - [8] - INFO  - Center.Server.CenterServer - Saved all databases 16ms
2026-09-05 21:35:58,790 - [22] - INFO  - Center.Server.CenterServer - Scan Consortia complete!
2026-09-05 21:36:58,784 - [10] - INFO  - Center.Server.CenterServer - Scan Consortiaboss...
2026-09-05 21:36:58,784 - [8] - INFO  - Center.Server.CenterServer - Saving Record...
2026-09-05 21:36:58,784 - [10] - INFO  - Center.Server.CenterServer - Scan Consortiaboss complete!
2026-09-05 21:36:58,784 - [3] - INFO  - Center.Server.CenterServer - Saving Record...
2026-09-05 21:36:58,784 - [5] - INFO  - Center.Server.CenterServer - Saving database...
2026-09-05 21:36:58,784 - [3] - INFO  - Center.Server.CenterServer - Saving Record complete!
2026-09-05 21:36:58,784 - [25] - INFO  - Center.Server.CenterServer - Scan  WorldEvent ...
2026-09-05 21:36:58,785 - [25] - INFO  - Center.Server.CenterServer - Scan WorldEvent complete!
2026-09-05 21:36:58,788 - [5] - INFO  - Center.Server.CenterServer - Saving database complete!
2026-09-05 21:36:58,788 - [5] - INFO  - Center.Server.CenterServer - Saved all databases 0ms
2026-09-05 21:36:58,795 - [8] - INFO  - Center.Server.CenterServer - Scan Consortia complete!
2026-09-05 21:37:58,441 - [11] - INFO  - Center.Server.CenterServer - System Notice ...
2026-09-05 21:37:58,441 - [11] - INFO  - Center.Server.CenterServer - System Notice complete!
2026-09-05 21:37:58,786 - [11] - INFO  - Center.Server.CenterServer - Scan Consortiaboss...
2026-09-05 21:37:58,786 - [8] - INFO  - Center.Server.CenterServer - Saving Record...
2026-09-05 21:37:58,786 - [11] - INFO  - Center.Server.CenterServer - Scan Consortiaboss award complete!
2026-09-05 21:37:58,786 - [11] - INFO  - Center.Server.CenterServer - Scan Consortiaboss complete!
2026-09-05 21:37:58,786 - [3] - INFO  - Center.Server.CenterServer - Saving Record...
2026-09-05 21:37:58,787 - [3] - INFO  - Center.Server.CenterServer - Saving Record complete!
2026-09-05 21:37:58,786 - [25] - INFO  - Center.Server.CenterServer - Saving database...
2026-09-05 21:37:58,786 - [6] - INFO  - Center.Server.CenterServer - Scan  WorldEvent ...
2026-09-05 21:37:58,787 - [6] - INFO  - Center.Server.CenterServer - Scan WorldEvent complete!
2026-09-05 21:37:58,790 - [25] - INFO  - Center.Server.CenterServer - Saving database complete!
2026-09-05 21:37:58,790 - [25] - INFO  - Center.Server.CenterServer - Saved all databases 15ms
2026-09-05 21:37:58,797 - [8] - INFO  - Center.Server.CenterServer - Scan Consortia complete!
2026-09-05 21:38:58,793 - [27] - INFO  - Center.Server.CenterServer - Scan Consortiaboss...
2026-09-05 21:38:58,793 - [27] - INFO  - Center.Server.CenterServer - Scan Consortiaboss complete!
2026-09-05 21:38:58,793 - [16] - INFO  - Center.Server.CenterServer - Scan  WorldEvent ...
2026-09-05 21:38:58,793 - [10] - INFO  - Center.Server.CenterServer - Saving Record...
2026-09-05 21:38:58,793 - [17] - INFO  - Center.Server.CenterServer - Saving database...
2026-09-05 21:38:58,793 - [16] - INFO  - Center.Server.CenterServer - Scan WorldEvent complete!
2026-09-05 21:38:58,793 - [27] - INFO  - Center.Server.CenterServer - Saving Record...
2026-09-05 21:38:58,794 - [27] - INFO  - Center.Server.CenterServer - Saving Record complete!
2026-09-05 21:38:58,797 - [17] - INFO  - Center.Server.CenterServer - Saving database complete!
2026-09-05 21:38:58,798 - [17] - INFO  - Center.Server.CenterServer - Saved all databases 0ms
2026-09-05 21:38:58,804 - [10] - INFO  - Center.Server.CenterServer - Scan Consortia complete!
2026-09-05 21:39:58,452 - [23] - INFO  - Center.Server.CenterServer - System Notice ...
2026-09-05 21:39:58,452 - [23] - INFO  - Center.Server.CenterServer - System Notice complete!
2026-09-05 21:39:58,796 - [24] - INFO  - Center.Server.CenterServer - Scan Consortiaboss...
2026-09-05 21:39:58,796 - [22] - INFO  - Center.Server.CenterServer - Scan  WorldEvent ...
2026-09-05 21:39:58,796 - [23] - INFO  - Center.Server.CenterServer - Saving Record...
2026-09-05 21:39:58,796 - [24] - INFO  - Center.Server.CenterServer - Scan Consortiaboss complete!
2026-09-05 21:39:58,796 - [24] - INFO  - Center.Server.CenterServer - Saving Record...
2026-09-05 21:39:58,796 - [22] - INFO  - Center.Server.CenterServer - Scan WorldEvent complete!
2026-09-05 21:39:58,796 - [24] - INFO  - Center.Server.CenterServer - Saving Record complete!
2026-09-05 21:39:58,796 - [24] - INFO  - Center.Server.CenterServer - Saving database...
2026-09-05 21:39:58,802 - [24] - INFO  - Center.Server.CenterServer - Saving database complete!
2026-09-05 21:39:58,802 - [24] - INFO  - Center.Server.CenterServer - Saved all databases 0ms
2026-09-05 21:39:58,813 - [23] - INFO  - Center.Server.CenterServer - Scan Consortia complete!
2026-09-05 21:40:58,810 - [24] - INFO  - Center.Server.CenterServer - Scan Consortiaboss...
2026-09-05 21:40:58,810 - [22] - INFO  - Center.Server.CenterServer - Scan  WorldEvent ...
2026-09-05 21:40:58,810 - [22] - INFO  - Center.Server.CenterServer - Scan WorldEvent complete!
2026-09-05 21:40:58,810 - [22] - INFO  - Center.Server.CenterServer - Saving database...
2026-09-05 21:40:58,810 - [24] - INFO  - Center.Server.CenterServer - Scan Consortiaboss complete!
2026-09-05 21:40:58,810 - [8] - INFO  - Center.Server.CenterServer - Saving Record...
2026-09-05 21:40:58,810 - [3] - INFO  - Center.Server.CenterServer - Saving Record...
2026-09-05 21:40:58,812 - [3] - INFO  - Center.Server.CenterServer - Saving Record complete!
2026-09-05 21:40:58,817 - [22] - INFO  - Center.Server.CenterServer - Saving database complete!
2026-09-05 21:40:58,817 - [22] - INFO  - Center.Server.CenterServer - Saved all databases 0ms
2026-09-05 21:40:58,823 - [8] - INFO  - Center.Server.CenterServer - Scan Consortia complete!
2026-09-05 21:41:58,462 - [23] - INFO  - Center.Server.CenterServer - System Notice ...
2026-09-05 21:41:58,462 - [23] - INFO  - Center.Server.CenterServer - System Notice complete!
2026-09-05 21:41:58,821 - [23] - INFO  - Center.Server.CenterServer - Scan Consortiaboss...
2026-09-05 21:41:58,821 - [23] - INFO  - Center.Server.CenterServer - Scan Consortiaboss complete!
2026-09-05 21:41:58,821 - [23] - INFO  - Center.Server.CenterServer - Scan  WorldEvent ...
2026-09-05 21:41:58,821 - [23] - INFO  - Center.Server.CenterServer - Scan WorldEvent complete!
2026-09-05 21:41:58,821 - [23] - INFO  - Center.Server.CenterServer - Saving Record...
2026-09-05 21:41:58,821 - [8] - INFO  - Center.Server.CenterServer - Saving database...
2026-09-05 21:41:58,821 - [22] - INFO  - Center.Server.CenterServer - Saving Record...
2026-09-05 21:41:58,822 - [22] - INFO  - Center.Server.CenterServer - Saving Record complete!
2026-09-05 21:41:58,825 - [8] - INFO  - Center.Server.CenterServer - Saving database complete!
2026-09-05 21:41:58,825 - [8] - INFO  - Center.Server.CenterServer - Saved all databases 0ms
2026-09-05 21:41:58,832 - [23] - INFO  - Center.Server.CenterServer - Scan Consortia complete!
2026-09-05 21:42:58,830 - [3] - INFO  - Center.Server.CenterServer - Scan Consortiaboss...
2026-09-05 21:42:58,830 - [22] - INFO  - Center.Server.CenterServer - Saving Record...
2026-09-05 21:42:58,830 - [8] - INFO  - Center.Server.CenterServer - Scan  WorldEvent ...
2026-09-05 21:42:58,830 - [8] - INFO  - Center.Server.CenterServer - Scan WorldEvent complete!
2026-09-05 21:42:58,830 - [3] - INFO  - Center.Server.CenterServer - Scan Consortiaboss complete!
2026-09-05 21:42:58,830 - [8] - INFO  - Center.Server.CenterServer - Saving Record...
2026-09-05 21:42:58,830 - [3] - INFO  - Center.Server.CenterServer - Saving database...
2026-09-05 21:42:58,830 - [8] - INFO  - Center.Server.CenterServer - Saving Record complete!
2026-09-05 21:42:58,834 - [3] - INFO  - Center.Server.CenterServer - Saving database complete!
2026-09-05 21:42:58,834 - [3] - INFO  - Center.Server.CenterServer - Saved all databases 0ms
2026-09-05 21:42:58,838 - [22] - INFO  - Center.Server.CenterServer - Scan Consortia complete!
2026-09-05 21:43:58,468 - [24] - INFO  - Center.Server.CenterServer - System Notice ...
2026-09-05 21:43:58,468 - [24] - INFO  - Center.Server.CenterServer - System Notice complete!
2026-09-05 21:43:58,842 - [24] - INFO  - Center.Server.CenterServer - Scan Consortiaboss...
2026-09-05 21:43:58,842 - [9] - INFO  - Center.Server.CenterServer - Scan  WorldEvent ...
2026-09-05 21:43:58,842 - [21] - INFO  - Center.Server.CenterServer - Saving Record...
2026-09-05 21:43:58,842 - [9] - INFO  - Center.Server.CenterServer - Scan WorldEvent complete!
2026-09-05 21:43:58,842 - [21] - INFO  - Center.Server.CenterServer - Saving Record complete!
2026-09-05 21:43:58,842 - [25] - INFO  - Center.Server.CenterServer - Saving database...
2026-09-05 21:43:58,842 - [24] - INFO  - Center.Server.CenterServer - Scan Consortiaboss award complete!
2026-09-05 21:43:58,842 - [24] - INFO  - Center.Server.CenterServer - Scan Consortiaboss complete!
2026-09-05 21:43:58,842 - [10] - INFO  - Center.Server.CenterServer - Saving Record...
2026-09-05 21:43:58,846 - [25] - INFO  - Center.Server.CenterServer - Saving database complete!
2026-09-05 21:43:58,847 - [25] - INFO  - Center.Server.CenterServer - Saved all databases 0ms
2026-09-05 21:43:58,851 - [10] - INFO  - Center.Server.CenterServer - Scan Consortia complete!
2026-09-05 21:44:58,853 - [5] - INFO  - Center.Server.CenterServer - Scan Consortiaboss...
2026-09-05 21:44:58,853 - [22] - INFO  - Center.Server.CenterServer - Saving Record...
2026-09-05 21:44:58,853 - [5] - INFO  - Center.Server.CenterServer - Scan Consortiaboss complete!
2026-09-05 21:44:58,853 - [8] - INFO  - Center.Server.CenterServer - Saving Record...
2026-09-05 21:44:58,854 - [8] - INFO  - Center.Server.CenterServer - Saving Record complete!
2026-09-05 21:44:58,854 - [5] - INFO  - Center.Server.CenterServer - Saving database...
2026-09-05 21:44:58,853 - [11] - INFO  - Center.Server.CenterServer - Scan  WorldEvent ...
2026-09-05 21:44:58,854 - [11] - INFO  - Center.Server.CenterServer - Scan WorldEvent complete!
2026-09-05 21:44:58,857 - [5] - INFO  - Center.Server.CenterServer - Saving database complete!
2026-09-05 21:44:58,857 - [5] - INFO  - Center.Server.CenterServer - Saved all databases 0ms
2026-09-05 21:44:58,865 - [22] - INFO  - Center.Server.CenterServer - Scan Consortia complete!
2026-09-05 21:45:58,493 - [6] - INFO  - Center.Server.CenterServer - System Notice ...
2026-09-05 21:45:58,644 - [6] - INFO  - Center.Server.CenterServer - System Notice complete!
2026-09-05 21:45:58,870 - [6] - INFO  - Center.Server.CenterServer - Scan Consortiaboss...
2026-09-05 21:45:58,870 - [22] - INFO  - Center.Server.CenterServer - Scan  WorldEvent ...
2026-09-05 21:45:58,870 - [11] - INFO  - Center.Server.CenterServer - Saving Record...
2026-09-05 21:45:58,871 - [5] - INFO  - Center.Server.CenterServer - Saving Record...
2026-09-05 21:45:58,871 - [20] - INFO  - Center.Server.CenterServer - Saving database...
2026-09-05 21:45:58,874 - [6] - INFO  - Center.Server.CenterServer - Scan Consortiaboss complete!
2026-09-05 21:45:58,874 - [22] - INFO  - Center.Server.CenterServer - Scan WorldEvent complete!
2026-09-05 21:45:58,874 - [5] - INFO  - Center.Server.CenterServer - Saving Record complete!
2026-09-05 21:45:58,879 - [20] - INFO  - Center.Server.CenterServer - Saving database complete!
2026-09-05 21:45:58,880 - [20] - INFO  - Center.Server.CenterServer - Saved all databases 0ms
2026-09-05 21:45:58,884 - [11] - INFO  - Center.Server.CenterServer - Scan Consortia complete!
2026-09-05 21:46:58,877 - [25] - INFO  - Center.Server.CenterServer - Scan Consortiaboss...
2026-09-05 21:46:58,879 - [25] - INFO  - Center.Server.CenterServer - Scan Consortiaboss complete!
2026-09-05 21:46:58,877 - [9] - INFO  - Center.Server.CenterServer - Saving Record...
2026-09-05 21:46:58,877 - [7] - INFO  - Center.Server.CenterServer - Saving database...
2026-09-05 21:46:58,877 - [21] - INFO  - Center.Server.CenterServer - Scan  WorldEvent ...
2026-09-05 21:46:58,880 - [21] - INFO  - Center.Server.CenterServer - Scan WorldEvent complete!
2026-09-05 21:46:58,880 - [9] - INFO  - Center.Server.CenterServer - Saving Record complete!
2026-09-05 21:46:58,877 - [18] - INFO  - Center.Server.CenterServer - Saving Record...
2026-09-05 21:46:58,885 - [7] - INFO  - Center.Server.CenterServer - Saving database complete!
2026-09-05 21:46:58,885 - [7] - INFO  - Center.Server.CenterServer - Saved all databases 16ms
2026-09-05 21:46:58,899 - [18] - INFO  - Center.Server.CenterServer - Scan Consortia complete!
2026-09-05 21:47:58,495 - [9] - INFO  - Center.Server.CenterServer - System Notice ...
2026-09-05 21:47:58,495 - [9] - INFO  - Center.Server.CenterServer - System Notice complete!
2026-09-05 21:47:58,884 - [9] - INFO  - Center.Server.CenterServer - Scan Consortiaboss...
2026-09-05 21:47:58,884 - [9] - INFO  - Center.Server.CenterServer - Scan Consortiaboss complete!
2026-09-05 21:47:58,884 - [9] - INFO  - Center.Server.CenterServer - Scan  WorldEvent ...
2026-09-05 21:47:58,884 - [9] - INFO  - Center.Server.CenterServer - Scan WorldEvent complete!
2026-09-05 21:47:58,884 - [9] - INFO  - Center.Server.CenterServer - Saving Record...
2026-09-05 21:47:58,884 - [7] - INFO  - Center.Server.CenterServer - Saving Record...
2026-09-05 21:47:58,884 - [9] - INFO  - Center.Server.CenterServer - Saving Record complete!
2026-09-05 21:47:58,884 - [18] - INFO  - Center.Server.CenterServer - Saving database...
2026-09-05 21:47:58,888 - [18] - INFO  - Center.Server.CenterServer - Saving database complete!
2026-09-05 21:47:58,888 - [18] - INFO  - Center.Server.CenterServer - Saved all databases 0ms
2026-09-05 21:47:58,894 - [7] - INFO  - Center.Server.CenterServer - Scan Consortia complete!
2026-09-05 21:48:58,902 - [19] - INFO  - Center.Server.CenterServer - Scan Consortiaboss...
2026-09-05 21:48:58,903 - [8] - INFO  - Center.Server.CenterServer - Saving Record...
2026-09-05 21:48:58,908 - [8] - INFO  - Center.Server.CenterServer - Saving Record complete!
2026-09-05 21:48:58,903 - [11] - INFO  - Center.Server.CenterServer - Saving database...
2026-09-05 21:48:58,903 - [20] - INFO  - Center.Server.CenterServer - Saving Record...
2026-09-05 21:48:58,903 - [25] - INFO  - Center.Server.CenterServer - Scan  WorldEvent ...
2026-09-05 21:48:58,908 - [25] - INFO  - Center.Server.CenterServer - Scan WorldEvent complete!
2026-09-05 21:48:58,908 - [19] - INFO  - Center.Server.CenterServer - Scan Consortiaboss complete!
2026-09-05 21:48:58,912 - [11] - INFO  - Center.Server.CenterServer - Saving database complete!
2026-09-05 21:48:58,912 - [11] - INFO  - Center.Server.CenterServer - Saved all databases 0ms
2026-09-05 21:48:58,918 - [20] - INFO  - Center.Server.CenterServer - Scan Consortia complete!
2026-09-05 21:49:58,507 - [18] - INFO  - Center.Server.CenterServer - System Notice ...
2026-09-05 21:49:58,507 - [18] - INFO  - Center.Server.CenterServer - System Notice complete!
2026-09-05 21:49:58,910 - [18] - INFO  - Center.Server.CenterServer - Scan Consortiaboss...
2026-09-05 21:49:58,910 - [7] - INFO  - Center.Server.CenterServer - Scan  WorldEvent ...
2026-09-05 21:49:58,910 - [18] - INFO  - Center.Server.CenterServer - Scan Consortiaboss award complete!
2026-09-05 21:49:58,910 - [18] - INFO  - Center.Server.CenterServer - Scan Consortiaboss complete!
2026-09-05 21:49:58,910 - [6] - INFO  - Center.Server.CenterServer - Saving database...
2026-09-05 21:49:58,910 - [7] - INFO  - Center.Server.CenterServer - Scan WorldEvent complete!
2026-09-05 21:49:58,910 - [26] - INFO  - Center.Server.CenterServer - Saving Record...
2026-09-05 21:49:58,910 - [26] - INFO  - Center.Server.CenterServer - Saving Record complete!
2026-09-05 21:49:58,910 - [9] - INFO  - Center.Server.CenterServer - Saving Record...
2026-09-05 21:49:58,914 - [6] - INFO  - Center.Server.CenterServer - Saving database complete!
2026-09-05 21:49:58,914 - [6] - INFO  - Center.Server.CenterServer - Saved all databases 0ms
2026-09-05 21:49:58,917 - [9] - INFO  - Center.Server.CenterServer - Scan Consortia complete!
2026-09-05 21:50:58,928 - [8] - INFO  - Center.Server.CenterServer - Scan Consortiaboss...
2026-09-05 21:50:58,928 - [9] - INFO  - Center.Server.CenterServer - Saving Record...
2026-09-05 21:50:58,928 - [8] - INFO  - Center.Server.CenterServer - Scan Consortiaboss complete!
2026-09-05 21:50:58,928 - [6] - INFO  - Center.Server.CenterServer - Scan  WorldEvent ...
2026-09-05 21:50:58,928 - [6] - INFO  - Center.Server.CenterServer - Scan WorldEvent complete!
2026-09-05 21:50:58,928 - [11] - INFO  - Center.Server.CenterServer - Saving database...
2026-09-05 21:50:58,928 - [9] - INFO  - Center.Server.CenterServer - Saving Record complete!
2026-09-05 21:50:58,928 - [26] - INFO  - Center.Server.CenterServer - Saving Record...
2026-09-05 21:50:58,932 - [11] - INFO  - Center.Server.CenterServer - Saving database complete!
2026-09-05 21:50:58,932 - [11] - INFO  - Center.Server.CenterServer - Saved all databases 16ms
2026-09-05 21:50:58,936 - [26] - INFO  - Center.Server.CenterServer - Scan Consortia complete!
2026-09-05 21:51:58,513 - [22] - INFO  - Center.Server.CenterServer - System Notice ...
2026-09-05 21:51:58,513 - [22] - INFO  - Center.Server.CenterServer - System Notice complete!
2026-09-05 21:51:58,931 - [22] - INFO  - Center.Server.CenterServer - Scan Consortiaboss...
2026-09-05 21:51:58,931 - [22] - INFO  - Center.Server.CenterServer - Scan Consortiaboss complete!
2026-09-05 21:51:58,931 - [21] - INFO  - Center.Server.CenterServer - Scan  WorldEvent ...
2026-09-05 21:51:58,931 - [21] - INFO  - Center.Server.CenterServer - Scan WorldEvent complete!
2026-09-05 21:51:58,931 - [22] - INFO  - Center.Server.CenterServer - Saving Record...
2026-09-05 21:51:58,931 - [11] - INFO  - Center.Server.CenterServer - Saving Record...
2026-09-05 21:51:58,931 - [22] - INFO  - Center.Server.CenterServer - Saving Record complete!
2026-09-05 21:51:58,931 - [21] - INFO  - Center.Server.CenterServer - Saving database...
2026-09-05 21:51:58,934 - [21] - INFO  - Center.Server.CenterServer - Saving database complete!
2026-09-05 21:51:58,935 - [21] - INFO  - Center.Server.CenterServer - Saved all databases 0ms
2026-09-05 21:51:58,940 - [11] - INFO  - Center.Server.CenterServer - Scan Consortia complete!
2026-09-05 21:52:58,943 - [7] - INFO  - Center.Server.CenterServer - Scan Consortiaboss...
2026-09-05 21:52:58,943 - [7] - INFO  - Center.Server.CenterServer - Scan Consortiaboss complete!
2026-09-05 21:52:58,943 - [23] - INFO  - Center.Server.CenterServer - Scan  WorldEvent ...
2026-09-05 21:52:58,943 - [23] - INFO  - Center.Server.CenterServer - Scan WorldEvent complete!
2026-09-05 21:52:58,943 - [7] - INFO  - Center.Server.CenterServer - Saving Record...
2026-09-05 21:52:58,943 - [23] - INFO  - Center.Server.CenterServer - Saving database...
2026-09-05 21:52:58,943 - [7] - INFO  - Center.Server.CenterServer - Saving Record complete!
2026-09-05 21:52:58,943 - [26] - INFO  - Center.Server.CenterServer - Saving Record...
2026-09-05 21:52:58,945 - [23] - INFO  - Center.Server.CenterServer - Saving database complete!
2026-09-05 21:52:58,945 - [23] - INFO  - Center.Server.CenterServer - Saved all databases 0ms
2026-09-05 21:52:58,952 - [26] - INFO  - Center.Server.CenterServer - Scan Consortia complete!
2026-09-05 21:53:58,527 - [8] - INFO  - Center.Server.CenterServer - System Notice ...
2026-09-05 21:53:58,528 - [8] - INFO  - Center.Server.CenterServer - System Notice complete!
2026-09-05 21:53:58,947 - [8] - INFO  - Center.Server.CenterServer - Scan Consortiaboss...
2026-09-05 21:53:58,947 - [8] - INFO  - Center.Server.CenterServer - Scan Consortiaboss complete!
2026-09-05 21:53:58,947 - [20] - INFO  - Center.Server.CenterServer - Scan  WorldEvent ...
2026-09-05 21:53:58,947 - [20] - INFO  - Center.Server.CenterServer - Scan WorldEvent complete!
2026-09-05 21:53:58,947 - [19] - INFO  - Center.Server.CenterServer - Saving Record...
2026-09-05 21:53:58,947 - [20] - INFO  - Center.Server.CenterServer - Saving database...
2026-09-05 21:53:58,947 - [8] - INFO  - Center.Server.CenterServer - Saving Record...
2026-09-05 21:53:58,947 - [19] - INFO  - Center.Server.CenterServer - Saving Record complete!
2026-09-05 21:53:58,951 - [20] - INFO  - Center.Server.CenterServer - Saving database complete!
2026-09-05 21:53:58,951 - [20] - INFO  - Center.Server.CenterServer - Saved all databases 0ms
2026-09-05 21:53:58,958 - [8] - INFO  - Center.Server.CenterServer - Scan Consortia complete!
2026-09-05 21:54:58,975 - [20] - INFO  - Center.Server.CenterServer - Scan Consortiaboss...
2026-09-05 21:54:58,975 - [8] - INFO  - Center.Server.CenterServer - Scan  WorldEvent ...
2026-09-05 21:54:58,975 - [20] - INFO  - Center.Server.CenterServer - Scan Consortiaboss complete!
2026-09-05 21:54:58,975 - [9] - INFO  - Center.Server.CenterServer - Saving Record...
2026-09-05 21:54:58,975 - [8] - INFO  - Center.Server.CenterServer - Scan WorldEvent complete!
2026-09-05 21:54:58,975 - [18] - INFO  - Center.Server.CenterServer - Saving database...
2026-09-05 21:54:58,975 - [9] - INFO  - Center.Server.CenterServer - Saving Record complete!
2026-09-05 21:54:58,975 - [19] - INFO  - Center.Server.CenterServer - Saving Record...
2026-09-05 21:54:58,980 - [18] - INFO  - Center.Server.CenterServer - Saving database complete!
2026-09-05 21:54:58,980 - [18] - INFO  - Center.Server.CenterServer - Saved all databases 16ms
2026-09-05 21:54:58,986 - [19] - INFO  - Center.Server.CenterServer - Scan Consortia complete!
2026-09-05 21:55:58,533 - [9] - INFO  - Center.Server.CenterServer - System Notice ...
2026-09-05 21:55:58,534 - [9] - INFO  - Center.Server.CenterServer - System Notice complete!
2026-09-05 21:55:58,985 - [9] - INFO  - Center.Server.CenterServer - Scan Consortiaboss...
2026-09-05 21:55:58,985 - [20] - INFO  - Center.Server.CenterServer - Scan  WorldEvent ...
2026-09-05 21:55:58,985 - [8] - INFO  - Center.Server.CenterServer - Saving Record...
2026-09-05 21:55:58,985 - [3] - INFO  - Center.Server.CenterServer - Saving Record...
2026-09-05 21:55:58,985 - [20] - INFO  - Center.Server.CenterServer - Scan WorldEvent complete!
2026-09-05 21:55:58,988 - [23] - INFO  - Center.Server.CenterServer - Saving database...
2026-09-05 21:55:58,988 - [3] - INFO  - Center.Server.CenterServer - Saving Record complete!
2026-09-05 21:55:58,985 - [9] - INFO  - Center.Server.CenterServer - Scan Consortiaboss award complete!
2026-09-05 21:55:58,989 - [9] - INFO  - Center.Server.CenterServer - Scan Consortiaboss complete!
2026-09-05 21:55:58,991 - [23] - INFO  - Center.Server.CenterServer - Saving database complete!
2026-09-05 21:55:58,991 - [23] - INFO  - Center.Server.CenterServer - Saved all databases 0ms
2026-09-05 21:55:58,998 - [8] - INFO  - Center.Server.CenterServer - Scan Consortia complete!
2026-09-05 21:56:58,999 - [10] - INFO  - Center.Server.CenterServer - Scan Consortiaboss...
2026-09-05 21:56:58,999 - [21] - INFO  - Center.Server.CenterServer - Saving Record...
2026-09-05 21:56:58,999 - [22] - INFO  - Center.Server.CenterServer - Saving Record...
2026-09-05 21:56:58,999 - [6] - INFO  - Center.Server.CenterServer - Scan  WorldEvent ...
2026-09-05 21:56:58,999 - [23] - INFO  - Center.Server.CenterServer - Saving database...
2026-09-05 21:56:58,999 - [10] - INFO  - Center.Server.CenterServer - Scan Consortiaboss complete!
2026-09-05 21:56:58,999 - [22] - INFO  - Center.Server.CenterServer - Saving Record complete!
2026-09-05 21:56:58,999 - [6] - INFO  - Center.Server.CenterServer - Scan WorldEvent complete!
2026-09-05 21:56:59,002 - [23] - INFO  - Center.Server.CenterServer - Saving database complete!
2026-09-05 21:56:59,002 - [23] - INFO  - Center.Server.CenterServer - Saved all databases 0ms
2026-09-05 21:56:59,007 - [21] - INFO  - Center.Server.CenterServer - Scan Consortia complete!
2026-09-05 21:57:58,534 - [3] - INFO  - Center.Server.CenterServer - System Notice ...
2026-09-05 21:57:58,534 - [3] - INFO  - Center.Server.CenterServer - System Notice complete!
2026-09-05 21:57:59,004 - [3] - INFO  - Center.Server.CenterServer - Scan Consortiaboss...
2026-09-05 21:57:59,004 - [22] - INFO  - Center.Server.CenterServer - Scan  WorldEvent ...
2026-09-05 21:57:59,004 - [21] - INFO  - Center.Server.CenterServer - Saving Record...
2026-09-05 21:57:59,004 - [3] - INFO  - Center.Server.CenterServer - Scan Consortiaboss complete!
2026-09-05 21:57:59,004 - [6] - INFO  - Center.Server.CenterServer - Saving Record...
2026-09-05 21:57:59,004 - [22] - INFO  - Center.Server.CenterServer - Scan WorldEvent complete!
2026-09-05 21:57:59,004 - [10] - INFO  - Center.Server.CenterServer - Saving database...
2026-09-05 21:57:59,005 - [6] - INFO  - Center.Server.CenterServer - Saving Record complete!
2026-09-05 21:57:59,009 - [10] - INFO  - Center.Server.CenterServer - Saving database complete!
2026-09-05 21:57:59,009 - [10] - INFO  - Center.Server.CenterServer - Saved all databases 16ms
2026-09-05 21:57:59,023 - [21] - INFO  - Center.Server.CenterServer - Scan Consortia complete!
2026-09-05 21:58:59,013 - [8] - INFO  - Center.Server.CenterServer - Scan Consortiaboss...
2026-09-05 21:58:59,013 - [8] - INFO  - Center.Server.CenterServer - Scan Consortiaboss complete!
2026-09-05 21:58:59,013 - [27] - INFO  - Center.Server.CenterServer - Saving Record...
2026-09-05 21:58:59,013 - [12] - INFO  - Center.Server.CenterServer - Saving database...
2026-09-05 21:58:59,013 - [27] - INFO  - Center.Server.CenterServer - Saving Record complete!
2026-09-05 21:58:59,013 - [5] - INFO  - Center.Server.CenterServer - Scan  WorldEvent ...
2026-09-05 21:58:59,014 - [5] - INFO  - Center.Server.CenterServer - Scan WorldEvent complete!
2026-09-05 21:58:59,013 - [24] - INFO  - Center.Server.CenterServer - Saving Record...
2026-09-05 21:58:59,016 - [12] - INFO  - Center.Server.CenterServer - Saving database complete!
2026-09-05 21:58:59,017 - [12] - INFO  - Center.Server.CenterServer - Saved all databases 0ms
2026-09-05 21:58:59,030 - [24] - INFO  - Center.Server.CenterServer - Scan Consortia complete!
2026-09-05 21:59:58,544 - [9] - INFO  - Center.Server.CenterServer - System Notice ...
2026-09-05 21:59:58,544 - [9] - INFO  - Center.Server.CenterServer - System Notice complete!
2026-09-05 21:59:59,028 - [9] - INFO  - Center.Server.CenterServer - Scan Consortiaboss...
2026-09-05 21:59:59,028 - [9] - INFO  - Center.Server.CenterServer - Scan Consortiaboss complete!
2026-09-05 21:59:59,028 - [9] - INFO  - Center.Server.CenterServer - Scan  WorldEvent ...
2026-09-05 21:59:59,028 - [21] - INFO  - Center.Server.CenterServer - Saving Record...
2026-09-05 21:59:59,028 - [9] - INFO  - Center.Server.CenterServer - Scan WorldEvent complete!
2026-09-05 21:59:59,028 - [21] - INFO  - Center.Server.CenterServer - Saving Record complete!
2026-09-05 21:59:59,028 - [15] - INFO  - Center.Server.CenterServer - Saving database...
2026-09-05 21:59:59,028 - [6] - INFO  - Center.Server.CenterServer - Saving Record...
2026-09-05 21:59:59,032 - [15] - INFO  - Center.Server.CenterServer - Saving database complete!
2026-09-05 21:59:59,032 - [15] - INFO  - Center.Server.CenterServer - Saved all databases 0ms
2026-09-05 21:59:59,042 - [6] - INFO  - Center.Server.CenterServer - Scan Consortia complete!
2026-09-05 22:00:59,046 - [15] - INFO  - Center.Server.CenterServer - Scan Consortiaboss...
2026-09-05 22:00:59,047 - [15] - INFO  - Center.Server.CenterServer - Scan Consortiaboss complete!
2026-09-05 22:00:59,046 - [5] - INFO  - Center.Server.CenterServer - Scan  WorldEvent ...
2026-09-05 22:00:59,047 - [5] - INFO  - Center.Server.CenterServer - Scan WorldEvent complete!
2026-09-05 22:00:59,046 - [24] - INFO  - Center.Server.CenterServer - Saving Record...
2026-09-05 22:00:59,046 - [16] - INFO  - Center.Server.CenterServer - Saving database...
2026-09-05 22:00:59,046 - [8] - INFO  - Center.Server.CenterServer - Saving Record...
2026-09-05 22:00:59,050 - [8] - INFO  - Center.Server.CenterServer - Saving Record complete!
2026-09-05 22:00:59,051 - [16] - INFO  - Center.Server.CenterServer - Saving database complete!
2026-09-05 22:00:59,051 - [16] - INFO  - Center.Server.CenterServer - Saved all databases 0ms
2026-09-05 22:00:59,059 - [24] - INFO  - Center.Server.CenterServer - Scan Consortia complete!
2026-09-05 22:01:58,570 - [3] - INFO  - Center.Server.CenterServer - System Notice ...
2026-09-05 22:01:58,570 - [3] - INFO  - Center.Server.CenterServer - System Notice complete!
2026-09-05 22:01:59,053 - [18] - INFO  - Center.Server.CenterServer - Scan Consortiaboss...
2026-09-05 22:01:59,053 - [3] - INFO  - Center.Server.CenterServer - Scan  WorldEvent ...
2026-09-05 22:01:59,053 - [12] - INFO  - Center.Server.CenterServer - Saving Record...
2026-09-05 22:01:59,053 - [3] - INFO  - Center.Server.CenterServer - Scan WorldEvent complete!
2026-09-05 22:01:59,053 - [16] - INFO  - Center.Server.CenterServer - Saving Record...
2026-09-05 22:01:59,053 - [16] - INFO  - Center.Server.CenterServer - Saving Record complete!
2026-09-05 22:01:59,053 - [18] - INFO  - Center.Server.CenterServer - Scan Consortiaboss award complete!
2026-09-05 22:01:59,054 - [18] - INFO  - Center.Server.CenterServer - Scan Consortiaboss complete!
2026-09-05 22:01:59,053 - [3] - INFO  - Center.Server.CenterServer - Saving database...
2026-09-05 22:01:59,057 - [3] - INFO  - Center.Server.CenterServer - Saving database complete!
2026-09-05 22:01:59,057 - [3] - INFO  - Center.Server.CenterServer - Saved all databases 16ms
2026-09-05 22:01:59,063 - [12] - INFO  - Center.Server.CenterServer - Scan Consortia complete!
2026-09-05 22:02:59,055 - [27] - INFO  - Center.Server.CenterServer - Scan Consortiaboss...
2026-09-05 22:02:59,055 - [27] - INFO  - Center.Server.CenterServer - Scan Consortiaboss complete!
2026-09-05 22:02:59,055 - [27] - INFO  - Center.Server.CenterServer - Saving Record...
2026-09-05 22:02:59,055 - [24] - INFO  - Center.Server.CenterServer - Scan  WorldEvent ...
2026-09-05 22:02:59,055 - [16] - INFO  - Center.Server.CenterServer - Saving database...
2026-09-05 22:02:59,055 - [24] - INFO  - Center.Server.CenterServer - Scan WorldEvent complete!
2026-09-05 22:02:59,055 - [3] - INFO  - Center.Server.CenterServer - Saving Record...
2026-09-05 22:02:59,055 - [3] - INFO  - Center.Server.CenterServer - Saving Record complete!
2026-09-05 22:02:59,060 - [16] - INFO  - Center.Server.CenterServer - Saving database complete!
2026-09-05 22:02:59,060 - [16] - INFO  - Center.Server.CenterServer - Saved all databases 0ms
2026-09-05 22:02:59,064 - [27] - INFO  - Center.Server.CenterServer - Scan Consortia complete!
2026-09-05 22:03:58,581 - [18] - INFO  - Center.Server.CenterServer - System Notice ...
2026-09-05 22:03:58,583 - [18] - INFO  - Center.Server.CenterServer - System Notice complete!
2026-09-05 22:03:59,074 - [18] - INFO  - Center.Server.CenterServer - Scan Consortiaboss...
2026-09-05 22:03:59,074 - [18] - INFO  - Center.Server.CenterServer - Scan Consortiaboss complete!
2026-09-05 22:03:59,074 - [14] - INFO  - Center.Server.CenterServer - Scan  WorldEvent ...
2026-09-05 22:03:59,074 - [30] - INFO  - Center.Server.CenterServer - Saving database...
2026-09-05 22:03:59,074 - [18] - INFO  - Center.Server.CenterServer - Saving Record...
2026-09-05 22:03:59,074 - [17] - INFO  - Center.Server.CenterServer - Saving Record...
2026-09-05 22:03:59,075 - [14] - INFO  - Center.Server.CenterServer - Scan WorldEvent complete!
2026-09-05 22:03:59,076 - [17] - INFO  - Center.Server.CenterServer - Saving Record complete!
2026-09-05 22:03:59,081 - [30] - INFO  - Center.Server.CenterServer - Saving database complete!
2026-09-05 22:03:59,081 - [30] - INFO  - Center.Server.CenterServer - Saved all databases 0ms
2026-09-05 22:03:59,086 - [18] - INFO  - Center.Server.CenterServer - Scan Consortia complete!
2026-09-05 22:04:59,083 - [12] - INFO  - Center.Server.CenterServer - Scan Consortiaboss...
2026-09-05 22:04:59,083 - [3] - INFO  - Center.Server.CenterServer - Saving Record...
2026-09-05 22:04:59,083 - [12] - INFO  - Center.Server.CenterServer - Scan Consortiaboss complete!
2026-09-05 22:04:59,083 - [24] - INFO  - Center.Server.CenterServer - Scan  WorldEvent ...
2026-09-05 22:04:59,083 - [16] - INFO  - Center.Server.CenterServer - Saving Record...
2026-09-05 22:04:59,083 - [24] - INFO  - Center.Server.CenterServer - Scan WorldEvent complete!
2026-09-05 22:04:59,083 - [27] - INFO  - Center.Server.CenterServer - Saving database...
2026-09-05 22:04:59,084 - [16] - INFO  - Center.Server.CenterServer - Saving Record complete!
2026-09-05 22:04:59,089 - [27] - INFO  - Center.Server.CenterServer - Saving database complete!
2026-09-05 22:04:59,089 - [27] - INFO  - Center.Server.CenterServer - Saved all databases 15ms
2026-09-05 22:04:59,099 - [3] - INFO  - Center.Server.CenterServer - Scan Consortia complete!
2026-09-05 22:05:58,606 - [14] - INFO  - Center.Server.CenterServer - System Notice ...
2026-09-05 22:05:58,618 - [14] - INFO  - Center.Server.CenterServer - System Notice complete!
2026-09-05 22:05:59,091 - [14] - INFO  - Center.Server.CenterServer - Scan Consortiaboss...
2026-09-05 22:05:59,091 - [24] - INFO  - Center.Server.CenterServer - Scan  WorldEvent ...
2026-09-05 22:05:59,096 - [16] - INFO  - Center.Server.CenterServer - Saving Record...
2026-09-05 22:05:59,098 - [12] - INFO  - Center.Server.CenterServer - Saving database...
2026-09-05 22:05:59,097 - [3] - INFO  - Center.Server.CenterServer - Saving Record...
2026-09-05 22:05:59,271 - [24] - INFO  - Center.Server.CenterServer - Scan WorldEvent complete!
2026-09-05 22:05:59,271 - [14] - INFO  - Center.Server.CenterServer - Scan Consortiaboss complete!
2026-09-05 22:05:59,286 - [3] - INFO  - Center.Server.CenterServer - Saving Record complete!
2026-09-05 22:05:59,288 - [12] - INFO  - Center.Server.CenterServer - Saving database complete!
2026-09-05 22:05:59,288 - [12] - INFO  - Center.Server.CenterServer - Saved all databases 188ms
2026-09-05 22:05:59,291 - [16] - INFO  - Center.Server.CenterServer - Scan Consortia complete!
2026-09-05 22:06:59,096 - [17] - INFO  - Center.Server.CenterServer - Scan Consortiaboss...
2026-09-05 22:06:59,096 - [3] - INFO  - Center.Server.CenterServer - Saving database...
2026-09-05 22:06:59,096 - [17] - INFO  - Center.Server.CenterServer - Scan Consortiaboss complete!
2026-09-05 22:06:59,096 - [22] - INFO  - Center.Server.CenterServer - Saving Record...
2026-09-05 22:06:59,096 - [10] - INFO  - Center.Server.CenterServer - Scan  WorldEvent ...
2026-09-05 22:06:59,097 - [10] - INFO  - Center.Server.CenterServer - Scan WorldEvent complete!
2026-09-05 22:06:59,096 - [12] - INFO  - Center.Server.CenterServer - Saving Record...
2026-09-05 22:06:59,100 - [12] - INFO  - Center.Server.CenterServer - Saving Record complete!
2026-09-05 22:06:59,103 - [3] - INFO  - Center.Server.CenterServer - Saving database complete!
2026-09-05 22:06:59,103 - [3] - INFO  - Center.Server.CenterServer - Saved all databases 16ms
2026-09-05 22:06:59,110 - [22] - INFO  - Center.Server.CenterServer - Scan Consortia complete!
2026-09-05 22:07:58,000 - [3] - INFO  - Center.Server.CenterServer - Saving Record...
2026-09-05 22:07:58,001 - [24] - INFO  - Center.Server.CenterServer - Saving Record...
2026-09-05 22:07:58,023 - [3] - INFO  - Center.Server.CenterServer - Scan Auction complete!
2026-09-05 22:07:58,026 - [24] - INFO  - Center.Server.CenterServer - Scan Mail complete!
2026-09-05 22:07:58,610 - [24] - INFO  - Center.Server.CenterServer - System Notice ...
2026-09-05 22:07:58,610 - [24] - INFO  - Center.Server.CenterServer - System Notice complete!
2026-09-05 22:07:59,108 - [12] - INFO  - Center.Server.CenterServer - Scan Consortiaboss...
2026-09-05 22:07:59,108 - [3] - INFO  - Center.Server.CenterServer - Scan  WorldEvent ...
2026-09-05 22:07:59,108 - [3] - INFO  - Center.Server.CenterServer - Scan WorldEvent complete!
2026-09-05 22:07:59,108 - [3] - INFO  - Center.Server.CenterServer - Saving Record...
2026-09-05 22:07:59,108 - [3] - INFO  - Center.Server.CenterServer - Saving Record complete!
2026-09-05 22:07:59,108 - [12] - INFO  - Center.Server.CenterServer - Scan Consortiaboss award complete!
2026-09-05 22:07:59,108 - [24] - INFO  - Center.Server.CenterServer - Saving Record...
2026-09-05 22:07:59,108 - [12] - INFO  - Center.Server.CenterServer - Scan Consortiaboss complete!
2026-09-05 22:07:59,108 - [3] - INFO  - Center.Server.CenterServer - Saving database...
2026-09-05 22:07:59,111 - [3] - INFO  - Center.Server.CenterServer - Saving database complete!
2026-09-05 22:07:59,111 - [3] - INFO  - Center.Server.CenterServer - Saved all databases 0ms
2026-09-05 22:07:59,116 - [24] - INFO  - Center.Server.CenterServer - Scan Consortia complete!
2026-09-05 22:08:59,117 - [10] - INFO  - Center.Server.CenterServer - Saving database...
2026-09-05 22:08:59,117 - [11] - INFO  - Center.Server.CenterServer - Saving Record...
2026-09-05 22:08:59,117 - [30] - INFO  - Center.Server.CenterServer - Saving Record...
2026-09-05 22:08:59,117 - [16] - INFO  - Center.Server.CenterServer - Scan Consortiaboss...
2026-09-05 22:08:59,119 - [11] - INFO  - Center.Server.CenterServer - Saving Record complete!
2026-09-05 22:08:59,119 - [16] - INFO  - Center.Server.CenterServer - Scan Consortiaboss complete!
2026-09-05 22:08:59,117 - [15] - INFO  - Center.Server.CenterServer - Scan  WorldEvent ...
2026-09-05 22:08:59,119 - [15] - INFO  - Center.Server.CenterServer - Scan WorldEvent complete!
2026-09-05 22:08:59,121 - [10] - INFO  - Center.Server.CenterServer - Saving database complete!
2026-09-05 22:08:59,121 - [10] - INFO  - Center.Server.CenterServer - Saved all databases 15ms
2026-09-05 22:08:59,128 - [30] - INFO  - Center.Server.CenterServer - Scan Consortia complete!
2026-09-05 22:09:58,625 - [17] - INFO  - Center.Server.CenterServer - System Notice ...
2026-09-05 22:09:58,625 - [17] - INFO  - Center.Server.CenterServer - System Notice complete!
2026-09-05 22:09:59,123 - [17] - INFO  - Center.Server.CenterServer - Scan Consortiaboss...
2026-09-05 22:09:59,123 - [17] - INFO  - Center.Server.CenterServer - Scan Consortiaboss complete!
2026-09-05 22:09:59,123 - [17] - INFO  - Center.Server.CenterServer - Scan  WorldEvent ...
2026-09-05 22:09:59,123 - [17] - INFO  - Center.Server.CenterServer - Scan WorldEvent complete!
2026-09-05 22:09:59,123 - [12] - INFO  - Center.Server.CenterServer - Saving Record...
2026-09-05 22:09:59,123 - [17] - INFO  - Center.Server.CenterServer - Saving Record...
2026-09-05 22:09:59,123 - [24] - INFO  - Center.Server.CenterServer - Saving database...
2026-09-05 22:09:59,125 - [17] - INFO  - Center.Server.CenterServer - Saving Record complete!
2026-09-05 22:09:59,130 - [24] - INFO  - Center.Server.CenterServer - Saving database complete!
2026-09-05 22:09:59,130 - [24] - INFO  - Center.Server.CenterServer - Saved all databases 0ms
2026-09-05 22:09:59,138 - [12] - INFO  - Center.Server.CenterServer - Scan Consortia complete!
2026-09-05 22:10:59,135 - [18] - INFO  - Center.Server.CenterServer - Scan Consortiaboss...
2026-09-05 22:10:59,136 - [17] - INFO  - Center.Server.CenterServer - Saving database...
2026-09-05 22:10:59,135 - [3] - INFO  - Center.Server.CenterServer - Saving Record...
2026-09-05 22:10:59,135 - [12] - INFO  - Center.Server.CenterServer - Saving Record...
2026-09-05 22:10:59,135 - [24] - INFO  - Center.Server.CenterServer - Scan  WorldEvent ...
2026-09-05 22:10:59,139 - [18] - INFO  - Center.Server.CenterServer - Scan Consortiaboss complete!
2026-09-05 22:10:59,140 - [24] - INFO  - Center.Server.CenterServer - Scan WorldEvent complete!
2026-09-05 22:10:59,140 - [12] - INFO  - Center.Server.CenterServer - Saving Record complete!
2026-09-05 22:10:59,143 - [17] - INFO  - Center.Server.CenterServer - Saving database complete!
2026-09-05 22:10:59,143 - [17] - INFO  - Center.Server.CenterServer - Saved all databases 0ms
2026-09-05 22:10:59,148 - [3] - INFO  - Center.Server.CenterServer - Scan Consortia complete!
2026-09-05 22:11:58,648 - [17] - INFO  - Center.Server.CenterServer - System Notice ...
2026-09-05 22:11:58,717 - [17] - INFO  - Center.Server.CenterServer - System Notice complete!
2026-09-05 22:11:59,162 - [17] - INFO  - Center.Server.CenterServer - Scan Consortiaboss...
2026-09-05 22:11:59,162 - [3] - INFO  - Center.Server.CenterServer - Saving Record...
2026-09-05 22:11:59,162 - [6] - INFO  - Center.Server.CenterServer - Scan  WorldEvent ...
2026-09-05 22:11:59,162 - [17] - INFO  - Center.Server.CenterServer - Scan Consortiaboss complete!
2026-09-05 22:11:59,162 - [17] - INFO  - Center.Server.CenterServer - Saving Record...
2026-09-05 22:11:59,162 - [18] - INFO  - Center.Server.CenterServer - Saving database...
2026-09-05 22:11:59,165 - [6] - INFO  - Center.Server.CenterServer - Scan WorldEvent complete!
2026-09-05 22:11:59,165 - [17] - INFO  - Center.Server.CenterServer - Saving Record complete!
2026-09-05 22:11:59,171 - [18] - INFO  - Center.Server.CenterServer - Saving database complete!
2026-09-05 22:11:59,171 - [18] - INFO  - Center.Server.CenterServer - Saved all databases 15ms
2026-09-05 22:11:59,177 - [3] - INFO  - Center.Server.CenterServer - Scan Consortia complete!
2026-09-05 22:12:59,169 - [21] - INFO  - Center.Server.CenterServer - Scan Consortiaboss...
2026-09-05 22:12:59,169 - [18] - INFO  - Center.Server.CenterServer - Scan  WorldEvent ...
2026-09-05 22:12:59,169 - [3] - INFO  - Center.Server.CenterServer - Saving Record...
2026-09-05 22:12:59,169 - [18] - INFO  - Center.Server.CenterServer - Scan WorldEvent complete!
2026-09-05 22:12:59,169 - [18] - INFO  - Center.Server.CenterServer - Saving Record...
2026-09-05 22:12:59,169 - [11] - INFO  - Center.Server.CenterServer - Saving database...
2026-09-05 22:12:59,169 - [18] - INFO  - Center.Server.CenterServer - Saving Record complete!
2026-09-05 22:12:59,169 - [21] - INFO  - Center.Server.CenterServer - Scan Consortiaboss complete!
2026-09-05 22:12:59,174 - [11] - INFO  - Center.Server.CenterServer - Saving database complete!
2026-09-05 22:12:59,174 - [11] - INFO  - Center.Server.CenterServer - Saved all databases 0ms
2026-09-05 22:12:59,180 - [3] - INFO  - Center.Server.CenterServer - Scan Consortia complete!
2026-09-05 22:13:58,660 - [22] - INFO  - Center.Server.CenterServer - System Notice ...
2026-09-05 22:13:58,660 - [22] - INFO  - Center.Server.CenterServer - System Notice complete!
2026-09-05 22:13:59,171 - [22] - INFO  - Center.Server.CenterServer - Scan Consortiaboss...
2026-09-05 22:13:59,171 - [24] - INFO  - Center.Server.CenterServer - Scan  WorldEvent ...
2026-09-05 22:13:59,171 - [6] - INFO  - Center.Server.CenterServer - Saving Record...
2026-09-05 22:13:59,171 - [22] - INFO  - Center.Server.CenterServer - Scan Consortiaboss award complete!
2026-09-05 22:13:59,171 - [22] - INFO  - Center.Server.CenterServer - Scan Consortiaboss complete!
2026-09-05 22:13:59,171 - [27] - INFO  - Center.Server.CenterServer - Saving database...
2026-09-05 22:13:59,171 - [10] - INFO  - Center.Server.CenterServer - Saving Record...
2026-09-05 22:13:59,171 - [10] - INFO  - Center.Server.CenterServer - Saving Record complete!
2026-09-05 22:13:59,171 - [24] - INFO  - Center.Server.CenterServer - Scan WorldEvent complete!
2026-09-05 22:13:59,175 - [27] - INFO  - Center.Server.CenterServer - Saving database complete!
2026-09-05 22:13:59,175 - [27] - INFO  - Center.Server.CenterServer - Saved all databases 0ms
2026-09-05 22:13:59,180 - [6] - INFO  - Center.Server.CenterServer - Scan Consortia complete!
2026-09-05 22:14:59,177 - [10] - INFO  - Center.Server.CenterServer - Scan Consortiaboss...
2026-09-05 22:14:59,177 - [28] - INFO  - Center.Server.CenterServer - Scan  WorldEvent ...
2026-09-05 22:14:59,177 - [15] - INFO  - Center.Server.CenterServer - Saving Record...
2026-09-05 22:14:59,178 - [17] - INFO  - Center.Server.CenterServer - Saving database...
2026-09-05 22:14:59,177 - [11] - INFO  - Center.Server.CenterServer - Saving Record...
2026-09-05 22:14:59,179 - [11] - INFO  - Center.Server.CenterServer - Saving Record complete!
2026-09-05 22:14:59,178 - [10] - INFO  - Center.Server.CenterServer - Scan Consortiaboss complete!
2026-09-05 22:14:59,177 - [28] - INFO  - Center.Server.CenterServer - Scan WorldEvent complete!
2026-09-05 22:14:59,181 - [17] - INFO  - Center.Server.CenterServer - Saving database complete!
2026-09-05 22:14:59,181 - [17] - INFO  - Center.Server.CenterServer - Saved all databases 16ms
2026-09-05 22:14:59,190 - [15] - INFO  - Center.Server.CenterServer - Scan Consortia complete!
2026-09-05 22:15:58,673 - [24] - INFO  - Center.Server.CenterServer - System Notice ...
2026-09-05 22:15:58,673 - [24] - INFO  - Center.Server.CenterServer - System Notice complete!
2026-09-05 22:15:59,187 - [24] - INFO  - Center.Server.CenterServer - Scan Consortiaboss...
2026-09-05 22:15:59,187 - [11] - INFO  - Center.Server.CenterServer - Scan  WorldEvent ...
2026-09-05 22:15:59,187 - [11] - INFO  - Center.Server.CenterServer - Scan WorldEvent complete!
2026-09-05 22:15:59,187 - [28] - INFO  - Center.Server.CenterServer - Saving Record...
2026-09-05 22:15:59,187 - [11] - INFO  - Center.Server.CenterServer - Saving database...
2026-09-05 22:15:59,187 - [15] - INFO  - Center.Server.CenterServer - Saving Record...
2026-09-05 22:15:59,187 - [28] - INFO  - Center.Server.CenterServer - Saving Record complete!
2026-09-05 22:15:59,187 - [24] - INFO  - Center.Server.CenterServer - Scan Consortiaboss complete!
2026-09-05 22:15:59,192 - [11] - INFO  - Center.Server.CenterServer - Saving database complete!
2026-09-05 22:15:59,192 - [11] - INFO  - Center.Server.CenterServer - Saved all databases 0ms
2026-09-05 22:15:59,199 - [15] - INFO  - Center.Server.CenterServer - Scan Consortia complete!
2026-09-05 22:16:59,196 - [27] - INFO  - Center.Server.CenterServer - Scan Consortiaboss...
2026-09-05 22:16:59,196 - [3] - INFO  - Center.Server.CenterServer - Saving Record...
2026-09-05 22:16:59,196 - [27] - INFO  - Center.Server.CenterServer - Scan Consortiaboss complete!
2026-09-05 22:16:59,196 - [15] - INFO  - Center.Server.CenterServer - Saving Record...
2026-09-05 22:16:59,196 - [27] - INFO  - Center.Server.CenterServer - Saving database...
2026-09-05 22:16:59,197 - [15] - INFO  - Center.Server.CenterServer - Saving Record complete!
2026-09-05 22:16:59,196 - [16] - INFO  - Center.Server.CenterServer - Scan  WorldEvent ...
2026-09-05 22:16:59,197 - [16] - INFO  - Center.Server.CenterServer - Scan WorldEvent complete!
2026-09-05 22:16:59,200 - [27] - INFO  - Center.Server.CenterServer - Saving database complete!
2026-09-05 22:16:59,200 - [27] - INFO  - Center.Server.CenterServer - Saved all databases 0ms
2026-09-05 22:16:59,208 - [3] - INFO  - Center.Server.CenterServer - Scan Consortia complete!
2026-09-05 22:17:58,686 - [28] - INFO  - Center.Server.CenterServer - System Notice ...
2026-09-05 22:17:58,686 - [28] - INFO  - Center.Server.CenterServer - System Notice complete!
2026-09-05 22:17:59,200 - [28] - INFO  - Center.Server.CenterServer - Saving Record...
2026-09-05 22:17:59,200 - [3] - INFO  - Center.Server.CenterServer - Scan Consortiaboss...
2026-09-05 22:17:59,200 - [10] - INFO  - Center.Server.CenterServer - Scan  WorldEvent ...
2026-09-05 22:17:59,201 - [3] - INFO  - Center.Server.CenterServer - Scan Consortiaboss complete!
2026-09-05 22:17:59,201 - [10] - INFO  - Center.Server.CenterServer - Scan WorldEvent complete!
2026-09-05 22:17:59,201 - [3] - INFO  - Center.Server.CenterServer - Saving Record...
2026-09-05 22:17:59,201 - [27] - INFO  - Center.Server.CenterServer - Saving database...
2026-09-05 22:17:59,201 - [3] - INFO  - Center.Server.CenterServer - Saving Record complete!
2026-09-05 22:17:59,205 - [27] - INFO  - Center.Server.CenterServer - Saving database complete!
2026-09-05 22:17:59,205 - [27] - INFO  - Center.Server.CenterServer - Saved all databases 0ms
2026-09-05 22:17:59,214 - [28] - INFO  - Center.Server.CenterServer - Scan Consortia complete!
2026-09-05 22:18:59,213 - [11] - INFO  - Center.Server.CenterServer - Scan Consortiaboss...
2026-09-05 22:18:59,214 - [11] - INFO  - Center.Server.CenterServer - Scan Consortiaboss complete!
2026-09-05 22:18:59,214 - [9] - INFO  - Center.Server.CenterServer - Saving Record...
2026-09-05 22:18:59,214 - [21] - INFO  - Center.Server.CenterServer - Saving Record...
2026-09-05 22:18:59,214 - [11] - INFO  - Center.Server.CenterServer - Saving database...
2026-09-05 22:18:59,214 - [21] - INFO  - Center.Server.CenterServer - Saving Record complete!
2026-09-05 22:18:59,214 - [6] - INFO  - Center.Server.CenterServer - Scan  WorldEvent ...
2026-09-05 22:18:59,214 - [6] - INFO  - Center.Server.CenterServer - Scan WorldEvent complete!
2026-09-05 22:18:59,219 - [11] - INFO  - Center.Server.CenterServer - Saving database complete!
2026-09-05 22:18:59,219 - [11] - INFO  - Center.Server.CenterServer - Saved all databases 0ms
2026-09-05 22:18:59,226 - [9] - INFO  - Center.Server.CenterServer - Scan Consortia complete!
2026-09-05 22:19:58,784 - [27] - INFO  - Center.Server.CenterServer - System Notice ...
2026-09-05 22:19:58,784 - [27] - INFO  - Center.Server.CenterServer - System Notice complete!
2026-09-05 22:19:59,266 - [27] - INFO  - Center.Server.CenterServer - Scan Consortiaboss...
2026-09-05 22:19:59,266 - [15] - INFO  - Center.Server.CenterServer - Saving Record...
2026-09-05 22:19:59,266 - [27] - INFO  - Center.Server.CenterServer - Scan Consortiaboss award complete!
2026-09-05 22:19:59,267 - [27] - INFO  - Center.Server.CenterServer - Scan Consortiaboss complete!
2026-09-05 22:19:59,266 - [28] - INFO  - Center.Server.CenterServer - Scan  WorldEvent ...
2026-09-05 22:19:59,267 - [28] - INFO  - Center.Server.CenterServer - Scan WorldEvent complete!
2026-09-05 22:19:59,266 - [6] - INFO  - Center.Server.CenterServer - Saving database...
2026-09-05 22:19:59,266 - [10] - INFO  - Center.Server.CenterServer - Saving Record...
2026-09-05 22:19:59,268 - [10] - INFO  - Center.Server.CenterServer - Saving Record complete!
2026-09-05 22:19:59,271 - [6] - INFO  - Center.Server.CenterServer - Saving database complete!
2026-09-05 22:19:59,271 - [6] - INFO  - Center.Server.CenterServer - Saved all databases 0ms
2026-09-05 22:19:59,280 - [15] - INFO  - Center.Server.CenterServer - Scan Consortia complete!
2026-09-05 22:20:59,287 - [9] - INFO  - Center.Server.CenterServer - Scan Consortiaboss...
2026-09-05 22:20:59,287 - [6] - INFO  - Center.Server.CenterServer - Scan  WorldEvent ...
2026-09-05 22:20:59,287 - [9] - INFO  - Center.Server.CenterServer - Scan Consortiaboss complete!
2026-09-05 22:20:59,287 - [6] - INFO  - Center.Server.CenterServer - Scan WorldEvent complete!
2026-09-05 22:20:59,287 - [9] - INFO  - Center.Server.CenterServer - Saving Record...
2026-09-05 22:20:59,287 - [28] - INFO  - Center.Server.CenterServer - Saving database...
2026-09-05 22:20:59,287 - [10] - INFO  - Center.Server.CenterServer - Saving Record...
2026-09-05 22:20:59,287 - [9] - INFO  - Center.Server.CenterServer - Saving Record complete!
2026-09-05 22:20:59,292 - [28] - INFO  - Center.Server.CenterServer - Saving database complete!
2026-09-05 22:20:59,292 - [28] - INFO  - Center.Server.CenterServer - Saved all databases 15ms
2026-09-05 22:20:59,300 - [10] - INFO  - Center.Server.CenterServer - Scan Consortia complete!
2026-09-05 22:21:58,805 - [24] - INFO  - Center.Server.CenterServer - System Notice ...
2026-09-05 22:21:58,805 - [24] - INFO  - Center.Server.CenterServer - System Notice complete!
2026-09-05 22:21:59,290 - [24] - INFO  - Center.Server.CenterServer - Scan Consortiaboss...
2026-09-05 22:21:59,290 - [24] - INFO  - Center.Server.CenterServer - Scan Consortiaboss complete!
2026-09-05 22:21:59,290 - [24] - INFO  - Center.Server.CenterServer - Scan  WorldEvent ...
2026-09-05 22:21:59,291 - [17] - INFO  - Center.Server.CenterServer - Saving Record...
2026-09-05 22:21:59,291 - [28] - INFO  - Center.Server.CenterServer - Saving database...
2026-09-05 22:21:59,291 - [24] - INFO  - Center.Server.CenterServer - Scan WorldEvent complete!
2026-09-05 22:21:59,291 - [14] - INFO  - Center.Server.CenterServer - Saving Record...
2026-09-05 22:21:59,291 - [14] - INFO  - Center.Server.CenterServer - Saving Record complete!
2026-09-05 22:21:59,294 - [28] - INFO  - Center.Server.CenterServer - Saving database complete!
2026-09-05 22:21:59,294 - [28] - INFO  - Center.Server.CenterServer - Saved all databases 0ms
2026-09-05 22:21:59,300 - [17] - INFO  - Center.Server.CenterServer - Scan Consortia complete!
2026-09-05 22:22:59,292 - [15] - INFO  - Center.Server.CenterServer - Scan Consortiaboss...
2026-09-05 22:22:59,292 - [15] - INFO  - Center.Server.CenterServer - Scan Consortiaboss complete!
2026-09-05 22:22:59,292 - [28] - INFO  - Center.Server.CenterServer - Scan  WorldEvent ...
2026-09-05 22:22:59,292 - [28] - INFO  - Center.Server.CenterServer - Scan WorldEvent complete!
2026-09-05 22:22:59,292 - [15] - INFO  - Center.Server.CenterServer - Saving Record...
2026-09-05 22:22:59,292 - [17] - INFO  - Center.Server.CenterServer - Saving database...
2026-09-05 22:22:59,292 - [15] - INFO  - Center.Server.CenterServer - Saving Record complete!
2026-09-05 22:22:59,292 - [14] - INFO  - Center.Server.CenterServer - Saving Record...
2026-09-05 22:22:59,294 - [17] - INFO  - Center.Server.CenterServer - Saving database complete!
2026-09-05 22:22:59,294 - [17] - INFO  - Center.Server.CenterServer - Saved all databases 0ms
2026-09-05 22:22:59,300 - [14] - INFO  - Center.Server.CenterServer - Scan Consortia complete!
2026-09-05 22:23:58,807 - [6] - INFO  - Center.Server.CenterServer - System Notice ...
2026-09-05 22:23:58,807 - [6] - INFO  - Center.Server.CenterServer - System Notice complete!
2026-09-05 22:23:59,321 - [6] - INFO  - Center.Server.CenterServer - Scan Consortiaboss...
2026-09-05 22:23:59,321 - [9] - INFO  - Center.Server.CenterServer - Scan  WorldEvent ...
2026-09-05 22:23:59,321 - [9] - INFO  - Center.Server.CenterServer - Scan WorldEvent complete!
2026-09-05 22:23:59,321 - [10] - INFO  - Center.Server.CenterServer - Saving Record...
2026-09-05 22:23:59,321 - [24] - INFO  - Center.Server.CenterServer - Saving Record...
2026-09-05 22:23:59,321 - [9] - INFO  - Center.Server.CenterServer - Saving database...
2026-09-05 22:23:59,321 - [6] - INFO  - Center.Server.CenterServer - Scan Consortiaboss complete!
2026-09-05 22:23:59,322 - [24] - INFO  - Center.Server.CenterServer - Saving Record complete!
2026-09-05 22:23:59,326 - [9] - INFO  - Center.Server.CenterServer - Saving database complete!
2026-09-05 22:23:59,326 - [9] - INFO  - Center.Server.CenterServer - Saved all databases 16ms
2026-09-05 22:23:59,331 - [10] - INFO  - Center.Server.CenterServer - Scan Consortia complete!
2026-09-05 22:24:59,334 - [14] - INFO  - Center.Server.CenterServer - Scan  WorldEvent ...
2026-09-05 22:24:59,334 - [28] - INFO  - Center.Server.CenterServer - Saving Record...
2026-09-05 22:24:59,335 - [14] - INFO  - Center.Server.CenterServer - Scan WorldEvent complete!
2026-09-05 22:24:59,334 - [17] - INFO  - Center.Server.CenterServer - Scan Consortiaboss...
2026-09-05 22:24:59,335 - [17] - INFO  - Center.Server.CenterServer - Scan Consortiaboss complete!
2026-09-05 22:24:59,334 - [15] - INFO  - Center.Server.CenterServer - Saving Record...
2026-09-05 22:24:59,336 - [15] - INFO  - Center.Server.CenterServer - Saving Record complete!
2026-09-05 22:24:59,335 - [3] - INFO  - Center.Server.CenterServer - Saving database...
2026-09-05 22:24:59,341 - [3] - INFO  - Center.Server.CenterServer - Saving database complete!
2026-09-05 22:24:59,341 - [3] - INFO  - Center.Server.CenterServer - Saved all databases 15ms
2026-09-05 22:24:59,345 - [28] - INFO  - Center.Server.CenterServer - Scan Consortia complete!
2026-09-05 22:25:58,812 - [11] - INFO  - Center.Server.CenterServer - System Notice ...
2026-09-05 22:25:58,812 - [11] - INFO  - Center.Server.CenterServer - System Notice complete!
2026-09-05 22:25:59,340 - [11] - INFO  - Center.Server.CenterServer - Scan Consortiaboss...
2026-09-05 22:25:59,340 - [15] - INFO  - Center.Server.CenterServer - Scan  WorldEvent ...
2026-09-05 22:25:59,340 - [17] - INFO  - Center.Server.CenterServer - Saving database...
2026-09-05 22:25:59,340 - [15] - INFO  - Center.Server.CenterServer - Scan WorldEvent complete!
2026-09-05 22:25:59,340 - [11] - INFO  - Center.Server.CenterServer - Scan Consortiaboss award complete!
2026-09-05 22:25:59,340 - [14] - INFO  - Center.Server.CenterServer - Saving Record...
2026-09-05 22:25:59,341 - [11] - INFO  - Center.Server.CenterServer - Scan Consortiaboss complete!
2026-09-05 22:25:59,340 - [28] - INFO  - Center.Server.CenterServer - Saving Record...
2026-09-05 22:25:59,341 - [28] - INFO  - Center.Server.CenterServer - Saving Record complete!
2026-09-05 22:25:59,345 - [17] - INFO  - Center.Server.CenterServer - Saving database complete!
2026-09-05 22:25:59,345 - [17] - INFO  - Center.Server.CenterServer - Saved all databases 0ms
2026-09-05 22:25:59,351 - [14] - INFO  - Center.Server.CenterServer - Scan Consortia complete!
2026-09-05 22:26:59,342 - [17] - INFO  - Center.Server.CenterServer - Saving Record...
2026-09-05 22:26:59,342 - [22] - INFO  - Center.Server.CenterServer - Scan  WorldEvent ...
2026-09-05 22:26:59,342 - [15] - INFO  - Center.Server.CenterServer - Saving database...
2026-09-05 22:26:59,342 - [22] - INFO  - Center.Server.CenterServer - Scan WorldEvent complete!
2026-09-05 22:26:59,342 - [17] - INFO  - Center.Server.CenterServer - Saving Record complete!
2026-09-05 22:26:59,342 - [27] - INFO  - Center.Server.CenterServer - Scan Consortiaboss...
2026-09-05 22:26:59,342 - [27] - INFO  - Center.Server.CenterServer - Scan Consortiaboss complete!
2026-09-05 22:26:59,342 - [10] - INFO  - Center.Server.CenterServer - Saving Record...
2026-09-05 22:26:59,346 - [15] - INFO  - Center.Server.CenterServer - Saving database complete!
2026-09-05 22:26:59,346 - [15] - INFO  - Center.Server.CenterServer - Saved all databases 0ms
2026-09-05 22:26:59,359 - [10] - INFO  - Center.Server.CenterServer - Scan Consortia complete!
2026-09-05 22:27:58,823 - [14] - INFO  - Center.Server.CenterServer - System Notice ...
2026-09-05 22:27:58,824 - [14] - INFO  - Center.Server.CenterServer - System Notice complete!
2026-09-05 22:27:59,355 - [14] - INFO  - Center.Server.CenterServer - Scan Consortiaboss...
2026-09-05 22:27:59,355 - [14] - INFO  - Center.Server.CenterServer - Scan Consortiaboss complete!
2026-09-05 22:27:59,355 - [28] - INFO  - Center.Server.CenterServer - Scan  WorldEvent ...
2026-09-05 22:27:59,355 - [28] - INFO  - Center.Server.CenterServer - Scan WorldEvent complete!
2026-09-05 22:27:59,356 - [14] - INFO  - Center.Server.CenterServer - Saving Record...
2026-09-05 22:27:59,356 - [17] - INFO  - Center.Server.CenterServer - Saving Record...
2026-09-05 22:27:59,356 - [28] - INFO  - Center.Server.CenterServer - Saving database...
2026-09-05 22:27:59,356 - [17] - INFO  - Center.Server.CenterServer - Saving Record complete!
2026-09-05 22:27:59,362 - [28] - INFO  - Center.Server.CenterServer - Saving database complete!
2026-09-05 22:27:59,362 - [28] - INFO  - Center.Server.CenterServer - Saved all databases 0ms
2026-09-05 22:27:59,370 - [14] - INFO  - Center.Server.CenterServer - Scan Consortia complete!
2026-09-05 22:28:59,362 - [30] - INFO  - Center.Server.CenterServer - Scan  WorldEvent ...
2026-09-05 22:28:59,362 - [6] - INFO  - Center.Server.CenterServer - Saving Record...
2026-09-05 22:28:59,362 - [30] - INFO  - Center.Server.CenterServer - Scan WorldEvent complete!
2026-09-05 22:28:59,362 - [11] - INFO  - Center.Server.CenterServer - Saving Record...
2026-09-05 22:28:59,362 - [30] - INFO  - Center.Server.CenterServer - Saving database...
2026-09-05 22:28:59,362 - [11] - INFO  - Center.Server.CenterServer - Saving Record complete!
2026-09-05 22:28:59,362 - [27] - INFO  - Center.Server.CenterServer - Scan Consortiaboss...
2026-09-05 22:28:59,363 - [27] - INFO  - Center.Server.CenterServer - Scan Consortiaboss complete!
2026-09-05 22:28:59,366 - [30] - INFO  - Center.Server.CenterServer - Saving database complete!
2026-09-05 22:28:59,366 - [30] - INFO  - Center.Server.CenterServer - Saved all databases 0ms
2026-09-05 22:28:59,374 - [6] - INFO  - Center.Server.CenterServer - Scan Consortia complete!
2026-09-05 22:29:58,846 - [22] - INFO  - Center.Server.CenterServer - System Notice ...
2026-09-05 22:29:58,846 - [22] - INFO  - Center.Server.CenterServer - System Notice complete!
2026-09-05 22:29:59,375 - [22] - INFO  - Center.Server.CenterServer - Scan Consortiaboss...
2026-09-05 22:29:59,375 - [22] - INFO  - Center.Server.CenterServer - Scan Consortiaboss complete!
2026-09-05 22:29:59,375 - [22] - INFO  - Center.Server.CenterServer - Saving Record...
2026-09-05 22:29:59,375 - [28] - INFO  - Center.Server.CenterServer - Scan  WorldEvent ...
2026-09-05 22:29:59,375 - [28] - INFO  - Center.Server.CenterServer - Scan WorldEvent complete!
2026-09-05 22:29:59,375 - [14] - INFO  - Center.Server.CenterServer - Saving Record...
2026-09-05 22:29:59,375 - [28] - INFO  - Center.Server.CenterServer - Saving database...
2026-09-05 22:29:59,375 - [14] - INFO  - Center.Server.CenterServer - Saving Record complete!
2026-09-05 22:29:59,380 - [28] - INFO  - Center.Server.CenterServer - Saving database complete!
2026-09-05 22:29:59,380 - [28] - INFO  - Center.Server.CenterServer - Saved all databases 0ms
2026-09-05 22:29:59,394 - [22] - INFO  - Center.Server.CenterServer - Scan Consortia complete!
2026-09-05 22:30:59,387 - [11] - INFO  - Center.Server.CenterServer - Scan Consortiaboss...
2026-09-05 22:30:59,387 - [14] - INFO  - Center.Server.CenterServer - Scan  WorldEvent ...
2026-09-05 22:30:59,387 - [28] - INFO  - Center.Server.CenterServer - Saving Record...
2026-09-05 22:30:59,387 - [11] - INFO  - Center.Server.CenterServer - Scan Consortiaboss complete!
2026-09-05 22:30:59,387 - [6] - INFO  - Center.Server.CenterServer - Saving Record...
2026-09-05 22:30:59,387 - [22] - INFO  - Center.Server.CenterServer - Saving database...
2026-09-05 22:30:59,387 - [14] - INFO  - Center.Server.CenterServer - Scan WorldEvent complete!
2026-09-05 22:30:59,387 - [6] - INFO  - Center.Server.CenterServer - Saving Record complete!
2026-09-05 22:30:59,392 - [22] - INFO  - Center.Server.CenterServer - Saving database complete!
2026-09-05 22:30:59,392 - [22] - INFO  - Center.Server.CenterServer - Saved all databases 0ms
2026-09-05 22:30:59,396 - [28] - INFO  - Center.Server.CenterServer - Scan Consortia complete!
2026-09-05 22:31:58,852 - [16] - INFO  - Center.Server.CenterServer - System Notice ...
2026-09-05 22:31:58,852 - [16] - INFO  - Center.Server.CenterServer - System Notice complete!
2026-09-05 22:31:59,411 - [16] - INFO  - Center.Server.CenterServer - Scan Consortiaboss...
2026-09-05 22:31:59,411 - [9] - INFO  - Center.Server.CenterServer - Scan  WorldEvent ...
2026-09-05 22:31:59,411 - [16] - INFO  - Center.Server.CenterServer - Scan Consortiaboss award complete!
2026-09-05 22:31:59,411 - [16] - INFO  - Center.Server.CenterServer - Scan Consortiaboss complete!
2026-09-05 22:31:59,411 - [16] - INFO  - Center.Server.CenterServer - Saving database...
2026-09-05 22:31:59,411 - [9] - INFO  - Center.Server.CenterServer - Scan WorldEvent complete!
2026-09-05 22:31:59,411 - [6] - INFO  - Center.Server.CenterServer - Saving Record...
2026-09-05 22:31:59,411 - [22] - INFO  - Center.Server.CenterServer - Saving Record...
2026-09-05 22:31:59,415 - [22] - INFO  - Center.Server.CenterServer - Saving Record complete!
2026-09-05 22:31:59,416 - [16] - INFO  - Center.Server.CenterServer - Saving database complete!
2026-09-05 22:31:59,416 - [16] - INFO  - Center.Server.CenterServer - Saved all databases 15ms
2026-09-05 22:31:59,422 - [6] - INFO  - Center.Server.CenterServer - Scan Consortia complete!
2026-09-05 22:32:59,428 - [14] - INFO  - Center.Server.CenterServer - Scan Consortiaboss...
2026-09-05 22:32:59,428 - [14] - INFO  - Center.Server.CenterServer - Scan Consortiaboss complete!
2026-09-05 22:32:59,428 - [14] - INFO  - Center.Server.CenterServer - Scan  WorldEvent ...
2026-09-05 22:32:59,428 - [14] - INFO  - Center.Server.CenterServer - Scan WorldEvent complete!
2026-09-05 22:32:59,428 - [14] - INFO  - Center.Server.CenterServer - Saving Record...
2026-09-05 22:32:59,428 - [22] - INFO  - Center.Server.CenterServer - Saving Record...
2026-09-05 22:32:59,428 - [14] - INFO  - Center.Server.CenterServer - Saving Record complete!
2026-09-05 22:32:59,428 - [28] - INFO  - Center.Server.CenterServer - Saving database...
2026-09-05 22:32:59,433 - [28] - INFO  - Center.Server.CenterServer - Saving database complete!
2026-09-05 22:32:59,433 - [28] - INFO  - Center.Server.CenterServer - Saved all databases 16ms
2026-09-05 22:32:59,438 - [22] - INFO  - Center.Server.CenterServer - Scan Consortia complete!
2026-09-05 22:33:58,863 - [9] - INFO  - Center.Server.CenterServer - System Notice ...
2026-09-05 22:33:58,863 - [9] - INFO  - Center.Server.CenterServer - System Notice complete!
2026-09-05 22:33:59,438 - [9] - INFO  - Center.Server.CenterServer - Scan Consortiaboss...
2026-09-05 22:33:59,438 - [9] - INFO  - Center.Server.CenterServer - Scan Consortiaboss complete!
2026-09-05 22:33:59,438 - [9] - INFO  - Center.Server.CenterServer - Scan  WorldEvent ...
2026-09-05 22:33:59,438 - [9] - INFO  - Center.Server.CenterServer - Scan WorldEvent complete!
2026-09-05 22:33:59,438 - [21] - INFO  - Center.Server.CenterServer - Saving Record...
2026-09-05 22:33:59,438 - [30] - INFO  - Center.Server.CenterServer - Saving Record...
2026-09-05 22:33:59,438 - [9] - INFO  - Center.Server.CenterServer - Saving database...
2026-09-05 22:33:59,438 - [30] - INFO  - Center.Server.CenterServer - Saving Record complete!
2026-09-05 22:33:59,442 - [9] - INFO  - Center.Server.CenterServer - Saving database complete!
2026-09-05 22:33:59,442 - [9] - INFO  - Center.Server.CenterServer - Saved all databases 0ms
2026-09-05 22:33:59,447 - [21] - INFO  - Center.Server.CenterServer - Scan Consortia complete!
2026-09-05 22:34:59,454 - [6] - INFO  - Center.Server.CenterServer - Scan Consortiaboss...
2026-09-05 22:34:59,454 - [6] - INFO  - Center.Server.CenterServer - Scan Consortiaboss complete!
2026-09-05 22:34:59,454 - [14] - INFO  - Center.Server.CenterServer - Saving Record...
2026-09-05 22:34:59,454 - [28] - INFO  - Center.Server.CenterServer - Saving Record...
2026-09-05 22:34:59,455 - [14] - INFO  - Center.Server.CenterServer - Saving Record complete!
2026-09-05 22:34:59,454 - [21] - INFO  - Center.Server.CenterServer - Saving database...
2026-09-05 22:34:59,454 - [22] - INFO  - Center.Server.CenterServer - Scan  WorldEvent ...
2026-09-05 22:34:59,458 - [22] - INFO  - Center.Server.CenterServer - Scan WorldEvent complete!
2026-09-05 22:34:59,461 - [21] - INFO  - Center.Server.CenterServer - Saving database complete!
2026-09-05 22:34:59,461 - [21] - INFO  - Center.Server.CenterServer - Saved all databases 15ms
2026-09-05 22:34:59,468 - [28] - INFO  - Center.Server.CenterServer - Scan Consortia complete!
2026-09-05 22:35:58,875 - [21] - INFO  - Center.Server.CenterServer - System Notice ...
2026-09-05 22:35:58,875 - [21] - INFO  - Center.Server.CenterServer - System Notice complete!
2026-09-05 22:35:59,456 - [21] - INFO  - Center.Server.CenterServer - Scan Consortiaboss...
2026-09-05 22:35:59,456 - [21] - INFO  - Center.Server.CenterServer - Scan Consortiaboss complete!
2026-09-05 22:35:59,456 - [21] - INFO  - Center.Server.CenterServer - Scan  WorldEvent ...
2026-09-05 22:35:59,456 - [21] - INFO  - Center.Server.CenterServer - Scan WorldEvent complete!
2026-09-05 22:35:59,456 - [28] - INFO  - Center.Server.CenterServer - Saving Record...
2026-09-05 22:35:59,456 - [14] - INFO  - Center.Server.CenterServer - Saving database...
2026-09-05 22:35:59,456 - [3] - INFO  - Center.Server.CenterServer - Saving Record...
2026-09-05 22:35:59,456 - [28] - INFO  - Center.Server.CenterServer - Saving Record complete!
2026-09-05 22:35:59,460 - [14] - INFO  - Center.Server.CenterServer - Saving database complete!
2026-09-05 22:35:59,461 - [14] - INFO  - Center.Server.CenterServer - Saved all databases 0ms
2026-09-05 22:35:59,466 - [3] - INFO  - Center.Server.CenterServer - Scan Consortia complete!
2026-09-05 22:36:59,458 - [27] - INFO  - Center.Server.CenterServer - Scan Consortiaboss...
2026-09-05 22:36:59,458 - [17] - INFO  - Center.Server.CenterServer - Scan  WorldEvent ...
2026-09-05 22:36:59,458 - [27] - INFO  - Center.Server.CenterServer - Scan Consortiaboss complete!
2026-09-05 22:36:59,458 - [10] - INFO  - Center.Server.CenterServer - Saving Record...
2026-09-05 22:36:59,458 - [17] - INFO  - Center.Server.CenterServer - Scan WorldEvent complete!
2026-09-05 22:36:59,458 - [27] - INFO  - Center.Server.CenterServer - Saving Record...
2026-09-05 22:36:59,458 - [17] - INFO  - Center.Server.CenterServer - Saving database...
2026-09-05 22:36:59,458 - [27] - INFO  - Center.Server.CenterServer - Saving Record complete!
2026-09-05 22:36:59,460 - [17] - INFO  - Center.Server.CenterServer - Saving database complete!
2026-09-05 22:36:59,460 - [17] - INFO  - Center.Server.CenterServer - Saved all databases 0ms
2026-09-05 22:36:59,467 - [10] - INFO  - Center.Server.CenterServer - Scan Consortia complete!
2026-09-05 22:37:58,880 - [27] - INFO  - Center.Server.CenterServer - System Notice ...
2026-09-05 22:37:58,880 - [27] - INFO  - Center.Server.CenterServer - System Notice complete!
2026-09-05 22:37:59,473 - [27] - INFO  - Center.Server.CenterServer - Scan Consortiaboss...
2026-09-05 22:37:59,473 - [27] - INFO  - Center.Server.CenterServer - Scan Consortiaboss award complete!
2026-09-05 22:37:59,473 - [27] - INFO  - Center.Server.CenterServer - Scan Consortiaboss complete!
2026-09-05 22:37:59,473 - [17] - INFO  - Center.Server.CenterServer - Scan  WorldEvent ...
2026-09-05 22:37:59,473 - [17] - INFO  - Center.Server.CenterServer - Scan WorldEvent complete!
2026-09-05 22:37:59,473 - [12] - INFO  - Center.Server.CenterServer - Saving Record...
2026-09-05 22:37:59,473 - [17] - INFO  - Center.Server.CenterServer - Saving database...
2026-09-05 22:37:59,473 - [12] - INFO  - Center.Server.CenterServer - Saving Record complete!
2026-09-05 22:37:59,473 - [27] - INFO  - Center.Server.CenterServer - Saving Record...
2026-09-05 22:37:59,477 - [17] - INFO  - Center.Server.CenterServer - Saving database complete!
2026-09-05 22:37:59,477 - [17] - INFO  - Center.Server.CenterServer - Saved all databases 0ms
2026-09-05 22:37:59,486 - [27] - INFO  - Center.Server.CenterServer - Scan Consortia complete!
2026-09-05 22:38:59,477 - [9] - INFO  - Center.Server.CenterServer - Scan Consortiaboss...
2026-09-05 22:38:59,477 - [9] - INFO  - Center.Server.CenterServer - Scan Consortiaboss complete!
2026-09-05 22:38:59,477 - [6] - INFO  - Center.Server.CenterServer - Scan  WorldEvent ...
2026-09-05 22:38:59,477 - [21] - INFO  - Center.Server.CenterServer - Saving database...
2026-09-05 22:38:59,477 - [6] - INFO  - Center.Server.CenterServer - Scan WorldEvent complete!
2026-09-05 22:38:59,477 - [9] - INFO  - Center.Server.CenterServer - Saving Record...
2026-09-05 22:38:59,477 - [22] - INFO  - Center.Server.CenterServer - Saving Record...
2026-09-05 22:38:59,478 - [22] - INFO  - Center.Server.CenterServer - Saving Record complete!
2026-09-05 22:38:59,480 - [21] - INFO  - Center.Server.CenterServer - Saving database complete!
2026-09-05 22:38:59,480 - [21] - INFO  - Center.Server.CenterServer - Saved all databases 0ms
2026-09-05 22:38:59,486 - [9] - INFO  - Center.Server.CenterServer - Scan Consortia complete!
2026-09-05 22:39:58,885 - [14] - INFO  - Center.Server.CenterServer - System Notice ...
2026-09-05 22:39:58,885 - [14] - INFO  - Center.Server.CenterServer - System Notice complete!
2026-09-05 22:39:59,482 - [12] - INFO  - Center.Server.CenterServer - Scan Consortiaboss...
2026-09-05 22:39:59,482 - [12] - INFO  - Center.Server.CenterServer - Scan Consortiaboss complete!
2026-09-05 22:39:59,482 - [28] - INFO  - Center.Server.CenterServer - Saving Record...
2026-09-05 22:39:59,482 - [12] - INFO  - Center.Server.CenterServer - Saving Record...
2026-09-05 22:39:59,482 - [12] - INFO  - Center.Server.CenterServer - Saving Record complete!
2026-09-05 22:39:59,482 - [27] - INFO  - Center.Server.CenterServer - Saving database...
2026-09-05 22:39:59,482 - [14] - INFO  - Center.Server.CenterServer - Scan  WorldEvent ...
2026-09-05 22:39:59,482 - [14] - INFO  - Center.Server.CenterServer - Scan WorldEvent complete!
2026-09-05 22:39:59,484 - [27] - INFO  - Center.Server.CenterServer - Saving database complete!
2026-09-05 22:39:59,484 - [27] - INFO  - Center.Server.CenterServer - Saved all databases 0ms
2026-09-05 22:39:59,491 - [28] - INFO  - Center.Server.CenterServer - Scan Consortia complete!
2026-09-05 22:40:59,483 - [3] - INFO  - Center.Server.CenterServer - Scan Consortiaboss...
2026-09-05 22:40:59,483 - [12] - INFO  - Center.Server.CenterServer - Saving Record...
2026-09-05 22:40:59,483 - [3] - INFO  - Center.Server.CenterServer - Scan Consortiaboss complete!
2026-09-05 22:40:59,483 - [14] - INFO  - Center.Server.CenterServer - Saving database...
2026-09-05 22:40:59,483 - [28] - INFO  - Center.Server.CenterServer - Saving Record...
2026-09-05 22:40:59,483 - [28