2026-09-05 20:09:00,955 - [MAIN] - INFO  - Bussiness.GameProperties - Refreshing game properties!
2026-09-05 20:09:00,990 - [MAIN] - INFO  - Game.Server.GameServer - Recompile Scripts: True
2026-09-05 20:09:00,991 - [MAIN] - INFO  - Game.Server.GameServer - ConsortiaLevelMgr Init: True
2026-09-05 20:09:00,993 - [MAIN] - INFO  - Game.Server.GameServer - Server rules: true
2026-09-05 20:09:01,014 - [MAIN] - INFO  - Game.Server.GameServer - Registering global event handlers: true
2026-09-05 20:09:01,015 - [MAIN] - INFO  - Game.Server.GameServer - Script components: True
2026-09-05 20:09:01,015 - [MAIN] - INFO  - Game.Server.GameServer - Edition: 2612558: True
2026-09-05 20:09:01,016 - [MAIN] - INFO  - Game.Server.GameServer - InitSocket Port: 9500: True
2026-09-05 20:09:01,144 - [MAIN] - INFO  - Game.Server.GameServer - AllocatePacketBuffers(): True
2026-09-05 20:09:01,147 - [MAIN] - INFO  - Game.Server.GameServer - LogMgr Init: True
2026-09-05 20:09:01,348 - [MAIN] - INFO  - Game.Server.GameServer - WorldMgr Init: True
2026-09-05 20:09:04,980 - [MAIN] - INFO  - Game.Server.GameServer - MapMgr Init: True
2026-09-05 20:09:05,073 - [MAIN] - INFO  - Game.Server.GameServer - ItemMgr Init: True
2026-09-05 20:09:05,096 - [MAIN] - INFO  - Game.Server.GameServer - ItemBox Init: True
2026-09-05 20:09:07,862 - [MAIN] - ERROR - Game.Logic.BallMgr - can't find bomb file:bomb\11426.bomb
2026-09-05 20:09:07,864 - [MAIN] - ERROR - Game.Logic.BallMgr - can't find bomb file:bomb\11427.bomb
2026-09-05 20:09:07,865 - [MAIN] - ERROR - Game.Logic.BallMgr - can't find bomb file:bomb\11428.bomb
2026-09-05 20:09:07,865 - [MAIN] - ERROR - Game.Logic.BallMgr - can't find bomb file:bomb\11429.bomb
2026-09-05 20:09:07,865 - [MAIN] - ERROR - Game.Logic.BallMgr - can't find bomb file:bomb\11430.bomb
2026-09-05 20:09:07,865 - [MAIN] - ERROR - Game.Logic.BallMgr - can't find bomb file:bomb\11433.bomb
2026-09-05 20:09:07,865 - [MAIN] - ERROR - Game.Logic.BallMgr - can't find bomb file:bomb\11434.bomb
2026-09-05 20:09:07,920 - [MAIN] - ERROR - Game.Logic.BallMgr - can't find bomb file:bomb\12401.bomb
2026-09-05 20:09:07,921 - [MAIN] - ERROR - Game.Logic.BallMgr - can't find bomb file:bomb\12402.bomb
2026-09-05 20:09:07,921 - [MAIN] - ERROR - Game.Logic.BallMgr - can't find bomb file:bomb\12403.bomb
2026-09-05 20:09:07,921 - [MAIN] - ERROR - Game.Logic.BallMgr - can't find bomb file:bomb\12501.bomb
2026-09-05 20:09:07,921 - [MAIN] - ERROR - Game.Logic.BallMgr - can't find bomb file:bomb\12502.bomb
2026-09-05 20:09:07,921 - [MAIN] - ERROR - Game.Logic.BallMgr - can't find bomb file:bomb\12503.bomb
2026-09-05 20:09:07,921 - [MAIN] - ERROR - Game.Logic.BallMgr - can't find bomb file:bomb\12601.bomb
2026-09-05 20:09:07,921 - [MAIN] - ERROR - Game.Logic.BallMgr - can't find bomb file:bomb\12602.bomb
2026-09-05 20:09:07,921 - [MAIN] - ERROR - Game.Logic.BallMgr - can't find bomb file:bomb\12603.bomb
2026-09-05 20:09:07,921 - [MAIN] - ERROR - Game.Logic.BallMgr - can't find bomb file:bomb\12604.bomb
2026-09-05 20:09:08,436 - [MAIN] - ERROR - Game.Logic.BallMgr - can't find bomb file:bomb\124011.bomb
2026-09-05 20:09:08,436 - [MAIN] - ERROR - Game.Logic.BallMgr - can't find bomb file:bomb\124012.bomb
2026-09-05 20:09:08,436 - [MAIN] - ERROR - Game.Logic.BallMgr - can't find bomb file:bomb\124013.bomb
2026-09-05 20:09:08,436 - [MAIN] - ERROR - Game.Logic.BallMgr - can't find bomb file:bomb\124021.bomb
2026-09-05 20:09:08,436 - [MAIN] - ERROR - Game.Logic.BallMgr - can't find bomb file:bomb\124022.bomb
2026-09-05 20:09:08,436 - [MAIN] - ERROR - Game.Logic.BallMgr - can't find bomb file:bomb\124023.bomb
2026-09-05 20:09:08,436 - [MAIN] - ERROR - Game.Logic.BallMgr - can't find bomb file:bomb\124031.bomb
2026-09-05 20:09:08,436 - [MAIN] - ERROR - Game.Logic.BallMgr - can't find bomb file:bomb\124032.bomb
2026-09-05 20:09:08,436 - [MAIN] - ERROR - Game.Logic.BallMgr - can't find bomb file:bomb\124033.bomb
2026-09-05 20:09:08,436 - [MAIN] - ERROR - Game.Logic.BallMgr - can't find bomb file:bomb\125011.bomb
2026-09-05 20:09:08,436 - [MAIN] - ERROR - Game.Logic.BallMgr - can't find bomb file:bomb\125012.bomb
2026-09-05 20:09:08,436 - [MAIN] - ERROR - Game.Logic.BallMgr - can't find bomb file:bomb\125013.bomb
2026-09-05 20:09:08,437 - [MAIN] - ERROR - Game.Logic.BallMgr - can't find bomb file:bomb\125021.bomb
2026-09-05 20:09:08,437 - [MAIN] - ERROR - Game.Logic.BallMgr - can't find bomb file:bomb\125022.bomb
2026-09-05 20:09:08,437 - [MAIN] - ERROR - Game.Logic.BallMgr - can't find bomb file:bomb\125023.bomb
2026-09-05 20:09:08,437 - [MAIN] - ERROR - Game.Logic.BallMgr - can't find bomb file:bomb\125031.bomb
2026-09-05 20:09:08,437 - [MAIN] - ERROR - Game.Logic.BallMgr - can't find bomb file:bomb\125032.bomb
2026-09-05 20:09:08,437 - [MAIN] - ERROR - Game.Logic.BallMgr - can't find bomb file:bomb\125033.bomb
2026-09-05 20:09:08,437 - [MAIN] - ERROR - Game.Logic.BallMgr - can't find bomb file:bomb\126011.bomb
2026-09-05 20:09:08,437 - [MAIN] - ERROR - Game.Logic.BallMgr - can't find bomb file:bomb\126012.bomb
2026-09-05 20:09:08,437 - [MAIN] - ERROR - Game.Logic.BallMgr - can't find bomb file:bomb\126013.bomb
2026-09-05 20:09:08,437 - [MAIN] - ERROR - Game.Logic.BallMgr - can't find bomb file:bomb\126021.bomb
2026-09-05 20:09:08,437 - [MAIN] - ERROR - Game.Logic.BallMgr - can't find bomb file:bomb\126022.bomb
2026-09-05 20:09:08,437 - [MAIN] - ERROR - Game.Logic.BallMgr - can't find bomb file:bomb\126023.bomb
2026-09-05 20:09:08,437 - [MAIN] - ERROR - Game.Logic.BallMgr - can't find bomb file:bomb\126031.bomb
2026-09-05 20:09:08,437 - [MAIN] - ERROR - Game.Logic.BallMgr - can't find bomb file:bomb\126032.bomb
2026-09-05 20:09:08,437 - [MAIN] - ERROR - Game.Logic.BallMgr - can't find bomb file:bomb\126033.bomb
2026-09-05 20:09:08,438 - [MAIN] - ERROR - Game.Logic.BallMgr - can't find bomb file:bomb\126041.bomb
2026-09-05 20:09:08,438 - [MAIN] - ERROR - Game.Logic.BallMgr - can't find bomb file:bomb\126042.bomb
2026-09-05 20:09:08,438 - [MAIN] - ERROR - Game.Logic.BallMgr - can't find bomb file:bomb\126043.bomb
2026-09-05 20:09:08,438 - [MAIN] - INFO  - Game.Server.GameServer - BallMgr Init: True
2026-09-05 20:09:08,442 - [MAIN] - INFO  - Game.Server.GameServer - ExerciseMgr Init: True
2026-09-05 20:09:08,445 - [MAIN] - INFO  - Game.Server.GameServer - levelMgr Init: True
2026-09-05 20:09:08,448 - [MAIN] - INFO  - Game.Server.GameServer - BallConfigMgr Init: True
2026-09-05 20:09:08,455 - [MAIN] - INFO  - Game.Server.GameServer - FusionMgr Init: True
2026-09-05 20:09:08,456 - [MAIN] - INFO  - Game.Server.GameServer - UserBoxMgr Init: True
2026-09-05 20:09:08,463 - [MAIN] - INFO  - Game.Server.GameServer - AwardMgr Init: True
2026-09-05 20:09:08,479 - [MAIN] - INFO  - Game.Server.GameServer - AchievementMgr Init: True
2026-09-05 20:09:08,489 - [MAIN] - INFO  - Game.Server.GameServer - NPCInfoMgr Init: True
2026-09-05 20:09:08,492 - [MAIN] - INFO  - Game.Server.GameServer - MissionInfoMgr Init: True
2026-09-05 20:09:08,500 - [MAIN] - INFO  - Game.Server.GameServer - PveInfoMgr Init: True
2026-09-05 20:09:08,511 - [MAIN] - INFO  - Game.Server.GameServer - Drop Init: True
2026-09-05 20:09:08,515 - [MAIN] - INFO  - Game.Server.GameServer - FightRateMgr Init: True
2026-09-05 20:09:08,519 - [MAIN] - INFO  - Game.Server.GameServer - RefineryMgr Init: True
2026-09-05 20:09:08,533 - [MAIN] - INFO  - Game.Server.GameServer - StrengthenMgr Init: True
2026-09-05 20:09:08,538 - [MAIN] - INFO  - Game.Server.GameServer - PropItemMgr Init: True
2026-09-05 20:09:08,652 - [MAIN] - INFO  - Game.Server.GameServer - ShopMgr Init: True
2026-09-05 20:09:08,693 - [MAIN] - INFO  - Game.Server.GameServer - QuestMgr Init: True
2026-09-05 20:09:08,694 - [MAIN] - INFO  - Game.Server.GameServer - RoomMgr.Setup: True
2026-09-05 20:09:08,695 - [MAIN] - INFO  - Game.Server.GameServer - GameMgr.Start(): True
2026-09-05 20:09:08,703 - [MAIN] - INFO  - Game.Server.GameServer - ConsortiaMgr Init: True
2026-09-05 20:09:08,711 - [MAIN] - INFO  - Game.Server.GameServer - ConsortiaExtraMgr Init: True
2026-09-05 20:09:08,732 - [MAIN] - INFO  - Game.Server.GameServer - LanguageMgr Init: True
2026-09-05 20:09:08,735 - [MAIN] - INFO  - Game.Server.GameServer - ExperienceRateMgr Init: True
2026-09-05 20:09:08,763 - [MAIN] - INFO  - Game.Server.GameServer - WindMgr Init: True
2026-09-05 20:09:08,771 - [MAIN] - INFO  - Game.Server.GameServer - CardMgr Init: True
2026-09-05 20:09:08,780 - [MAIN] - INFO  - Game.Server.GameServer - CardBuffMgr Init: True
2026-09-05 20:09:08,783 - [MAIN] - INFO  - Game.Server.GameServer - FairBattleRewardMgr Init: True
2026-09-05 20:09:08,821 - [MAIN] - INFO  - Game.Server.GameServer - PetMgr Setup: True
2026-09-05 20:09:08,822 - [MAIN] - INFO  - Game.Server.GameServer - MacroDropMgr Init: True
2026-09-05 20:09:08,830 - [MAIN] - INFO  - Game.Server.GameServer - MarryRoomMgr Init: True
2026-09-05 20:09:08,941 - [MAIN] - INFO  - Game.Server.GameServer - RankMgr Init: True
2026-09-05 20:09:08,948 - [MAIN] - INFO  - Game.Server.GameServer - CommunalActiveMgr Setup: True
2026-09-05 20:09:08,953 - [MAIN] - INFO  - Game.Server.GameServer - QQTipsMgr Init: True
2026-09-05 20:09:08,961 - [MAIN] - INFO  - Game.Server.GameServer - SubActiveMgr Setup: True
2026-09-05 20:09:08,967 - [MAIN] - INFO  - Game.Server.GameServer - EventAwardMgr Setup: True
2026-09-05 20:09:08,976 - [MAIN] - INFO  - Game.Server.GameServer - EventLiveMgr Setup: True
2026-09-05 20:09:08,976 - [MAIN] - INFO  - Game.Server.GameServer - AcademyMgr Setup: True
2026-09-05 20:09:08,980 - [MAIN] - INFO  - Game.Server.Battle.BattleMgr - Battle server 127.0.0.1:9208 loaded...
2026-09-05 20:09:08,980 - [MAIN] - INFO  - Game.Server.Battle.BattleMgr - Total 1 battle server loaded.
2026-09-05 20:09:08,980 - [MAIN] - INFO  - Game.Server.GameServer - BattleMgr Setup: True
2026-09-05 20:09:08,981 - [MAIN] - INFO  - Game.Server.GameServer - Init Global Timers: True
2026-09-05 20:09:08,981 - [MAIN] - INFO  - Game.Server.GameServer - LogMgr Setup: True
2026-09-05 20:09:08,985 - [MAIN] - INFO  - Game.Base.Packets.PacketProcessor - PacketProcessor: Loaded 163 handlers from GameServer Assembly!
2026-09-05 20:09:08,988 - [MAIN] - INFO  - Game.Base.CommandMgr - Loaded 5 commands!
2026-09-05 20:09:08,991 - [MAIN] - INFO  - Game.Logic.Spells.SpellMgr - SpellMgr: Loaded 15 spell handlers from GameServer Assembly!
2026-09-05 20:09:08,992 - [MAIN] - INFO  - Game.Base.BaseConnector - Connected to 127.0.0.1:9202
2026-09-05 20:09:08,993 - [MAIN] - INFO  - Game.Server.GameServer - Login To CenterServer: True
2026-09-05 20:09:08,993 - [MAIN] - ERROR - Game.Server.GameServer - Cant parse other login server!
2026-09-05 20:09:08,993 - [MAIN] - INFO  - Game.Server.GameServer - Login To OtherCenterServer: True
2026-09-05 20:09:09,000 - [MAIN] - INFO  - Game.Server.GameServer - HotSpringMgr Init: True
2026-09-05 20:09:09,004 - [MAIN] - INFO  - Game.Server.GameServer - PetMoePropertyMgr Init: True
2026-09-05 20:09:09,006 - [MAIN] - INFO  - Game.Base.BaseConnector - Connected to 127.0.0.1:9208
2026-09-05 20:09:09,007 - [MAIN] - INFO  - Game.Server.GameServer - AutoBot Init: True
2026-09-05 20:09:09,019 - [MAIN] - INFO  - Game.Server.GameServer - RobotManager Start: True
2026-09-05 20:09:09,026 - [MAIN] - INFO  - Game.Server.LittleGame.LittleGameWorldMgr - LittleGameConfig initialized
2026-09-05 20:09:09,026 - [MAIN] - INFO  - Game.Server.GameServer - LittleGameWorldMgr Init: True
2026-09-05 20:09:09,027 - [MAIN] - INFO  - Game.Server.GameServer - TaskMgr Init: True
2026-09-05 20:09:09,033 - [MAIN] - INFO  - Game.Server.GameServer - AccumulActiveLoginMgr Init: True
2026-09-05 20:09:09,037 - [MAIN] - INFO  - Game.Server.GameServer - NewTitleMgr Init: True
2026-09-05 20:09:09,043 - [MAIN] - INFO  - Game.Server.GameServer - ConsortiaTaskMgr.Init: True
2026-09-05 20:09:09,060 - [MAIN] - INFO  - Game.Server.GameServer - ActiveMgr Init: True
2026-09-05 20:09:09,063 - [MAIN] - INFO  - Game.Server.GameServer - WorldEventMgr Init: True
2026-09-05 20:09:09,063 - [MAIN] - INFO  - Game.Server.GameServer - ActiveSystemMgr Init: True
2026-09-05 20:09:09,066 - [MAIN] - INFO  - Game.Server.GameServer - FightSpiritTemplateMgr Init: True
2026-09-05 20:09:09,070 - [MAIN] - INFO  - Game.Server.GameServer - ClothGroupTemplateInfoMgr Setup: True
2026-09-05 20:09:09,076 - [MAIN] - INFO  - Game.Server.GameServer - ClothPropertyTemplateInfoMgr Setup: True
2026-09-05 20:09:09,080 - [MAIN] - INFO  - Game.Server.GameServer - TotemMgr Init: True
2026-09-05 20:09:09,084 - [MAIN] - INFO  - Game.Server.GameServer - TotemHonorMgr Init: True
2026-09-05 20:09:09,085 - [MAIN] - INFO  - Game.Base.BaseConnector - Connected to 127.0.0.1:9208
2026-09-05 20:09:09,087 - [MAIN] - INFO  - Game.Server.GameServer - base.Start(): True
2026-09-05 20:09:09,133 - [MAIN] - INFO  - Game.Server.GameServer - GameServer is now open for connections!
2026-09-05 20:10:00,982 - [31] - INFO  - Game.Server.GameServer - Little Game Scaning ...
2026-09-05 20:10:00,984 - [31] - INFO  - Game.Server.GameServer - LittleGame today scan completed!
2026-09-05 20:10:00,984 - [31] - INFO  - Game.Server.GameServer - GameMgr Scaning ...
2026-09-05 20:10:00,984 - [31] - INFO  - Game.Server.GameServer - GameMgr.SynDate: 1
2026-09-05 20:10:00,984 - [31] - INFO  - Game.Server.GameServer - GameMgr Scan complete!
2026-09-05 20:10:09,007 - [30] - INFO  - Game.Server.GameServer - Buff Scaning ...
2026-09-05 20:10:09,007 - [30] - INFO  - Game.Server.GameServer - Buff Scan complete!
2026-09-05 20:10:09,007 - [30] - INFO  - Game.Server.GameServer - Buff all 0 players in 0ms
2026-09-05 20:10:09,007 - [30] - INFO  - Game.Server.GameServer - GameMgr Scaning ...
2026-09-05 20:10:09,007 - [30] - INFO  - Game.Server.GameServer - GameMgr.SynDate: 1
2026-09-05 20:10:09,007 - [30] - INFO  - Game.Server.GameServer - GameMgr Scan complete!
2026-09-05 20:11:00,997 - [31] - INFO  - Game.Server.GameServer - Little Game Scaning ...
2026-09-05 20:11:00,997 - [31] - INFO  - Game.Server.GameServer - LittleGame today scan completed!
2026-09-05 20:11:00,997 - [31] - INFO  - Game.Server.GameServer - GameMgr Scaning ...
2026-09-05 20:11:00,997 - [31] - INFO  - Game.Server.GameServer - GameMgr.SynDate: 1
2026-09-05 20:11:00,997 - [31] - INFO  - Game.Server.GameServer - GameMgr Scan complete!
2026-09-05 20:11:09,010 - [30] - INFO  - Game.Server.GameServer - Buff Scaning ...
2026-09-05 20:11:09,010 - [30] - INFO  - Game.Server.GameServer - Buff Scan complete!
2026-09-05 20:11:09,010 - [30] - INFO  - Game.Server.GameServer - Buff all 0 players in 0ms
2026-09-05 20:11:09,010 - [30] - INFO  - Game.Server.GameServer - GameMgr Scaning ...
2026-09-05 20:11:09,010 - [30] - INFO  - Game.Server.GameServer - GameMgr.SynDate: 1
2026-09-05 20:11:09,010 - [30] - INFO  - Game.Server.GameServer - GameMgr Scan complete!
2026-09-05 20:12:01,004 - [29] - INFO  - Game.Server.GameServer - Little Game Scaning ...
2026-09-05 20:12:01,004 - [29] - INFO  - Game.Server.GameServer - LittleGame today scan completed!
2026-09-05 20:12:01,004 - [29] - INFO  - Game.Server.GameServer - GameMgr Scaning ...
2026-09-05 20:12:01,004 - [29] - INFO  - Game.Server.GameServer - GameMgr.SynDate: 1
2026-09-05 20:12:01,004 - [29] - INFO  - Game.Server.GameServer - GameMgr Scan complete!
2026-09-05 20:12:08,993 - [30] - INFO  - Game.Server.GameServer - Begin ping check....
2026-09-05 20:12:08,993 - [30] - INFO  - Game.Server.GameServer - End ping check....
2026-09-05 20:12:08,993 - [30] - INFO  - Game.Server.GameServer - Begin ping center check....
2026-09-05 20:12:08,993 - [30] - INFO  - Game.Server.GameServer - End ping center check....
2026-09-05 20:12:09,039 - [29] - INFO  - Game.Server.GameServer - Buff Scaning ...
2026-09-05 20:12:09,039 - [29] - INFO  - Game.Server.GameServer - Buff Scan complete!
2026-09-05 20:12:09,039 - [29] - INFO  - Game.Server.GameServer - Buff all 0 players in 0ms
2026-09-05 20:12:09,039 - [29] - INFO  - Game.Server.GameServer - GameMgr Scaning ...
2026-09-05 20:12:09,039 - [29] - INFO  - Game.Server.GameServer - GameMgr.SynDate: 1
2026-09-05 20:12:09,039 - [29] - INFO  - Game.Server.GameServer - GameMgr Scan complete!
2026-09-05 20:13:01,005 - [31] - INFO  - Game.Server.GameServer - Little Game Scaning ...
2026-09-05 20:13:01,005 - [31] - INFO  - Game.Server.GameServer - LittleGame today scan completed!
2026-09-05 20:13:01,005 - [31] - INFO  - Game.Server.GameServer - GameMgr Scaning ...
2026-09-05 20:13:01,005 - [31] - INFO  - Game.Server.GameServer - GameMgr.SynDate: 1
2026-09-05 20:13:01,005 - [31] - INFO  - Game.Server.GameServer - GameMgr Scan complete!
2026-09-05 20:13:09,040 - [30] - INFO  - Game.Server.GameServer - Buff Scaning ...
2026-09-05 20:13:09,040 - [30] - INFO  - Game.Server.GameServer - Buff Scan complete!
2026-09-05 20:13:09,040 - [30] - INFO  - Game.Server.GameServer - Buff all 0 players in 0ms
2026-09-05 20:13:09,040 - [30] - INFO  - Game.Server.GameServer - GameMgr Scaning ...
2026-09-05 20:13:09,040 - [30] - INFO  - Game.Server.GameServer - GameMgr.SynDate: 1
2026-09-05 20:13:09,040 - [30] - INFO  - Game.Server.GameServer - GameMgr Scan complete!
2026-09-05 20:14:01,011 - [30] - INFO  - Game.Server.GameServer - Little Game Scaning ...
2026-09-05 20:14:01,011 - [30] - INFO  - Game.Server.GameServer - LittleGame today scan completed!
2026-09-05 20:14:01,011 - [30] - INFO  - Game.Server.GameServer - GameMgr Scaning ...
2026-09-05 20:14:01,011 - [30] - INFO  - Game.Server.GameServer - GameMgr.SynDate: 1
2026-09-05 20:14:01,011 - [30] - INFO  - Game.Server.GameServer - GameMgr Scan complete!
2026-09-05 20:14:09,052 - [29] - INFO  - Game.Server.GameServer - Buff Scaning ...
2026-09-05 20:14:09,052 - [29] - INFO  - Game.Server.GameServer - Buff Scan complete!
2026-09-05 20:14:09,052 - [29] - INFO  - Game.Server.GameServer - Buff all 0 players in 0ms
2026-09-05 20:14:09,052 - [29] - INFO  - Game.Server.GameServer - GameMgr Scaning ...
2026-09-05 20:14:09,052 - [29] - INFO  - Game.Server.GameServer - GameMgr.SynDate: 1
2026-09-05 20:14:09,052 - [29] - INFO  - Game.Server.GameServer - GameMgr Scan complete!
2026-09-05 20:15:01,020 - [29] - INFO  - Game.Server.GameServer - Little Game Scaning ...
2026-09-05 20:15:01,020 - [29] - INFO  - Game.Server.GameServer - LittleGame today scan completed!
2026-09-05 20:15:01,020 - [29] - INFO  - Game.Server.GameServer - GameMgr Scaning ...
2026-09-05 20:15:01,020 - [29] - INFO  - Game.Server.GameServer - GameMgr.SynDate: 1
2026-09-05 20:15:01,020 - [29] - INFO  - Game.Server.GameServer - GameMgr Scan complete!
2026-09-05 20:15:09,003 - [31] - INFO  - Game.Server.GameServer - Begin ping check....
2026-09-05 20:15:09,003 - [31] - INFO  - Game.Server.GameServer - End ping check....
2026-09-05 20:15:09,003 - [31] - INFO  - Game.Server.GameServer - Begin ping center check....
2026-09-05 20:15:09,003 - [31] - INFO  - Game.Server.GameServer - End ping center check....
2026-09-05 20:15:09,065 - [29] - INFO  - Game.Server.GameServer - Buff Scaning ...
2026-09-05 20:15:09,065 - [29] - INFO  - Game.Server.GameServer - Buff Scan complete!
2026-09-05 20:15:09,065 - [29] - INFO  - Game.Server.GameServer - Buff all 0 players in 0ms
2026-09-05 20:15:09,065 - [29] - INFO  - Game.Server.GameServer - GameMgr Scaning ...
2026-09-05 20:15:09,065 - [29] - INFO  - Game.Server.GameServer - GameMgr.SynDate: 1
2026-09-05 20:15:09,065 - [29] - INFO  - Game.Server.GameServer - GameMgr Scan complete!
2026-09-05 20:16:01,029 - [30] - INFO  - Game.Server.GameServer - Little Game Scaning ...
2026-09-05 20:16:01,029 - [30] - INFO  - Game.Server.GameServer - LittleGame today scan completed!
2026-09-05 20:16:01,029 - [30] - INFO  - Game.Server.GameServer - GameMgr Scaning ...
2026-09-05 20:16:01,029 - [30] - INFO  - Game.Server.GameServer - GameMgr.SynDate: 1
2026-09-05 20:16:01,029 - [30] - INFO  - Game.Server.GameServer - GameMgr Scan complete!
2026-09-05 20:16:09,085 - [29] - INFO  - Game.Server.GameServer - Buff Scaning ...
2026-09-05 20:16:09,085 - [29] - INFO  - Game.Server.GameServer - Buff Scan complete!
2026-09-05 20:16:09,085 - [29] - INFO  - Game.Server.GameServer - Buff all 0 players in 0ms
2026-09-05 20:16:09,085 - [29] - INFO  - Game.Server.GameServer - GameMgr Scaning ...
2026-09-05 20:16:09,085 - [29] - INFO  - Game.Server.GameServer - GameMgr.SynDate: 1
2026-09-05 20:16:09,085 - [29] - INFO  - Game.Server.GameServer - GameMgr Scan complete!
2026-09-05 20:17:01,054 - [31] - INFO  - Game.Server.GameServer - Little Game Scaning ...
2026-09-05 20:17:01,054 - [31] - INFO  - Game.Server.GameServer - LittleGame today scan completed!
2026-09-05 20:17:01,054 - [31] - INFO  - Game.Server.GameServer - GameMgr Scaning ...
2026-09-05 20:17:01,054 - [31] - INFO  - Game.Server.GameServer - GameMgr.SynDate: 1
2026-09-05 20:17:01,054 - [31] - INFO  - Game.Server.GameServer - GameMgr Scan complete!
2026-09-05 20:17:09,098 - [30] - INFO  - Game.Server.GameServer - Buff Scaning ...
2026-09-05 20:17:09,098 - [30] - INFO  - Game.Server.GameServer - Buff Scan complete!
2026-09-05 20:17:09,098 - [30] - INFO  - Game.Server.GameServer - Buff all 0 players in 0ms
2026-09-05 20:17:09,098 - [30] - INFO  - Game.Server.GameServer - GameMgr Scaning ...
2026-09-05 20:17:09,098 - [30] - INFO  - Game.Server.GameServer - GameMgr.SynDate: 1
2026-09-05 20:17:09,098 - [30] - INFO  - Game.Server.GameServer - GameMgr Scan complete!
2026-09-05 20:18:01,055 - [30] - INFO  - Game.Server.GameServer - Little Game Scaning ...
2026-09-05 20:18:01,055 - [30] - INFO  - Game.Server.GameServer - LittleGame today scan completed!
2026-09-05 20:18:01,055 - [30] - INFO  - Game.Server.GameServer - GameMgr Scaning ...
2026-09-05 20:18:01,055 - [30] - INFO  - Game.Server.GameServer - GameMgr.SynDate: 1
2026-09-05 20:18:01,055 - [30] - INFO  - Game.Server.GameServer - GameMgr Scan complete!
2026-09-05 20:18:09,016 - [31] - INFO  - Game.Server.GameServer - Begin ping check....
2026-09-05 20:18:09,016 - [31] - INFO  - Game.Server.GameServer - End ping check....
2026-09-05 20:18:09,016 - [31] - INFO  - Game.Server.GameServer - Begin ping center check....
2026-09-05 20:18:09,016 - [31] - INFO  - Game.Server.GameServer - End ping center check....
2026-09-05 20:18:09,110 - [31] - INFO  - Game.Server.GameServer - Buff Scaning ...
2026-09-05 20:18:09,110 - [31] - INFO  - Game.Server.GameServer - Buff Scan complete!
2026-09-05 20:18:09,110 - [31] - INFO  - Game.Server.GameServer - Buff all 0 players in 0ms
2026-09-05 20:18:09,110 - [31] - INFO  - Game.Server.GameServer - GameMgr Scaning ...
2026-09-05 20:18:09,110 - [31] - INFO  - Game.Server.GameServer - GameMgr.SynDate: 1
2026-09-05 20:18:09,110 - [31] - INFO  - Game.Server.GameServer - GameMgr Scan complete!
2026-09-05 20:19:01,062 - [29] - INFO  - Game.Server.GameServer - Little Game Scaning ...
2026-09-05 20:19:01,062 - [29] - INFO  - Game.Server.GameServer - LittleGame today scan completed!
2026-09-05 20:19:01,062 - [29] - INFO  - Game.Server.GameServer - GameMgr Scaning ...
2026-09-05 20:19:01,062 - [29] - INFO  - Game.Server.GameServer - GameMgr.SynDate: 1
2026-09-05 20:19:01,062 - [29] - INFO  - Game.Server.GameServer - GameMgr Scan complete!
2026-09-05 20:19:08,998 - [31] - INFO  - Game.Server.GameServer - Saving database...
2026-09-05 20:19:09,009 - [31] - INFO  - Game.Server.GameServer - Saving database complete!
2026-09-05 20:19:09,009 - [31] - INFO  - Game.Server.GameServer - Saved all databases and 0 players in 16ms
2026-09-05 20:19:09,126 - [31] - INFO  - Game.Server.GameServer - Buff Scaning ...
2026-09-05 20:19:09,126 - [31] - INFO  - Game.Server.GameServer - Buff Scan complete!
2026-09-05 20:19:09,126 - [31] - INFO  - Game.Server.GameServer - Buff all 0 players in 0ms
2026-09-05 20:19:09,126 - [31] - INFO  - Game.Server.GameServer - GameMgr Scaning ...
2026-09-05 20:19:09,126 - [31] - INFO  - Game.Server.GameServer - GameMgr.SynDate: 1
2026-09-05 20:19:09,126 - [31] - INFO  - Game.Server.GameServer - GameMgr Scan complete!
2026-09-05 20:20:01,065 - [31] - INFO  - Game.Server.GameServer - Little Game Scaning ...
2026-09-05 20:20:01,065 - [31] - INFO  - Game.Server.GameServer - LittleGame today scan completed!
2026-09-05 20:20:01,065 - [31] - INFO  - Game.Server.GameServer - GameMgr Scaning ...
2026-09-05 20:20:01,065 - [31] - INFO  - Game.Server.GameServer - GameMgr.SynDate: 1
2026-09-05 20:20:01,065 - [31] - INFO  - Game.Server.GameServer - GameMgr Scan complete!
2026-09-05 20:20:09,138 - [31] - INFO  - Game.Server.GameServer - Buff Scaning ...
2026-09-05 20:20:09,138 - [31] - INFO  - Game.Server.GameServer - Buff Scan complete!
2026-09-05 20:20:09,138 - [31] - INFO  - Game.Server.GameServer - Buff all 0 players in 0ms
2026-09-05 20:20:09,138 - [31] - INFO  - Game.Server.GameServer - GameMgr Scaning ...
2026-09-05 20:20:09,138 - [31] - INFO  - Game.Server.GameServer - GameMgr.SynDate: 1
2026-09-05 20:20:09,138 - [31] - INFO  - Game.Server.GameServer - GameMgr Scan complete!
2026-09-05 20:21:01,075 - [31] - INFO  - Game.Server.GameServer - Little Game Scaning ...
2026-09-05 20:21:01,075 - [31] - INFO  - Game.Server.GameServer - LittleGame today scan completed!
2026-09-05 20:21:01,075 - [31] - INFO  - Game.Server.GameServer - GameMgr Scaning ...
2026-09-05 20:21:01,075 - [31] - INFO  - Game.Server.GameServer - GameMgr.SynDate: 1
2026-09-05 20:21:01,075 - [31] - INFO  - Game.Server.GameServer - GameMgr Scan complete!
2026-09-05 20:21:09,035 - [30] - INFO  - Game.Server.GameServer - Begin ping check....
2026-09-05 20:21:09,035 - [30] - INFO  - Game.Server.GameServer - End ping check....
2026-09-05 20:21:09,035 - [30] - INFO  - Game.Server.GameServer - Begin ping center check....
2026-09-05 20:21:09,035 - [30] - INFO  - Game.Server.GameServer - End ping center check....
2026-09-05 20:21:09,144 - [30] - INFO  - Game.Server.GameServer - Buff Scaning ...
2026-09-05 20:21:09,144 - [30] - INFO  - Game.Server.GameServer - Buff Scan complete!
2026-09-05 20:21:09,144 - [30] - INFO  - Game.Server.GameServer - Buff all 0 players in 0ms
2026-09-05 20:21:09,144 - [30] - INFO  - Game.Server.GameServer - GameMgr Scaning ...
2026-09-05 20:21:09,144 - [30] - INFO  - Game.Server.GameServer - GameMgr.SynDate: 1
2026-09-05 20:21:09,144 - [30] - INFO  - Game.Server.GameServer - GameMgr Scan complete!
2026-09-05 20:22:01,080 - [30] - INFO  - Game.Server.GameServer - Little Game Scaning ...
2026-09-05 20:22:01,080 - [30] - INFO  - Game.Server.GameServer - LittleGame today scan completed!
2026-09-05 20:22:01,080 - [30] - INFO  - Game.Server.GameServer - GameMgr Scaning ...
2026-09-05 20:22:01,080 - [30] - INFO  - Game.Server.GameServer - GameMgr.SynDate: 1
2026-09-05 20:22:01,080 - [30] - INFO  - Game.Server.GameServer - GameMgr Scan complete!
2026-09-05 20:22:09,153 - [29] - INFO  - Game.Server.GameServer - Buff Scaning ...
2026-09-05 20:22:09,153 - [29] - INFO  - Game.Server.GameServer - Buff Scan complete!
2026-09-05 20:22:09,153 - [29] - INFO  - Game.Server.GameServer - Buff all 0 players in 0ms
2026-09-05 20:22:09,153 - [29] - INFO  - Game.Server.GameServer - GameMgr Scaning ...
2026-09-05 20:22:09,153 - [29] - INFO  - Game.Server.GameServer - GameMgr.SynDate: 1
2026-09-05 20:22:09,153 - [29] - INFO  - Game.Server.GameServer - GameMgr Scan complete!
2026-09-05 20:23:01,091 - [31] - INFO  - Game.Server.GameServer - Little Game Scaning ...
2026-09-05 20:23:01,091 - [31] - INFO  - Game.Server.GameServer - LittleGame today scan completed!
2026-09-05 20:23:01,091 - [31] - INFO  - Game.Server.GameServer - GameMgr Scaning ...
2026-09-05 20:23:01,091 - [31] - INFO  - Game.Server.GameServer - GameMgr.SynDate: 1
2026-09-05 20:23:01,091 - [31] - INFO  - Game.Server.GameServer - GameMgr Scan complete!
2026-09-05 20:23:09,156 - [30] - INFO  - Game.Server.GameServer - Buff Scaning ...
2026-09-05 20:23:09,156 - [30] - INFO  - Game.Server.GameServer - Buff Scan complete!
2026-09-05 20:23:09,156 - [30] - INFO  - Game.Server.GameServer - Buff all 0 players in 0ms
2026-09-05 20:23:09,156 - [30] - INFO  - Game.Server.GameServer - GameMgr Scaning ...
2026-09-05 20:23:09,156 - [30] - INFO  - Game.Server.GameServer - GameMgr.SynDate: 1
2026-09-05 20:23:09,156 - [30] - INFO  - Game.Server.GameServer - GameMgr Scan complete!
2026-09-05 20:24:01,098 - [29] - INFO  - Game.Server.GameServer - Little Game Scaning ...
2026-09-05 20:24:01,098 - [29] - INFO  - Game.Server.GameServer - LittleGame today scan completed!
2026-09-05 20:24:01,098 - [29] - INFO  - Game.Server.GameServer - GameMgr Scaning ...
2026-09-05 20:24:01,098 - [29] - INFO  - Game.Server.GameServer - GameMgr.SynDate: 1
2026-09-05 20:24:01,098 - [29] - INFO  - Game.Server.GameServer - GameMgr Scan complete!
2026-09-05 20:24:09,038 - [29] - INFO  - Game.Server.GameServer - Begin ping check....
2026-09-05 20:24:09,038 - [29] - INFO  - Game.Server.GameServer - End ping check....
2026-09-05 20:24:09,038 - [29] - INFO  - Game.Server.GameServer - Begin ping center check....
2026-09-05 20:24:09,038 - [29] - INFO  - Game.Server.GameServer - End ping center check....
2026-09-05 20:24:09,160 - [29] - INFO  - Game.Server.GameServer - Buff Scaning ...
2026-09-05 20:24:09,160 - [29] - INFO  - Game.Server.GameServer - Buff Scan complete!
2026-09-05 20:24:09,160 - [29] - INFO  - Game.Server.GameServer - Buff all 0 players in 0ms
2026-09-05 20:24:09,160 - [29] - INFO  - Game.Server.GameServer - GameMgr Scaning ...
2026-09-05 20:24:09,160 - [29] - INFO  - Game.Server.GameServer - GameMgr.SynDate: 1
2026-09-05 20:24:09,160 - [29] - INFO  - Game.Server.GameServer - GameMgr Scan complete!
2026-09-05 20:25:01,098 - [30] - INFO  - Game.Server.GameServer - Little Game Scaning ...
2026-09-05 20:25:01,098 - [30] - INFO  - Game.Server.GameServer - LittleGame today scan completed!
2026-09-05 20:25:01,098 - [30] - INFO  - Game.Server.GameServer - GameMgr Scaning ...
2026-09-05 20:25:01,098 - [30] - INFO  - Game.Server.GameServer - GameMgr.SynDate: 1
2026-09-05 20:25:01,098 - [30] - INFO  - Game.Server.GameServer - GameMgr Scan complete!
2026-09-05 20:25:09,174 - [29] - INFO  - Game.Server.GameServer - Buff Scaning ...
2026-09-05 20:25:09,174 - [29] - INFO  - Game.Server.GameServer - Buff Scan complete!
2026-09-05 20:25:09,174 - [29] - INFO  - Game.Server.GameServer - Buff all 0 players in 0ms
2026-09-05 20:25:09,174 - [29] - INFO  - Game.Server.GameServer - GameMgr Scaning ...
2026-09-05 20:25:09,174 - [29] - INFO  - Game.Server.GameServer - GameMgr.SynDate: 1
2026-09-05 20:25:09,174 - [29] - INFO  - Game.Server.GameServer - GameMgr Scan complete!
2026-09-05 20:26:01,098 - [29] - INFO  - Game.Server.GameServer - Little Game Scaning ...
2026-09-05 20:26:01,098 - [29] - INFO  - Game.Server.GameServer - LittleGame today scan completed!
2026-09-05 20:26:01,098 - [29] - INFO  - Game.Server.GameServer - GameMgr Scaning ...
2026-09-05 20:26:01,098 - [29] - INFO  - Game.Server.GameServer - GameMgr.SynDate: 1
2026-09-05 20:26:01,098 - [29] - INFO  - Game.Server.GameServer - GameMgr Scan complete!
2026-09-05 20:26:09,191 - [30] - INFO  - Game.Server.GameServer - Buff Scaning ...
2026-09-05 20:26:09,191 - [30] - INFO  - Game.Server.GameServer - Buff Scan complete!
2026-09-05 20:26:09,191 - [30] - INFO  - Game.Server.GameServer - Buff all 0 players in 0ms
2026-09-05 20:26:09,191 - [30] - INFO  - Game.Server.GameServer - GameMgr Scaning ...
2026-09-05 20:26:09,191 - [30] - INFO  - Game.Server.GameServer - GameMgr.SynDate: 1
2026-09-05 20:26:09,191 - [30] - INFO  - Game.Server.GameServer - GameMgr Scan complete!
2026-09-05 20:27:01,112 - [29] - INFO  - Game.Server.GameServer - Little Game Scaning ...
2026-09-05 20:27:01,112 - [29] - INFO  - Game.Server.GameServer - LittleGame today scan completed!
2026-09-05 20:27:01,112 - [29] - INFO  - Game.Server.GameServer - GameMgr Scaning ...
2026-09-05 20:27:01,112 - [29] - INFO  - Game.Server.GameServer - GameMgr.SynDate: 1
2026-09-05 20:27:01,112 - [29] - INFO  - Game.Server.GameServer - GameMgr Scan complete!
2026-09-05 20:27:09,048 - [29] - INFO  - Game.Server.GameServer - Begin ping check....
2026-09-05 20:27:09,048 - [29] - INFO  - Game.Server.GameServer - End ping check....
2026-09-05 20:27:09,048 - [29] - INFO  - Game.Server.GameServer - Begin ping center check....
2026-09-05 20:27:09,048 - [29] - INFO  - Game.Server.GameServer - End ping center check....
2026-09-05 20:27:09,205 - [29] - INFO  - Game.Server.GameServer - Buff Scaning ...
2026-09-05 20:27:09,205 - [29] - INFO  - Game.Server.GameServer - Buff Scan complete!
2026-09-05 20:27:09,205 - [29] - INFO  - Game.Server.GameServer - Buff all 0 players in 0ms
2026-09-05 20:27:09,205 - [29] - INFO  - Game.Server.GameServer - GameMgr Scaning ...
2026-09-05 20:27:09,205 - [29] - INFO  - Game.Server.GameServer - GameMgr.SynDate: 1
2026-09-05 20:27:09,205 - [29] - INFO  - Game.Server.GameServer - GameMgr Scan complete!
2026-09-05 20:28:01,123 - [30] - INFO  - Game.Server.GameServer - Little Game Scaning ...
2026-09-05 20:28:01,123 - [30] - INFO  - Game.Server.GameServer - LittleGame today scan completed!
2026-09-05 20:28:01,123 - [30] - INFO  - Game.Server.GameServer - GameMgr Scaning ...
2026-09-05 20:28:01,123 - [30] - INFO  - Game.Server.GameServer - GameMgr.SynDate: 1
2026-09-05 20:28:01,123 - [30] - INFO  - Game.Server.GameServer - GameMgr Scan complete!
2026-09-05 20:28:09,213 - [31] - INFO  - Game.Server.GameServer - Buff Scaning ...
2026-09-05 20:28:09,213 - [31] - INFO  - Game.Server.GameServer - Buff Scan complete!
2026-09-05 20:28:09,213 - [31] - INFO  - Game.Server.GameServer - Buff all 0 players in 0ms
2026-09-05 20:28:09,213 - [31] - INFO  - Game.Server.GameServer - GameMgr Scaning ...
2026-09-05 20:28:09,213 - [31] - INFO  - Game.Server.GameServer - GameMgr.SynDate: 1
2026-09-05 20:28:09,213 - [31] - INFO  - Game.Server.GameServer - GameMgr Scan complete!
2026-09-05 20:29:01,142 - [30] - INFO  - Game.Server.GameServer - Little Game Scaning ...
2026-09-05 20:29:01,142 - [30] - INFO  - Game.Server.GameServer - LittleGame today scan completed!
2026-09-05 20:29:01,142 - [30] - INFO  - Game.Server.GameServer - GameMgr Scaning ...
2026-09-05 20:29:01,142 - [30] - INFO  - Game.Server.GameServer - GameMgr.SynDate: 1
2026-09-05 20:29:01,142 - [30] - INFO  - Game.Server.GameServer - GameMgr Scan complete!
2026-09-05 20:29:09,018 - [29] - INFO  - Game.Server.GameServer - Saving database...
2026-09-05 20:29:09,026 - [29] - INFO  - Game.Server.GameServer - Saving database complete!
2026-09-05 20:29:09,026 - [29] - INFO  - Game.Server.GameServer - Saved all databases and 0 players in 16ms
2026-09-05 20:29:09,220 - [31] - INFO  - Game.Server.GameServer - Buff Scaning ...
2026-09-05 20:29:09,220 - [31] - INFO  - Game.Server.GameServer - Buff Scan complete!
2026-09-05 20:29:09,220 - [31] - INFO  - Game.Server.GameServer - Buff all 0 players in 0ms
2026-09-05 20:29:09,220 - [31] - INFO  - Game.Server.GameServer - GameMgr Scaning ...
2026-09-05 20:29:09,220 - [31] - INFO  - Game.Server.GameServer - GameMgr.SynDate: 1
2026-09-05 20:29:09,220 - [31] - INFO  - Game.Server.GameServer - GameMgr Scan complete!
2026-09-05 20:30:01,157 - [30] - INFO  - Game.Server.GameServer - Little Game Scaning ...
2026-09-05 20:30:01,157 - [30] - INFO  - Game.Server.GameServer - LittleGame today scan completed!
2026-09-05 20:30:01,157 - [30] - INFO  - Game.Server.GameServer - GameMgr Scaning ...
2026-09-05 20:30:01,157 - [30] - INFO  - Game.Server.GameServer - GameMgr.SynDate: 1
2026-09-05 20:30:01,157 - [30] - INFO  - Game.Server.GameServer - GameMgr Scan complete!
2026-09-05 20:30:09,057 - [31] - INFO  - Game.Server.GameServer - Begin ping check....
2026-09-05 20:30:09,057 - [31] - INFO  - Game.Server.GameServer - End ping check....
2026-09-05 20:30:09,057 - [31] - INFO  - Game.Server.GameServer - Begin ping center check....
2026-09-05 20:30:09,057 - [31] - INFO  - Game.Server.GameServer - End ping center check....
2026-09-05 20:30:09,241 - [31] - INFO  - Game.Server.GameServer - Buff Scaning ...
2026-09-05 20:30:09,241 - [31] - INFO  - Game.Server.GameServer - Buff Scan complete!
2026-09-05 20:30:09,241 - [31] - INFO  - Game.Server.GameServer - Buff all 0 players in 0ms
2026-09-05 20:30:09,241 - [31] - INFO  - Game.Server.GameServer - GameMgr Scaning ...
2026-09-05 20:30:09,241 - [31] - INFO  - Game.Server.GameServer - GameMgr.SynDate: 1
2026-09-05 20:30:09,241 - [31] - INFO  - Game.Server.GameServer - GameMgr Scan complete!
2026-09-05 20:31:01,168 - [29] - INFO  - Game.Server.GameServer - Little Game Scaning ...
2026-09-05 20:31:01,168 - [29] - INFO  - Game.Server.GameServer - LittleGame today scan completed!
2026-09-05 20:31:01,168 - [29] - INFO  - Game.Server.GameServer - GameMgr Scaning ...
2026-09-05 20:31:01,168 - [29] - INFO  - Game.Server.GameServer - GameMgr.SynDate: 1
2026-09-05 20:31:01,168 - [29] - INFO  - Game.Server.GameServer - GameMgr Scan complete!
2026-09-05 20:31:09,248 - [29] - INFO  - Game.Server.GameServer - Buff Scaning ...
2026-09-05 20:31:09,248 - [29] - INFO  - Game.Server.GameServer - Buff Scan complete!
2026-09-05 20:31:09,248 - [29] - INFO  - Game.Server.GameServer - Buff all 0 players in 0ms
2026-09-05 20:31:09,248 - [29] - INFO  - Game.Server.GameServer - GameMgr Scaning ...
2026-09-05 20:31:09,248 - [29] - INFO  - Game.Server.GameServer - GameMgr.SynDate: 1
2026-09-05 20:31:09,248 - [29] - INFO  - Game.Server.GameServer - GameMgr Scan complete!
2026-09-05 20:32:01,177 - [29] - INFO  - Game.Server.GameServer - Little Game Scaning ...
2026-09-05 20:32:01,177 - [29] - INFO  - Game.Server.GameServer - LittleGame today scan completed!
2026-09-05 20:32:01,177 - [29] - INFO  - Game.Server.GameServer - GameMgr Scaning ...
2026-09-05 20:32:01,177 - [29] - INFO  - Game.Server.GameServer - GameMgr.SynDate: 1
2026-09-05 20:32:01,177 - [29] - INFO  - Game.Server.GameServer - GameMgr Scan complete!
2026-09-05 20:32:09,252 - [29] - INFO  - Game.Server.GameServer - Buff Scaning ...
2026-09-05 20:32:09,252 - [29] - INFO  - Game.Server.GameServer - Buff Scan complete!
2026-09-05 20:32:09,252 - [29] - INFO  - Game.Server.GameServer - Buff all 0 players in 0ms
2026-09-05 20:32:09,252 - [29] - INFO  - Game.Server.GameServer - GameMgr Scaning ...
2026-09-05 20:32:09,252 - [29] - INFO  - Game.Server.GameServer - GameMgr.SynDate: 1
2026-09-05 20:32:09,252 - [29] - INFO  - Game.Server.GameServer - GameMgr Scan complete!
2026-09-05 20:33:01,187 - [31] - INFO  - Game.Server.GameServer - Little Game Scaning ...
2026-09-05 20:33:01,187 - [31] - INFO  - Game.Server.GameServer - LittleGame today scan completed!
2026-09-05 20:33:01,187 - [31] - INFO  - Game.Server.GameServer - GameMgr Scaning ...
2026-09-05 20:33:01,187 - [31] - INFO  - Game.Server.GameServer - GameMgr.SynDate: 1
2026-09-05 20:33:01,187 - [31] - INFO  - Game.Server.GameServer - GameMgr Scan complete!
2026-09-05 20:33:09,067 - [29] - INFO  - Game.Server.GameServer - Begin ping check....
2026-09-05 20:33:09,067 - [29] - INFO  - Game.Server.GameServer - End ping check....
2026-09-05 20:33:09,067 - [29] - INFO  - Game.Server.GameServer - Begin ping center check....
2026-09-05 20:33:09,067 - [29] - INFO  - Game.Server.GameServer - End ping center check....
2026-09-05 20:33:09,255 - [29] - INFO  - Game.Server.GameServer - Buff Scaning ...
2026-09-05 20:33:09,255 - [29] - INFO  - Game.Server.GameServer - Buff Scan complete!
2026-09-05 20:33:09,255 - [29] - INFO  - Game.Server.GameServer - Buff all 0 players in 0ms
2026-09-05 20:33:09,255 - [29] - INFO  - Game.Server.GameServer - GameMgr Scaning ...
2026-09-05 20:33:09,255 - [29] - INFO  - Game.Server.GameServer - GameMgr.SynDate: 1
2026-09-05 20:33:09,255 - [29] - INFO  - Game.Server.GameServer - GameMgr Scan complete!
2026-09-05 20:34:01,201 - [29] - INFO  - Game.Server.GameServer - Little Game Scaning ...
2026-09-05 20:34:01,201 - [29] - INFO  - Game.Server.GameServer - LittleGame today scan completed!
2026-09-05 20:34:01,201 - [29] - INFO  - Game.Server.GameServer - GameMgr Scaning ...
2026-09-05 20:34:01,201 - [29] - INFO  - Game.Server.GameServer - GameMgr.SynDate: 1
2026-09-05 20:34:01,201 - [29] - INFO  - Game.Server.GameServer - GameMgr Scan complete!
2026-09-05 20:34:09,261 - [29] - INFO  - Game.Server.GameServer - Buff Scaning ...
2026-09-05 20:34:09,261 - [29] - INFO  - Game.Server.GameServer - Buff Scan complete!
2026-09-05 20:34:09,261 - [29] - INFO  - Game.Server.GameServer - Buff all 0 players in 0ms
2026-09-05 20:34:09,261 - [29] - INFO  - Game.Server.GameServer - GameMgr Scaning ...
2026-09-05 20:34:09,261 - [29] - INFO  - Game.Server.GameServer - GameMgr.SynDate: 1
2026-09-05 20:34:09,261 - [29] - INFO  - Game.Server.GameServer - GameMgr Scan complete!
2026-09-05 20:35:01,202 - [31] - INFO  - Game.Server.GameServer - Little Game Scaning ...
2026-09-05 20:35:01,202 - [31] - INFO  - Game.Server.GameServer - LittleGame today scan completed!
2026-09-05 20:35:01,202 - [31] - INFO  - Game.Server.GameServer - GameMgr Scaning ...
2026-09-05 20:35:01,202 - [31] - INFO  - Game.Server.GameServer - GameMgr.SynDate: 1
2026-09-05 20:35:01,202 - [31] - INFO  - Game.Server.GameServer - GameMgr Scan complete!
2026-09-05 20:35:09,265 - [31] - INFO  - Game.Server.GameServer - Buff Scaning ...
2026-09-05 20:35:09,265 - [31] - INFO  - Game.Server.GameServer - Buff Scan complete!
2026-09-05 20:35:09,265 - [31] - INFO  - Game.Server.GameServer - Buff all 0 players in 0ms
2026-09-05 20:35:09,265 - [31] - INFO  - Game.Server.GameServer - GameMgr Scaning ...
2026-09-05 20:35:09,265 - [31] - INFO  - Game.Server.GameServer - GameMgr.SynDate: 1
2026-09-05 20:35:09,265 - [31] - INFO  - Game.Server.GameServer - GameMgr Scan complete!
2026-09-05 20:36:01,218 - [31] - INFO  - Game.Server.GameServer - Little Game Scaning ...
2026-09-05 20:36:01,218 - [31] - INFO  - Game.Server.GameServer - LittleGame today scan completed!
2026-09-05 20:36:01,219 - [31] - INFO  - Game.Server.GameServer - GameMgr Scaning ...
2026-09-05 20:36:01,219 - [31] - INFO  - Game.Server.GameServer - GameMgr.SynDate: 1
2026-09-05 20:36:01,219 - [31] - INFO  - Game.Server.GameServer - GameMgr Scan complete!
2026-09-05 20:36:09,074 - [30] - INFO  - Game.Server.GameServer - Begin ping check....
2026-09-05 20:36:09,074 - [30] - INFO  - Game.Server.GameServer - End ping check....
2026-09-05 20:36:09,074 - [30] - INFO  - Game.Server.GameServer - Begin ping center check....
2026-09-05 20:36:09,074 - [30] - INFO  - Game.Server.GameServer - End ping center check....
2026-09-05 20:36:09,276 - [30] - INFO  - Game.Server.GameServer - Buff Scaning ...
2026-09-05 20:36:09,276 - [30] - INFO  - Game.Server.GameServer - Buff Scan complete!
2026-09-05 20:36:09,276 - [30] - INFO  - Game.Server.GameServer - Buff all 0 players in 0ms
2026-09-05 20:36:09,276 - [30] - INFO  - Game.Server.GameServer - GameMgr Scaning ...
2026-09-05 20:36:09,276 - [30] - INFO  - Game.Server.GameServer - GameMgr.SynDate: 1
2026-09-05 20:36:09,276 - [30] - INFO  - Game.Server.GameServer - GameMgr Scan complete!
2026-09-05 20:37:01,233 - [29] - INFO  - Game.Server.GameServer - Little Game Scaning ...
2026-09-05 20:37:01,233 - [29] - INFO  - Game.Server.GameServer - LittleGame today scan completed!
2026-09-05 20:37:01,233 - [29] - INFO  - Game.Server.GameServer - GameMgr Scaning ...
2026-09-05 20:37:01,233 - [29] - INFO  - Game.Server.GameServer - GameMgr.SynDate: 1
2026-09-05 20:37:01,233 - [29] - INFO  - Game.Server.GameServer - GameMgr Scan complete!
2026-09-05 20:37:09,291 - [29] - INFO  - Game.Server.GameServer - Buff Scaning ...
2026-09-05 20:37:09,291 - [29] - INFO  - Game.Server.GameServer - Buff Scan complete!
2026-09-05 20:37:09,291 - [29] - INFO  - Game.Server.GameServer - Buff all 0 players in 0ms
2026-09-05 20:37:09,291 - [29] - INFO  - Game.Server.GameServer - GameMgr Scaning ...
2026-09-05 20:37:09,291 - [29] - INFO  - Game.Server.GameServer - GameMgr.SynDate: 1
2026-09-05 20:37:09,291 - [29] - INFO  - Game.Server.GameServer - GameMgr Scan complete!
2026-09-05 20:38:01,246 - [29] - INFO  - Game.Server.GameServer - Little Game Scaning ...
2026-09-05 20:38:01,246 - [29] - INFO  - Game.Server.GameServer - LittleGame today scan completed!
2026-09-05 20:38:01,246 - [29] - INFO  - Game.Server.GameServer - GameMgr Scaning ...
2026-09-05 20:38:01,246 - [29] - INFO  - Game.Server.GameServer - GameMgr.SynDate: 1
2026-09-05 20:38:01,246 - [29] - INFO  - Game.Server.GameServer - GameMgr Scan complete!
2026-09-05 20:38:09,305 - [29] - INFO  - Game.Server.GameServer - Buff Scaning ...
2026-09-05 20:38:09,305 - [29] - INFO  - Game.Server.GameServer - Buff Scan complete!
2026-09-05 20:38:09,305 - [29] - INFO  - Game.Server.GameServer - Buff all 0 players in 0ms
2026-09-05 20:38:09,305 - [29] - INFO  - Game.Server.GameServer - GameMgr Scaning ...
2026-09-05 20:38:09,305 - [29] - INFO  - Game.Server.GameServer - GameMgr.SynDate: 1
2026-09-05 20:38:09,305 - [29] - INFO  - Game.Server.GameServer - GameMgr Scan complete!
2026-09-05 20:39:01,259 - [29] - INFO  - Game.Server.GameServer - Little Game Scaning ...
2026-09-05 20:39:01,259 - [29] - INFO  - Game.Server.GameServer - LittleGame today scan completed!
2026-09-05 20:39:01,259 - [29] - INFO  - Game.Server.GameServer - GameMgr Scaning ...
2026-09-05 20:39:01,259 - [29] - INFO  - Game.Server.GameServer - GameMgr.SynDate: 1
2026-09-05 20:39:01,259 - [29] - INFO  - Game.Server.GameServer - GameMgr Scan complete!
2026-09-05 20:39:09,023 - [30] - INFO  - Game.Server.GameServer - Saving database...
2026-09-05 20:39:09,033 - [30] - INFO  - Game.Server.GameServer - Saving database complete!
2026-09-05 20:39:09,033 - [30] - INFO  - Game.Server.GameServer - Saved all databases and 0 players in 16ms
2026-09-05 20:39:09,083 - [29] - INFO  - Game.Server.GameServer - Begin ping check....
2026-09-05 20:39:09,083 - [29] - INFO  - Game.Server.GameServer - End ping check....
2026-09-05 20:39:09,083 - [29] - INFO  - Game.Server.GameServer - Begin ping center check....
2026-09-05 20:39:09,083 - [29] - INFO  - Game.Server.GameServer - End ping center check....
2026-09-05 20:39:09,316 - [29] - INFO  - Game.Server.GameServer - Buff Scaning ...
2026-09-05 20:39:09,316 - [29] - INFO  - Game.Server.GameServer - Buff Scan complete!
2026-09-05 20:39:09,316 - [29] - INFO  - Game.Server.GameServer - Buff all 0 players in 0ms
2026-09-05 20:39:09,316 - [29] - INFO  - Game.Server.GameServer - GameMgr Scaning ...
2026-09-05 20:39:09,316 - [29] - INFO  - Game.Server.GameServer - GameMgr.SynDate: 1
2026-09-05 20:39:09,316 - [29] - INFO  - Game.Server.GameServer - GameMgr Scan complete!
2026-09-05 20:40:01,270 - [29] - INFO  - Game.Server.GameServer - Little Game Scaning ...
2026-09-05 20:40:01,270 - [29] - INFO  - Game.Server.GameServer - LittleGame today scan completed!
2026-09-05 20:40:01,270 - [29] - INFO  - Game.Server.GameServer - GameMgr Scaning ...
2026-09-05 20:40:01,270 - [29] - INFO  - Game.Server.GameServer - GameMgr.SynDate: 1
2026-09-05 20:40:01,270 - [29] - INFO  - Game.Server.GameServer - GameMgr Scan complete!
2026-09-05 20:40:09,322 - [29] - INFO  - Game.Server.GameServer - Buff Scaning ...
2026-09-05 20:40:09,322 - [29] - INFO  - Game.Server.GameServer - Buff Scan complete!
2026-09-05 20:40:09,322 - [29] - INFO  - Game.Server.GameServer - Buff all 0 players in 0ms
2026-09-05 20:40:09,322 - [29] - INFO  - Game.Server.GameServer - GameMgr Scaning ...
2026-09-05 20:40:09,322 - [29] - INFO  - Game.Server.GameServer - GameMgr.SynDate: 1
2026-09-05 20:40:09,322 - [29] - INFO  - Game.Server.GameServer - GameMgr Scan complete!
2026-09-05 20:41:01,274 - [31] - INFO  - Game.Server.GameServer - Little Game Scaning ...
2026-09-05 20:41:01,274 - [31] - INFO  - Game.Server.GameServer - LittleGame today scan completed!
2026-09-05 20:41:01,274 - [31] - INFO  - Game.Server.GameServer - GameMgr Scaning ...
2026-09-05 20:41:01,274 - [31] - INFO  - Game.Server.GameServer - GameMgr.SynDate: 1
2026-09-05 20:41:01,274 - [31] - INFO  - Game.Server.GameServer - GameMgr Scan complete!
2026-09-05 20:41:09,327 - [31] - INFO  - Game.Server.GameServer - Buff Scaning ...
2026-09-05 20:41:09,327 - [31] - INFO  - Game.Server.GameServer - Buff Scan complete!
2026-09-05 20:41:09,327 - [31] - INFO  - Game.Server.GameServer - Buff all 0 players in 0ms
2026-09-05 20:41:09,327 - [31] - INFO  - Game.Server.GameServer - GameMgr Scaning ...
2026-09-05 20:41:09,327 - [31] - INFO  - Game.Server.GameServer - GameMgr.SynDate: 1
2026-09-05 20:41:09,327 - [31] - INFO  - Game.Server.GameServer - GameMgr Scan complete!
2026-09-05 20:42:01,284 - [29] - INFO  - Game.Server.GameServer - Little Game Scaning ...
2026-09-05 20:42:01,284 - [29] - INFO  - Game.Server.GameServer - LittleGame today scan completed!
2026-09-05 20:42:01,284 - [29] - INFO  - Game.Server.GameServer - GameMgr Scaning ...
2026-09-05 20:42:01,284 - [29] - INFO  - Game.Server.GameServer - GameMgr.SynDate: 1
2026-09-05 20:42:01,284 - [29] - INFO  - Game.Server.GameServer - GameMgr Scan complete!
2026-09-05 20:42:09,088 - [30] - INFO  - Game.Server.GameServer - Begin ping check....
2026-09-05 20:42:09,088 - [30] - INFO  - Game.Server.GameServer - End ping check....
2026-09-05 20:42:09,088 - [30] - INFO  - Game.Server.GameServer - Begin ping center check....
2026-09-05 20:42:09,088 - [30] - INFO  - Game.Server.GameServer - End ping center check....
2026-09-05 20:42:09,337 - [30] - INFO  - Game.Server.GameServer - Buff Scaning ...
2026-09-05 20:42:09,337 - [30] - INFO  - Game.Server.GameServer - Buff Scan complete!
2026-09-05 20:42:09,337 - [30] - INFO  - Game.Server.GameServer - Buff all 0 players in 0ms
2026-09-05 20:42:09,337 - [30] - INFO  - Game.Server.GameServer - GameMgr Scaning ...
2026-09-05 20:42:09,337 - [30] - INFO  - Game.Server.GameServer - GameMgr.SynDate: 1
2026-09-05 20:42:09,337 - [30] - INFO  - Game.Server.GameServer - GameMgr Scan complete!
2026-09-05 20:43:01,297 - [29] - INFO  - Game.Server.GameServer - Little Game Scaning ...
2026-09-05 20:43:01,297 - [29] - INFO  - Game.Server.GameServer - LittleGame today scan completed!
2026-09-05 20:43:01,297 - [29] - INFO  - Game.Server.GameServer - GameMgr Scaning ...
2026-09-05 20:43:01,297 - [29] - INFO  - Game.Server.GameServer - GameMgr.SynDate: 1
2026-09-05 20:43:01,297 - [29] - INFO  - Game.Server.GameServer - GameMgr Scan complete!
2026-09-05 20:43:09,351 - [31] - INFO  - Game.Server.GameServer - Buff Scaning ...
2026-09-05 20:43:09,351 - [31] - INFO  - Game.Server.GameServer - Buff Scan complete!
2026-09-05 20:43:09,351 - [31] - INFO  - Game.Server.GameServer - Buff all 0 players in 0ms
2026-09-05 20:43:09,351 - [31] - INFO  - Game.Server.GameServer - GameMgr Scaning ...
2026-09-05 20:43:09,351 - [31] - INFO  - Game.Server.GameServer - GameMgr.SynDate: 1
2026-09-05 20:43:09,351 - [31] - INFO  - Game.Server.GameServer - GameMgr Scan complete!
2026-09-05 20:44:01,311 - [30] - INFO  - Game.Server.GameServer - Little Game Scaning ...
2026-09-05 20:44:01,311 - [30] - INFO  - Game.Server.GameServer - LittleGame today scan completed!
2026-09-05 20:44:01,311 - [30] - INFO  - Game.Server.GameServer - GameMgr Scaning ...
2026-09-05 20:44:01,311 - [30] - INFO  - Game.Server.GameServer - GameMgr.SynDate: 1
2026-09-05 20:44:01,311 - [30] - INFO  - Game.Server.GameServer - GameMgr Scan complete!
2026-09-05 20:44:09,365 - [30] - INFO  - Game.Server.GameServer - Buff Scaning ...
2026-09-05 20:44:09,365 - [30] - INFO  - Game.Server.GameServer - Buff Scan complete!
2026-09-05 20:44:09,365 - [30] - INFO  - Game.Server.GameServer - Buff all 0 players in 0ms
2026-09-05 20:44:09,365 - [30] - INFO  - Game.Server.GameServer - GameMgr Scaning ...
2026-09-05 20:44:09,365 - [30] - INFO  - Game.Server.GameServer - GameMgr.SynDate: 1
2026-09-05 20:44:09,365 - [30] - INFO  - Game.Server.GameServer - GameMgr Scan complete!
2026-09-05 20:45:01,315 - [31] - INFO  - Game.Server.GameServer - Little Game Scaning ...
2026-09-05 20:45:01,315 - [31] - INFO  - Game.Server.GameServer - LittleGame today scan completed!
2026-09-05 20:45:01,315 - [31] - INFO  - Game.Server.GameServer - GameMgr Scaning ...
2026-09-05 20:45:01,315 - [31] - INFO  - Game.Server.GameServer - GameMgr.SynDate: 1
2026-09-05 20:45:01,315 - [31] - INFO  - Game.Server.GameServer - GameMgr Scan complete!
2026-09-05 20:45:09,102 - [29] - INFO  - Game.Server.GameServer - Begin ping check....
2026-09-05 20:45:09,102 - [29] - INFO  - Game.Server.GameServer - End ping check....
2026-09-05 20:45:09,102 - [29] - INFO  - Game.Server.GameServer - Begin ping center check....
2026-09-05 20:45:09,102 - [29] - INFO  - Game.Server.GameServer - End ping center check....
2026-09-05 20:45:09,369 - [29] - INFO  - Game.Server.GameServer - Buff Scaning ...
2026-09-05 20:45:09,369 - [29] - INFO  - Game.Server.GameServer - Buff Scan complete!
2026-09-05 20:45:09,369 - [29] - INFO  - Game.Server.GameServer - Buff all 0 players in 0ms
2026-09-05 20:45:09,369 - [29] - INFO  - Game.Server.GameServer - GameMgr Scaning ...
2026-09-05 20:45:09,369 - [29] - INFO  - Game.Server.GameServer - GameMgr.SynDate: 1
2026-09-05 20:45:09,369 - [29] - INFO  - Game.Server.GameServer - GameMgr Scan complete!
2026-09-05 20:46:01,321 - [29] - INFO  - Game.Server.GameServer - Little Game Scaning ...
2026-09-05 20:46:01,321 - [29] - INFO  - Game.Server.GameServer - LittleGame today scan completed!
2026-09-05 20:46:01,321 - [29] - INFO  - Game.Server.GameServer - GameMgr Scaning ...
2026-09-05 20:46:01,321 - [29] - INFO  - Game.Server.GameServer - GameMgr.SynDate: 1
2026-09-05 20:46:01,321 - [29] - INFO  - Game.Server.GameServer - GameMgr Scan complete!
2026-09-05 20:46:09,369 - [29] - INFO  - Game.Server.GameServer - Buff Scaning ...
2026-09-05 20:46:09,369 - [29] - INFO  - Game.Server.GameServer - Buff Scan complete!
2026-09-05 20:46:09,369 - [29] - INFO  - Game.Server.GameServer - Buff all 0 players in 0ms
2026-09-05 20:46:09,369 - [29] - INFO  - Game.Server.GameServer - GameMgr Scaning ...
2026-09-05 20:46:09,369 - [29] - INFO  - Game.Server.GameServer - GameMgr.SynDate: 1
2026-09-05 20:46:09,369 - [29] - INFO  - Game.Server.GameServer - GameMgr Scan complete!
2026-09-05 20:47:01,323 - [29] - INFO  - Game.Server.GameServer - Little Game Scaning ...
2026-09-05 20:47:01,323 - [29] - INFO  - Game.Server.GameServer - LittleGame today scan completed!
2026-09-05 20:47:01,323 - [29] - INFO  - Game.Server.GameServer - GameMgr Scaning ...
2026-09-05 20:47:01,323 - [29] - INFO  - Game.Server.GameServer - GameMgr.SynDate: 1
2026-09-05 20:47:01,323 - [29] - INFO  - Game.Server.GameServer - GameMgr Scan complete!
2026-09-05 20:47:09,384 - [29] - INFO  - Game.Server.GameServer - Buff Scaning ...
2026-09-05 20:47:09,384 - [29] - INFO  - Game.Server.GameServer - Buff Scan complete!
2026-09-05 20:47:09,384 - [29] - INFO  - Game.Server.GameServer - Buff all 0 players in 0ms
2026-09-05 20:47:09,384 - [29] - INFO  - Game.Server.GameServer - GameMgr Scaning ...
2026-09-05 20:47:09,384 - [29] - INFO  - Game.Server.GameServer - GameMgr.SynDate: 1
2026-09-05 20:47:09,384 - [29] - INFO  - Game.Server.GameServer - GameMgr Scan complete!
2026-09-05 20:48:01,324 - [31] - INFO  - Game.Server.GameServer - Little Game Scaning ...
2026-09-05 20:48:01,324 - [31] - INFO  - Game.Server.GameServer - LittleGame today scan completed!
2026-09-05 20:48:01,324 - [31] - INFO  - Game.Server.GameServer - GameMgr Scaning ...
2026-09-05 20:48:01,324 - [31] - INFO  - Game.Server.GameServer - GameMgr.SynDate: 1
2026-09-05 20:48:01,324 - [31] - INFO  - Game.Server.GameServer - GameMgr Scan complete!
2026-09-05 20:48:09,114 - [30] - INFO  - Game.Server.GameServer - Begin ping check....
2026-09-05 20:48:09,114 - [30] - INFO  - Game.Server.GameServer - End ping check....
2026-09-05 20:48:09,114 - [30] - INFO  - Game.Server.GameServer - Begin ping center check....
2026-09-05 20:48:09,114 - [30] - INFO  - Game.Server.GameServer - End ping center check....
2026-09-05 20:48:09,397 - [30] - INFO  - Game.Server.GameServer - Buff Scaning ...
2026-09-05 20:48:09,397 - [30] - INFO  - Game.Server.GameServer - Buff Scan complete!
2026-09-05 20:48:09,397 - [30] - INFO  - Game.Server.GameServer - Buff all 0 players in 0ms
2026-09-05 20:48:09,397 - [30] - INFO  - Game.Server.GameServer - GameMgr Scaning ...
2026-09-05 20:48:09,397 - [30] - INFO  - Game.Server.GameServer - GameMgr.SynDate: 1
2026-09-05 20:48:09,397 - [30] - INFO  - Game.Server.GameServer - GameMgr Scan complete!
2026-09-05 20:49:01,333 - [31] - INFO  - Game.Server.GameServer - Little Game Scaning ...
2026-09-05 20:49:01,333 - [31] - INFO  - Game.Server.GameServer - LittleGame today scan completed!
2026-09-05 20:49:01,333 - [31] - INFO  - Game.Server.GameServer - GameMgr Scaning ...
2026-09-05 20:49:01,333 - [31] - INFO  - Game.Server.GameServer - GameMgr.SynDate: 1
2026-09-05 20:49:01,333 - [31] - INFO  - Game.Server.GameServer - GameMgr Scan complete!
2026-09-05 20:49:09,039 - [29] - INFO  - Game.Server.GameServer - Saving database...
2026-09-05 20:49:09,047 - [29] - INFO  - Game.Server.GameServer - Saving database complete!
2026-09-05 20:49:09,047 - [29] - INFO  - Game.Server.GameServer - Saved all databases and 0 players in 15ms
2026-09-05 20:49:09,397 - [30] - INFO  - Game.Server.GameServer - Buff Scaning ...
2026-09-05 20:49:09,397 - [30] - INFO  - Game.Server.GameServer - Buff Scan complete!
2026-09-05 20:49:09,397 - [30] - INFO  - Game.Server.GameServer - Buff all 0 players in 0ms
2026-09-05 20:49:09,397 - [30] - INFO  - Game.Server.GameServer - GameMgr Scaning ...
2026-09-05 20:49:09,397 - [30] - INFO  - Game.Server.GameServer - GameMgr.SynDate: 1
2026-09-05 20:49:09,397 - [30] - INFO  - Game.Server.GameServer - GameMgr Scan complete!
2026-09-05 20:50:01,335 - [31] - INFO  - Game.Server.GameServer - Little Game Scaning ...
2026-09-05 20:50:01,335 - [31] - INFO  - Game.Server.GameServer - LittleGame today scan completed!
2026-09-05 20:50:01,335 - [31] - INFO  - Game.Server.GameServer - GameMgr Scaning ...
2026-09-05 20:50:01,335 - [31] - INFO  - Game.Server.GameServer - GameMgr.SynDate: 1
2026-09-05 20:50:01,335 - [31] - INFO  - Game.Server.GameServer - GameMgr Scan complete!
2026-09-05 20:50:09,402 - [31] - INFO  - Game.Server.GameServer - Buff Scaning ...
2026-09-05 20:50:09,402 - [31] - INFO  - Game.Server.GameServer - Buff Scan complete!
2026-09-05 20:50:09,402 - [31] - INFO  - Game.Server.GameServer - Buff all 0 players in 0ms
2026-09-05 20:50:09,402 - [31] - INFO  - Game.Server.GameServer - GameMgr Scaning ...
2026-09-05 20:50:09,402 - [31] - INFO  - Game.Server.GameServer - GameMgr.SynDate: 1
2026-09-05 20:50:09,402 - [31] - INFO  - Game.Server.GameServer - GameMgr Scan complete!
2026-09-05 20:51:01,340 - [30] - INFO  - Game.Server.GameServer - Little Game Scaning ...
2026-09-05 20:51:01,340 - [30] - INFO  - Game.Server.GameServer - LittleGame today scan completed!
2026-09-05 20:51:01,340 - [30] - INFO  - Game.Server.GameServer - GameMgr Scaning ...
2026-09-05 20:51:01,340 - [30] - INFO  - Game.Server.GameServer - GameMgr.SynDate: 1
2026-09-05 20:51:01,340 - [30] - INFO  - Game.Server.GameServer - GameMgr Scan complete!
2026-09-05 20:51:09,115 - [30] - INFO  - Game.Server.GameServer - Begin ping check....
2026-09-05 20:51:09,115 - [30] - INFO  - Game.Server.GameServer - End ping check....
2026-09-05 20:51:09,115 - [30] - INFO  - Game.Server.GameServer - Begin ping center check....
2026-09-05 20:51:09,115 - [30] - INFO  - Game.Server.GameServer - End ping center check....
2026-09-05 20:51:09,413 - [29] - INFO  - Game.Server.GameServer - Buff Scaning ...
2026-09-05 20:51:09,413 - [29] - INFO  - Game.Server.GameServer - Buff Scan complete!
2026-09-05 20:51:09,413 - [29] - INFO  - Game.Server.GameServer - Buff all 0 players in 0ms
2026-09-05 20:51:09,413 - [29] - INFO  - Game.Server.GameServer - GameMgr Scaning ...
2026-09-05 20:51:09,413 - [29] - INFO  - Game.Server.GameServer - GameMgr.SynDate: 1
2026-09-05 20:51:09,413 - [29] - INFO  - Game.Server.GameServer - GameMgr Scan complete!
2026-09-05 20:52:01,346 - [30] - INFO  - Game.Server.GameServer - Little Game Scaning ...
2026-09-05 20:52:01,346 - [30] - INFO  - Game.Server.GameServer - LittleGame today scan completed!
2026-09-05 20:52:01,346 - [30] - INFO  - Game.Server.GameServer - GameMgr Scaning ...
2026-09-05 20:52:01,346 - [30] - INFO  - Game.Server.GameServer - GameMgr.SynDate: 1
2026-09-05 20:52:01,346 - [30] - INFO  - Game.Server.GameServer - GameMgr Scan complete!
2026-09-05 20:52:09,423 - [30] - INFO  - Game.Server.GameServer - Buff Scaning ...
2026-09-05 20:52:09,423 - [30] - INFO  - Game.Server.GameServer - Buff Scan complete!
2026-09-05 20:52:09,423 - [30] - INFO  - Game.Server.GameServer - Buff all 0 players in 0ms
2026-09-05 20:52:09,423 - [30] - INFO  - Game.Server.GameServer - GameMgr Scaning ...
2026-09-05 20:52:09,423 - [30] - INFO  - Game.Server.GameServer - GameMgr.SynDate: 1
2026-09-05 20:52:09,423 - [30] - INFO  - Game.Server.GameServer - GameMgr Scan complete!
2026-09-05 20:53:01,352 - [30] - INFO  - Game.Server.GameServer - Little Game Scaning ...
2026-09-05 20:53:01,352 - [30] - INFO  - Game.Server.GameServer - LittleGame today scan completed!
2026-09-05 20:53:01,352 - [30] - INFO  - Game.Server.GameServer - GameMgr Scaning ...
2026-09-05 20:53:01,352 - [30] - INFO  - Game.Server.GameServer - GameMgr.SynDate: 1
2026-09-05 20:53:01,352 - [30] - INFO  - Game.Server.GameServer - GameMgr Scan complete!
2026-09-05 20:53:09,435 - [31] - INFO  - Game.Server.GameServer - Buff Scaning ...
2026-09-05 20:53:09,435 - [31] - INFO  - Game.Server.GameServer - Buff Scan complete!
2026-09-05 20:53:09,435 - [31] - INFO  - Game.Server.GameServer - Buff all 0 players in 0ms
2026-09-05 20:53:09,435 - [31] - INFO  - Game.Server.GameServer - GameMgr Scaning ...
2026-09-05 20:53:09,435 - [31] - INFO  - Game.Server.GameServer - GameMgr.SynDate: 1
2026-09-05 20:53:09,435 - [31] - INFO  - Game.Server.GameServer - GameMgr Scan complete!
2026-09-05 20:54:01,363 - [31] - INFO  - Game.Server.GameServer - Little Game Scaning ...
2026-09-05 20:54:01,363 - [31] - INFO  - Game.Server.GameServer - LittleGame today scan completed!
2026-09-05 20:54:01,363 - [31] - INFO  - Game.Server.GameServer - GameMgr Scaning ...
2026-09-05 20:54:01,363 - [31] - INFO  - Game.Server.GameServer - GameMgr.SynDate: 1
2026-09-05 20:54:01,363 - [31] - INFO  - Game.Server.GameServer - GameMgr Scan complete!
2026-09-05 20:54:09,124 - [31] - INFO  - Game.Server.GameServer - Begin ping check....
2026-09-05 20:54:09,124 - [31] - INFO  - Game.Server.GameServer - End ping check....
2026-09-05 20:54:09,124 - [31] - INFO  - Game.Server.GameServer - Begin ping center check....
2026-09-05 20:54:09,124 - [31] - INFO  - Game.Server.GameServer - End ping center check....
2026-09-05 20:54:09,436 - [30] - INFO  - Game.Server.GameServer - Buff Scaning ...
2026-09-05 20:54:09,436 - [30] - INFO  - Game.Server.GameServer - Buff Scan complete!
2026-09-05 20:54:09,436 - [30] - INFO  - Game.Server.GameServer - Buff all 0 players in 0ms
2026-09-05 20:54:09,436 - [30] - INFO  - Game.Server.GameServer - GameMgr Scaning ...
2026-09-05 20:54:09,436 - [30] - INFO  - Game.Server.GameServer - GameMgr.SynDate: 1
2026-09-05 20:54:09,436 - [30] - INFO  - Game.Server.GameServer - GameMgr Scan complete!
2026-09-05 20:55:01,363 - [29] - INFO  - Game.Server.GameServer - Little Game Scaning ...
2026-09-05 20:55:01,363 - [29] - INFO  - Game.Server.GameServer - LittleGame today scan completed!
2026-09-05 20:55:01,363 - [29] - INFO  - Game.Server.GameServer - GameMgr Scaning ...
2026-09-05 20:55:01,363 - [29] - INFO  - Game.Server.GameServer - GameMgr.SynDate: 1
2026-09-05 20:55:01,363 - [29] - INFO  - Game.Server.GameServer - GameMgr Scan complete!
2026-09-05 20:55:09,439 - [29] - INFO  - Game.Server.GameServer - Buff Scaning ...
2026-09-05 20:55:09,439 - [29] - INFO  - Game.Server.GameServer - Buff Scan complete!
2026-09-05 20:55:09,439 - [29] - INFO  - Game.Server.GameServer - Buff all 0 players in 0ms
2026-09-05 20:55:09,439 - [29] - INFO  - Game.Server.GameServer - GameMgr Scaning ...
2026-09-05 20:55:09,439 - [29] - INFO  - Game.Server.GameServer - GameMgr.SynDate: 1
2026-09-05 20:55:09,439 - [29] - INFO  - Game.Server.GameServer - GameMgr Scan complete!
2026-09-05 20:56:01,375 - [29] - INFO  - Game.Server.GameServer - Little Game Scaning ...
2026-09-05 20:56:01,375 - [29] - INFO  - Game.Server.GameServer - LittleGame today scan completed!
2026-09-05 20:56:01,375 - [29] - INFO  - Game.Server.GameServer - GameMgr Scaning ...
2026-09-05 20:56:01,375 - [29] - INFO  - Game.Server.GameServer - GameMgr.SynDate: 1
2026-09-05 20:56:01,375 - [29] - INFO  - Game.Server.GameServer - GameMgr Scan complete!
2026-09-05 20:56:09,452 - [29] - INFO  - Game.Server.GameServer - Buff Scaning ...
2026-09-05 20:56:09,452 - [29] - INFO  - Game.Server.GameServer - Buff Scan complete!
2026-09-05 20:56:09,452 - [29] - INFO  - Game.Server.GameServer - Buff all 0 players in 0ms
2026-09-05 20:56:09,452 - [29] - INFO  - Game.Server.GameServer - GameMgr Scaning ...
2026-09-05 20:56:09,452 - [29] - INFO  - Game.Server.GameServer - GameMgr.SynDate: 1
2026-09-05 20:56:09,452 - [29] - INFO  - Game.Server.GameServer - GameMgr Scan complete!
2026-09-05 20:57:01,388 - [29] - INFO  - Game.Server.GameServer - Little Game Scaning ...
2026-09-05 20:57:01,388 - [29] - INFO  - Game.Server.GameServer - LittleGame today scan completed!
2026-09-05 20:57:01,388 - [29] - INFO  - Game.Server.GameServer - GameMgr Scaning ...
2026-09-05 20:57:01,388 - [29] - INFO  - Game.Server.GameServer - GameMgr.SynDate: 1
2026-09-05 20:57:01,388 - [29] - INFO  - Game.Server.GameServer - GameMgr Scan complete!
2026-09-05 20:57:09,137 - [29] - INFO  - Game.Server.GameServer - Begin ping check....
2026-09-05 20:57:09,137 - [29] - INFO  - Game.Server.GameServer - End ping check....
2026-09-05 20:57:09,137 - [29] - INFO  - Game.Server.GameServer - Begin ping center check....
2026-09-05 20:57:09,137 - [29] - INFO  - Game.Server.GameServer - End ping center check....
2026-09-05 20:57:09,466 - [30] - INFO  - Game.Server.GameServer - Buff Scaning ...
2026-09-05 20:57:09,466 - [30] - INFO  - Game.Server.GameServer - Buff Scan complete!
2026-09-05 20:57:09,466 - [30] - INFO  - Game.Server.GameServer - Buff all 0 players in 0ms
2026-09-05 20:57:09,466 - [30] - INFO  - Game.Server.GameServer - GameMgr Scaning ...
2026-09-05 20:57:09,466 - [30] - INFO  - Game.Server.GameServer - GameMgr.SynDate: 1
2026-09-05 20:57:09,466 - [30] - INFO  - Game.Server.GameServer - GameMgr Scan complete!
2026-09-05 20:58:01,415 - [30] - INFO  - Game.Server.GameServer - Little Game Scaning ...
2026-09-05 20:58:01,415 - [30] - INFO  - Game.Server.GameServer - LittleGame today scan completed!
2026-09-05 20:58:01,415 - [30] - INFO  - Game.Server.GameServer - GameMgr Scaning ...
2026-09-05 20:58:01,415 - [30] - INFO  - Game.Server.GameServer - GameMgr.SynDate: 1
2026-09-05 20:58:01,415 - [30] - INFO  - Game.Server.GameServer - GameMgr Scan complete!
2026-09-05 20:58:09,474 - [29] - INFO  - Game.Server.GameServer - Buff Scaning ...
2026-09-05 20:58:09,474 - [29] - INFO  - Game.Server.GameServer - Buff Scan complete!
2026-09-05 20:58:09,474 - [29] - INFO  - Game.Server.GameServer - Buff all 0 players in 0ms
2026-09-05 20:58:09,474 - [29] - INFO  - Game.Server.GameServer - GameMgr Scaning ...
2026-09-05 20:58:09,474 - [29] - INFO  - Game.Server.GameServer - GameMgr.SynDate: 1
2026-09-05 20:58:09,474 - [29] - INFO  - Game.Server.GameServer - GameMgr Scan complete!
2026-09-05 20:59:01,417 - [31] - INFO  - Game.Server.GameServer - Little Game Scaning ...
2026-09-05 20:59:01,417 - [31] - INFO  - Game.Server.GameServer - LittleGame today scan completed!
2026-09-05 20:59:01,417 - [31] - INFO  - Game.Server.GameServer - GameMgr Scaning ...
2026-09-05 20:59:01,417 - [31] - INFO  - Game.Server.GameServer - GameMgr.SynDate: 1
2026-09-05 20:59:01,417 - [31] - INFO  - Game.Server.GameServer - GameMgr Scan complete!
2026-09-05 20:59:09,047 - [31] - INFO  - Game.Server.GameServer - Saving database...
2026-09-05 20:59:09,059 - [31] - INFO  - Game.Server.GameServer - Saving database complete!
2026-09-05 20:59:09,059 - [31] - INFO  - Game.Server.GameServer - Saved all databases and 0 players in 16ms
2026-09-05 20:59:09,487 - [30] - INFO  - Game.Server.GameServer - Buff Scaning ...
2026-09-05 20:59:09,487 - [30] - INFO  - Game.Server.GameServer - Buff Scan complete!
2026-09-05 20:59:09,487 - [30] - INFO  - Game.Server.GameServer - Buff all 0 players in 0ms
2026-09-05 20:59:09,487 - [30] - INFO  - Game.Server.GameServer - GameMgr Scaning ...
2026-09-05 20:59:09,487 - [30] - INFO  - Game.Server.GameServer - GameMgr.SynDate: 1
2026-09-05 20:59:09,487 - [30] - INFO  - Game.Server.GameServer - GameMgr Scan complete!
2026-09-05 21:00:01,423 - [29] - INFO  - Game.Server.GameServer - Little Game Scaning ...
2026-09-05 21:00:01,423 - [29] - INFO  - Game.Server.GameServer - LittleGame today scan completed!
2026-09-05 21:00:01,423 - [29] - INFO  - Game.Server.GameServer - GameMgr Scaning ...
2026-09-05 21:00:01,423 - [29] - INFO  - Game.Server.GameServer - GameMgr.SynDate: 1
2026-09-05 21:00:01,423 - [29] - INFO  - Game.Server.GameServer - GameMgr Scan complete!
2026-09-05 21:00:09,149 - [31] - INFO  - Game.Server.GameServer - Begin ping check....
2026-09-05 21:00:09,149 - [31] - INFO  - Game.Server.GameServer - End ping check....
2026-09-05 21:00:09,149 - [31] - INFO  - Game.Server.GameServer - Begin ping center check....
2026-09-05 21:00:09,149 - [31] - INFO  - Game.Server.GameServer - End ping center check....
2026-09-05 21:00:09,493 - [29] - INFO  - Game.Server.GameServer - Buff Scaning ...
2026-09-05 21:00:09,493 - [29] - INFO  - Game.Server.GameServer - Buff Scan complete!
2026-09-05 21:00:09,493 - [29] - INFO  - Game.Server.GameServer - Buff all 0 players in 0ms
2026-09-05 21:00:09,493 - [29] - INFO  - Game.Server.GameServer - GameMgr Scaning ...
2026-09-05 21:00:09,493 - [29] - INFO  - Game.Server.GameServer - GameMgr.SynDate: 1
2026-09-05 21:00:09,493 - [29] - INFO  - Game.Server.GameServer - GameMgr Scan complete!
2026-09-05 21:01:01,433 - [30] - INFO  - Game.Server.GameServer - Little Game Scaning ...
2026-09-05 21:01:01,433 - [30] - INFO  - Game.Server.GameServer - LittleGame today scan completed!
2026-09-05 21:01:01,433 - [30] - INFO  - Game.Server.GameServer - GameMgr Scaning ...
2026-09-05 21:01:01,433 - [30] - INFO  - Game.Server.GameServer - GameMgr.SynDate: 1
2026-09-05 21:01:01,433 - [30] - INFO  - Game.Server.GameServer - GameMgr Scan complete!
2026-09-05 21:01:09,497 - [29] - INFO  - Game.Server.GameServer - Buff Scaning ...
2026-09-05 21:01:09,497 - [29] - INFO  - Game.Server.GameServer - Buff Scan complete!
2026-09-05 21:01:09,497 - [29] - INFO  - Game.Server.GameServer - Buff all 0 players in 0ms
2026-09-05 21:01:09,497 - [29] - INFO  - Game.Server.GameServer - GameMgr Scaning ...
2026-09-05 21:01:09,497 - [29] - INFO  - Game.Server.GameServer - GameMgr.SynDate: 1
2026-09-05 21:01:09,497 - [29] - INFO  - Game.Server.GameServer - GameMgr Scan complete!
2026-09-05 21:02:01,454 - [29] - INFO  - Game.Server.GameServer - Little Game Scaning ...
2026-09-05 21:02:01,454 - [29] - INFO  - Game.Server.GameServer - LittleGame today scan completed!
2026-09-05 21:02:01,454 - [29] - INFO  - Game.Server.GameServer - GameMgr Scaning ...
2026-09-05 21:02:01,454 - [29] - INFO  - Game.Server.GameServer - GameMgr.SynDate: 1
2026-09-05 21:02:01,454 - [29] - INFO  - Game.Server.GameServer - GameMgr Scan complete!
2026-09-05 21:02:09,513 - [30] - INFO  - Game.Server.GameServer - Buff Scaning ...
2026-09-05 21:02:09,513 - [30] - INFO  - Game.Server.GameServer - Buff Scan complete!
2026-09-05 21:02:09,513 - [30] - INFO  - Game.Server.GameServer - Buff all 0 players in 0ms
2026-09-05 21:02:09,513 - [30] - INFO  - Game.Server.GameServer - GameMgr Scaning ...
2026-09-05 21:02:09,513 - [30] - INFO  - Game.Server.GameServer - GameMgr.SynDate: 1
2026-09-05 21:02:09,513 - [30] - INFO  - Game.Server.GameServer - GameMgr Scan complete!
2026-09-05 21:03:01,472 - [31] - INFO  - Game.Server.GameServer - Little Game Scaning ...
2026-09-05 21:03:01,472 - [31] - INFO  - Game.Server.GameServer - LittleGame today scan completed!
2026-09-05 21:03:01,472 - [31] - INFO  - Game.Server.GameServer - GameMgr Scaning ...
2026-09-05 21:03:01,472 - [31] - INFO  - Game.Server.GameServer - GameMgr.SynDate: 1
2026-09-05 21:03:01,472 - [31] - INFO  - Game.Server.GameServer - GameMgr Scan complete!
2026-09-05 21:03:09,161 - [29] - INFO  - Game.Server.GameServer - Begin ping check....
2026-09-05 21:03:09,161 - [29] - INFO  - Game.Server.GameServer - End ping check....
2026-09-05 21:03:09,161 - [29] - INFO  - Game.Server.GameServer - Begin ping center check....
2026-09-05 21:03:09,161 - [29] - INFO  - Game.Server.GameServer - End ping center check....
2026-09-05 21:03:09,521 - [30] - INFO  - Game.Server.GameServer - Buff Scaning ...
2026-09-05 21:03:09,522 - [30] - INFO  - Game.Server.GameServer - Buff Scan complete!
2026-09-05 21:03:09,522 - [30] - INFO  - Game.Server.GameServer - Buff all 0 players in 0ms
2026-09-05 21:03:09,522 - [30] - INFO  - Game.Server.GameServer - GameMgr Scaning ...
2026-09-05 21:03:09,522 - [30] - INFO  - Game.Server.GameServer - GameMgr.SynDate: 1
2026-09-05 21:03:09,522 - [30] - INFO  - Game.Server.GameServer - GameMgr Scan complete!
2026-09-05 21:04:01,480 - [29] - INFO  - Game.Server.GameServer - Little Game Scaning ...
2026-09-05 21:04:01,480 - [29] - INFO  - Game.Server.GameServer - LittleGame today scan completed!
2026-09-05 21:04:01,480 - [29] - INFO  - Game.Server.GameServer - GameMgr Scaning ...
2026-09-05 21:04:01,480 - [29] - INFO  - Game.Server.GameServer - GameMgr.SynDate: 1
2026-09-05 21:04:01,480 - [29] - INFO  - Game.Server.GameServer - GameMgr Scan complete!
2026-09-05 21:04:09,528 - [30] - INFO  - Game.Server.GameServer - Buff Scaning ...
2026-09-05 21:04:09,528 - [30] - INFO  - Game.Server.GameServer - Buff Scan complete!
2026-09-05 21:04:09,528 - [30] - INFO  - Game.Server.GameServer - Buff all 0 players in 0ms
2026-09-05 21:04:09,528 - [30] - INFO  - Game.Server.GameServer - GameMgr Scaning ...
2026-09-05 21:04:09,528 - [30] - INFO  - Game.Server.GameServer - GameMgr.SynDate: 1
2026-09-05 21:04:09,528 - [30] - INFO  - Game.Server.GameServer - GameMgr Scan complete!
2026-09-05 21:05:01,484 - [30] - INFO  - Game.Server.GameServer - Little Game Scaning ...
2026-09-05 21:05:01,484 - [30] - INFO  - Game.Server.GameServer - LittleGame today scan completed!
2026-09-05 21:05:01,484 - [30] - INFO  - Game.Server.GameServer - GameMgr Scaning ...
2026-09-05 21:05:01,484 - [30] - INFO  - Game.Server.GameServer - GameMgr.SynDate: 1
2026-09-05 21:05:01,484 - [30] - INFO  - Game.Server.GameServer - GameMgr Scan complete!
2026-09-05 21:05:09,553 - [29] - INFO  - Game.Server.GameServer - Buff Scaning ...
2026-09-05 21:05:09,553 - [29] - INFO  - Game.Server.GameServer - Buff Scan complete!
2026-09-05 21:05:09,553 - [29] - INFO  - Game.Server.GameServer - Buff all 0 players in 0ms
2026-09-05 21:05:09,553 - [29] - INFO  - Game.Server.GameServer - GameMgr Scaning ...
2026-09-05 21:05:09,553 - [29] - INFO  - Game.Server.GameServer - GameMgr.SynDate: 1
2026-09-05 21:05:09,553 - [29] - INFO  - Game.Server.GameServer - GameMgr Scan complete!
2026-09-05 21:06:01,497 - [29] - INFO  - Game.Server.GameServer - Little Game Scaning ...
2026-09-05 21:06:01,497 - [29] - INFO  - Game.Server.GameServer - LittleGame today scan completed!
2026-09-05 21:06:01,497 - [29] - INFO  - Game.Server.GameServer - GameMgr Scaning ...
2026-09-05 21:06:01,497 - [29] - INFO  - Game.Server.GameServer - GameMgr.SynDate: 1
2026-09-05 21:06:01,497 - [29] - INFO  - Game.Server.GameServer - GameMgr Scan complete!
2026-09-05 21:06:09,178 - [31] - INFO  - Game.Server.GameServer - Begin ping check....
2026-09-05 21:06:09,178 - [31] - INFO  - Game.Server.GameServer - End ping check....
2026-09-05 21:06:09,178 - [31] - INFO  - Game.Server.GameServer - Begin ping center check....
2026-09-05 21:06:09,178 - [31] - INFO  - Game.Server.GameServer - End ping center check....
2026-09-05 21:06:09,568 - [30] - INFO  - Game.Server.GameServer - Buff Scaning ...
2026-09-05 21:06:09,568 - [30] - INFO  - Game.Server.GameServer - Buff Scan complete!
2026-09-05 21:06:09,568 - [30] - INFO  - Game.Server.GameServer - Buff all 0 players in 0ms
2026-09-05 21:06:09,568 - [30] - INFO  - Game.Server.GameServer - GameMgr Scaning ...
2026-09-05 21:06:09,568 - [30] - INFO  - Game.Server.GameServer - GameMgr.SynDate: 1
2026-09-05 21:06:09,568 - [30] - INFO  - Game.Server.GameServer - GameMgr Scan complete!
2026-09-05 21:07:01,521 - [29] - INFO  - Game.Server.GameServer - Little Game Scaning ...
2026-09-05 21:07:01,521 - [29] - INFO  - Game.Server.GameServer - LittleGame today scan completed!
2026-09-05 21:07:01,521 - [29] - INFO  - Game.Server.GameServer - GameMgr Scaning ...
2026-09-05 21:07:01,521 - [29] - INFO  - Game.Server.GameServer - GameMgr.SynDate: 1
2026-09-05 21:07:01,521 - [29] - INFO  - Game.Server.GameServer - GameMgr Scan complete!
2026-09-05 21:07:09,576 - [31] - INFO  - Game.Server.GameServer - Buff Scaning ...
2026-09-05 21:07:09,576 - [31] - INFO  - Game.Server.GameServer - Buff Scan complete!
2026-09-05 21:07:09,576 - [31] - INFO  - Game.Server.GameServer - Buff all 0 players in 0ms
2026-09-05 21:07:09,576 - [31] - INFO  - Game.Server.GameServer - GameMgr Scaning ...
2026-09-05 21:07:09,576 - [31] - INFO  - Game.Server.GameServer - GameMgr.SynDate: 1
2026-09-05 21:07:09,576 - [31] - INFO  - Game.Server.GameServer - GameMgr Scan complete!
2026-09-05 21:08:01,539 - [31] - INFO  - Game.Server.GameServer - Little Game Scaning ...
2026-09-05 21:08:01,539 - [31] - INFO  - Game.Server.GameServer - LittleGame today scan completed!
2026-09-05 21:08:01,539 - [31] - INFO  - Game.Server.GameServer - GameMgr Scaning ...
2026-09-05 21:08:01,539 - [31] - INFO  - Game.Server.GameServer - GameMgr.SynDate: 1
2026-09-05 21:08:01,539 - [31] - INFO  - Game.Server.GameServer - GameMgr Scan complete!
2026-09-05 21:08:09,589 - [29] - INFO  - Game.Server.GameServer - Buff Scaning ...
2026-09-05 21:08:09,589 - [29] - INFO  - Game.Server.GameServer - Buff Scan complete!
2026-09-05 21:08:09,589 - [29] - INFO  - Game.Server.GameServer - Buff all 0 players in 0ms
2026-09-05 21:08:09,589 - [29] - INFO  - Game.Server.GameServer - GameMgr Scaning ...
2026-09-05 21:08:09,589 - [29] - INFO  - Game.Server.GameServer - GameMgr.SynDate: 1
2026-09-05 21:08:09,589 - [29] - INFO  - Game.Server.GameServer - GameMgr Scan complete!
2026-09-05 21:09:01,545 - [29] - INFO  - Game.Server.GameServer - Little Game Scaning ...
2026-09-05 21:09:01,545 - [29] - INFO  - Game.Server.GameServer - LittleGame today scan completed!
2026-09-05 21:09:01,545 - [29] - INFO  - Game.Server.GameServer - GameMgr Scaning ...
2026-09-05 21:09:01,545 - [29] - INFO  - Game.Server.GameServer - GameMgr.SynDate: 1
2026-09-05 21:09:01,545 - [29] - INFO  - Game.Server.GameServer - GameMgr Scan complete!
2026-09-05 21:09:09,048 - [30] - INFO  - Game.Server.GameServer - Saving database...
2026-09-05 21:09:09,052 - [30] - INFO  - Game.Server.GameServer - Saving database complete!
2026-09-05 21:09:09,052 - [30] - INFO  - Game.Server.GameServer - Saved all databases and 0 players in 0ms
2026-09-05 21:09:09,186 - [30] - INFO  - Game.Server.GameServer - Begin ping check....
2026-09-05 21:09:09,186 - [30] - INFO  - Game.Server.GameServer - End ping check....
2026-09-05 21:09:09,186 - [30] - INFO  - Game.Server.GameServer - Begin ping center check....
2026-09-05 21:09:09,186 - [30] - INFO  - Game.Server.GameServer - End ping center check....
2026-09-05 21:09:09,592 - [29] - INFO  - Game.Server.GameServer - Buff Scaning ...
2026-09-05 21:09:09,592 - [29] - INFO  - Game.Server.GameServer - Buff Scan complete!
2026-09-05 21:09:09,592 - [29] - INFO  - Game.Server.GameServer - Buff all 0 players in 0ms
2026-09-05 21:09:09,592 - [29] - INFO  - Game.Server.GameServer - GameMgr Scaning ...
2026-09-05 21:09:09,592 - [29] - INFO  - Game.Server.GameServer - GameMgr.SynDate: 1
2026-09-05 21:09:09,592 - [29] - INFO  - Game.Server.GameServer - GameMgr Scan complete!
2026-09-05 21:10:01,552 - [30] - INFO  - Game.Server.GameServer - Little Game Scaning ...
2026-09-05 21:10:01,552 - [30] - INFO  - Game.Server.GameServer - LittleGame today scan completed!
2026-09-05 21:10:01,552 - [30] - INFO  - Game.Server.GameServer - GameMgr Scaning ...
2026-09-05 21:10:01,552 - [30] - INFO  - Game.Server.GameServer - GameMgr.SynDate: 1
2026-09-05 21:10:01,552 - [30] - INFO  - Game.Server.GameServer - GameMgr Scan complete!
2026-09-05 21:10:09,600 - [31] - INFO  - Game.Server.GameServer - Buff Scaning ...
2026-09-05 21:10:09,600 - [31] - INFO  - Game.Server.GameServer - Buff Scan complete!
2026-09-05 21:10:09,600 - [31] - INFO  - Game.Server.GameServer - Buff all 0 players in 0ms
2026-09-05 21:10:09,600 - [31] - INFO  - Game.Server.GameServer - GameMgr Scaning ...
2026-09-05 21:10:09,600 - [31] - INFO  - Game.Server.GameServer - GameMgr.SynDate: 1
2026-09-05 21:10:09,600 - [31] - INFO  - Game.Server.GameServer - GameMgr Scan complete!
2026-09-05 21:11:01,570 - [29] - INFO  - Game.Server.GameServer - Little Game Scaning ...
2026-09-05 21:11:01,570 - [29] - INFO  - Game.Server.GameServer - LittleGame today scan completed!
2026-09-05 21:11:01,570 - [29] - INFO  - Game.Server.GameServer - GameMgr Scaning ...
2026-09-05 21:11:01,570 - [29] - INFO  - Game.Server.GameServer - GameMgr.SynDate: 1
2026-09-05 21:11:01,570 - [29] - INFO  - Game.Server.GameServer - GameMgr Scan complete!
2026-09-05 21:11:09,609 - [31] - INFO  - Game.Server.GameServer - Buff Scaning ...
2026-09-05 21:11:09,609 - [31] - INFO  - Game.Server.GameServer - Buff Scan complete!
2026-09-05 21:11:09,609 - [31] - INFO  - Game.Server.GameServer - Buff all 0 players in 0ms
2026-09-05 21:11:09,609 - [31] - INFO  - Game.Server.GameServer - GameMgr Scaning ...
2026-09-05 21:11:09,609 - [31] - INFO  - Game.Server.GameServer - GameMgr.SynDate: 1
2026-09-05 21:11:09,609 - [31] - INFO  - Game.Server.GameServer - GameMgr Scan complete!
2026-09-05 21:12:01,573 - [30] - INFO  - Game.Server.GameServer - Little Game Scaning ...
2026-09-05 21:12:01,573 - [30] - INFO  - Game.Server.GameServer - LittleGame today scan completed!
2026-09-05 21:12:01,573 - [30] - INFO  - Game.Server.GameServer - GameMgr Scaning ...
2026-09-05 21:12:01,573 - [30] - INFO  - Game.Server.GameServer - GameMgr.SynDate: 1
2026-09-05 21:12:01,573 - [30] - INFO  - Game.Server.GameServer - GameMgr Scan complete!
2026-09-05 21:12:09,187 - [31] - INFO  - Game.Server.GameServer - Begin ping check....
2026-09-05 21:12:09,187 - [31] - INFO  - Game.Server.GameServer - End ping check....
2026-09-05 21:12:09,187 - [31] - INFO  - Game.Server.GameServer - Begin ping center check....
2026-09-05 21:12:09,187 - [31] - INFO  - Game.Server.GameServer - End ping center check....
2026-09-05 21:12:09,623 - [29] - INFO  - Game.Server.GameServer - Buff Scaning ...
2026-09-05 21:12:09,623 - [29] - INFO  - Game.Server.GameServer - Buff Scan complete!
2026-09-05 21:12:09,623 - [29] - INFO  - Game.Server.GameServer - Buff all 0 players in 0ms
2026-09-05 21:12:09,623 - [29] - INFO  - Game.Server.GameServer - GameMgr Scaning ...
2026-09-05 21:12:09,623 - [29] - INFO  - Game.Server.GameServer - GameMgr.SynDate: 1
2026-09-05 21:12:09,623 - [29] - INFO  - Game.Server.GameServer - GameMgr Scan complete!
2026-09-05 21:13:01,582 - [31] - INFO  - Game.Server.GameServer - Little Game Scaning ...
2026-09-05 21:13:01,582 - [31] - INFO  - Game.Server.GameServer - LittleGame today scan completed!
2026-09-05 21:13:01,582 - [31] - INFO  - Game.Server.GameServer - GameMgr Scaning ...
2026-09-05 21:13:01,582 - [31] - INFO  - Game.Server.GameServer - GameMgr.SynDate: 1
2026-09-05 21:13:01,582 - [31] - INFO  - Game.Server.GameServer - GameMgr Scan complete!
2026-09-05 21:13:09,643 - [29] - INFO  - Game.Server.GameServer - Buff Scaning ...
2026-09-05 21:13:09,643 - [29] - INFO  - Game.Server.GameServer - Buff Scan complete!
2026-09-05 21:13:09,643 - [29] - INFO  - Game.Server.GameServer - Buff all 0 players in 0ms
2026-09-05 21:13:09,643 - [29] - INFO  - Game.Server.GameServer - GameMgr Scaning ...
2026-09-05 21:13:09,643 - [29] - INFO  - Game.Server.GameServer - GameMgr.SynDate: 1
2026-09-05 21:13:09,643 - [29] - INFO  - Game.Server.GameServer - GameMgr Scan complete!
2026-09-05 21:14:01,587 - [31] - INFO  - Game.Server.GameServer - Little Game Scaning ...
2026-09-05 21:14:01,587 - [31] - INFO  - Game.Server.GameServer - LittleGame today scan completed!
2026-09-05 21:14:01,587 - [31] - INFO  - Game.Server.GameServer - GameMgr Scaning ...
2026-09-05 21:14:01,587 - [31] - INFO  - Game.Server.GameServer - GameMgr.SynDate: 1
2026-09-05 21:14:01,587 - [31] - INFO  - Game.Server.GameServer - GameMgr Scan complete!
2026-09-05 21:14:09,650 - [29] - INFO  - Game.Server.GameServer - Buff Scaning ...
2026-09-05 21:14:09,650 - [29] - INFO  - Game.Server.GameServer - Buff Scan complete!
2026-09-05 21:14:09,650 - [29] - INFO  - Game.Server.GameServer - Buff all 0 players in 0ms
2026-09-05 21:14:09,650 - [29] - INFO  - Game.Server.GameServer - GameMgr Scaning ...
2026-09-05 21:14:09,650 - [29] - INFO  - Game.Server.GameServer - GameMgr.SynDate: 1
2026-09-05 21:14:09,650 - [29] - INFO  - Game.Server.GameServer - GameMgr Scan complete!
2026-09-05 21:15:01,601 - [30] - INFO  - Game.Server.GameServer - Little Game Scaning ...
2026-09-05 21:15:01,601 - [30] - INFO  - Game.Server.GameServer - LittleGame today scan completed!
2026-09-05 21:15:01,601 - [30] - INFO  - Game.Server.GameServer - GameMgr Scaning ...
2026-09-05 21:15:01,601 - [30] - INFO  - Game.Server.GameServer - GameMgr.SynDate: 1
2026-09-05 21:15:01,601 - [30] - INFO  - Game.Server.GameServer - GameMgr Scan complete!
2026-09-05 21:15:09,197 - [29] - INFO  - Game.Server.GameServer - Begin ping check....
2026-09-05 21:15:09,197 - [29] - INFO  - Game.Server.GameServer - End ping check....
2026-09-05 21:15:09,197 - [29] - INFO  - Game.Server.GameServer - Begin ping center check....
2026-09-05 21:15:09,197 - [29] - INFO  - Game.Server.GameServer - End ping center check....
2026-09-05 21:15:09,663 - [30] - INFO  - Game.Server.GameServer - Buff Scaning ...
2026-09-05 21:15:09,663 - [30] - INFO  - Game.Server.GameServer - Buff Scan complete!
2026-09-05 21:15:09,663 - [30] - INFO  - Game.Server.GameServer - Buff all 0 players in 0ms
2026-09-05 21:15:09,663 - [30] - INFO  - Game.Server.GameServer - GameMgr Scaning ...
2026-09-05 21:15:09,663 - [30] - INFO  - Game.Server.GameServer - GameMgr.SynDate: 1
2026-09-05 21:15:09,663 - [30] - INFO  - Game.Server.GameServer - GameMgr Scan complete!
2026-09-05 21:16:01,606 - [30] - INFO  - Game.Server.GameServer - Little Game Scaning ...
2026-09-05 21:16:01,606 - [30] - INFO  - Game.Server.GameServer - LittleGame today scan completed!
2026-09-05 21:16:01,606 - [30] - INFO  - Game.Server.GameServer - GameMgr Scaning ...
2026-09-05 21:16:01,606 - [30] - INFO  - Game.Server.GameServer - GameMgr.SynDate: 1
2026-09-05 21:16:01,606 - [30] - INFO  - Game.Server.GameServer - GameMgr Scan complete!
2026-09-05 21:16:09,678 - [31] - INFO  - Game.Server.GameServer - Buff Scaning ...
2026-09-05 21:16:09,678 - [31] - INFO  - Game.Server.GameServer - Buff Scan complete!
2026-09-05 21:16:09,678 - [31] - INFO  - Game.Server.GameServer - Buff all 0 players in 0ms
2026-09-05 21:16:09,678 - [31] - INFO  - Game.Server.GameServer - GameMgr Scaning ...
2026-09-05 21:16:09,678 - [31] - INFO  - Game.Server.GameServer - GameMgr.SynDate: 1
2026-09-05 21:16:09,678 - [31] - INFO  - Game.Server.GameServer - GameMgr Scan complete!
2026-09-05 21:17:01,622 - [29] - INFO  - Game.Server.GameServer - Little Game Scaning ...
2026-09-05 21:17:01,622 - [29] - INFO  - Game.Server.GameServer - LittleGame today scan completed!
2026-09-05 21:17:01,622 - [29] - INFO  - Game.Server.GameServer - GameMgr Scaning ...
2026-09-05 21:17:01,622 - [29] - INFO  - Game.Server.GameServer - GameMgr.SynDate: 1
2026-09-05 21:17:01,622 - [29] - INFO  - Game.Server.GameServer - GameMgr Scan complete!
2026-09-05 21:17:09,683 - [30] - INFO  - Game.Server.GameServer - Buff Scaning ...
2026-09-05 21:17:09,683 - [30] - INFO  - Game.Server.GameServer - Buff Scan complete!
2026-09-05 21:17:09,683 - [30] - INFO  - Game.Server.GameServer - Buff all 0 players in 0ms
2026-09-05 21:17:09,683 - [30] - INFO  - Game.Server.GameServer - GameMgr Scaning ...
2026-09-05 21:17:09,683 - [30] - INFO  - Game.Server.GameServer - GameMgr.SynDate: 1
2026-09-05 21:17:09,683 - [30] - INFO  - Game.Server.GameServer - GameMgr Scan complete!
2026-09-05 21:18:01,628 - [29] - INFO  - Game.Server.GameServer - Little Game Scaning ...
2026-09-05 21:18:01,628 - [29] - INFO  - Game.Server.GameServer - LittleGame today scan completed!
2026-09-05 21:18:01,628 - [29] - INFO  - Game.Server.GameServer - GameMgr Scaning ...
2026-09-05 21:18:01,628 - [29] - INFO  - Game.Server.GameServer - GameMgr.SynDate: 1
2026-09-05 21:18:01,628 - [29] - INFO  - Game.Server.GameServer - GameMgr Scan complete!
2026-09-05 21:18:09,202 - [30] - INFO  - Game.Server.GameServer - Begin ping check....
2026-09-05 21:18:09,202 - [30] - INFO  - Game.Server.GameServer - End ping check....
2026-09-05 21:18:09,202 - [30] - INFO  - Game.Server.GameServer - Begin ping center check....
2026-09-05 21:18:09,202 - [30] - INFO  - Game.Server.GameServer - End ping center check....
2026-09-05 21:18:09,687 - [29] - INFO  - Game.Server.GameServer - Buff Scaning ...
2026-09-05 21:18:09,687 - [29] - INFO  - Game.Server.GameServer - Buff Scan complete!
2026-09-05 21:18:09,687 - [29] - INFO  - Game.Server.GameServer - Buff all 0 players in 0ms
2026-09-05 21:18:09,687 - [29] - INFO  - Game.Server.GameServer - GameMgr Scaning ...
2026-09-05 21:18:09,687 - [29] - INFO  - Game.Server.GameServer - GameMgr.SynDate: 1
2026-09-05 21:18:09,687 - [29] - INFO  - Game.Server.GameServer - GameMgr Scan complete!
2026-09-05 21:19:01,635 - [30] - INFO  - Game.Server.GameServer - Little Game Scaning ...
2026-09-05 21:19:01,635 - [30] - INFO  - Game.Server.GameServer - LittleGame today scan completed!
2026-09-05 21:19:01,635 - [30] - INFO  - Game.Server.GameServer - GameMgr Scaning ...
2026-09-05 21:19:01,635 - [30] - INFO  - Game.Server.GameServer - GameMgr.SynDate: 1
2026-09-05 21:19:01,635 - [30] - INFO  - Game.Server.GameServer - GameMgr Scan complete!
2026-09-05 21:19:09,064 - [30] - INFO  - Game.Server.GameServer - Saving database...
2026-09-05 21:19:09,079 - [30] - INFO  - Game.Server.GameServer - Saving database complete!
2026-09-05 21:19:09,079 - [30] - INFO  - Game.Server.GameServer - Saved all databases and 0 players in 16ms
2026-09-05 21:19:09,690 - [30] - INFO  - Game.Server.GameServer - Buff Scaning ...
2026-09-05 21:19:09,690 - [30] - INFO  - Game.Server.GameServer - Buff Scan complete!
2026-09-05 21:19:09,690 - [30] - INFO  - Game.Server.GameServer - Buff all 0 players in 0ms
2026-09-05 21:19:09,690 - [30] - INFO  - Game.Server.GameServer - GameMgr Scaning ...
2026-09-05 21:19:09,690 - [30] - INFO  - Game.Server.GameServer - GameMgr.SynDate: 1
2026-09-05 21:19:09,690 - [30] - INFO  - Game.Server.GameServer - GameMgr Scan complete!
2026-09-05 21:20:01,647 - [30] - INFO  - Game.Server.GameServer - Little Game Scaning ...
2026-09-05 21:20:01,647 - [30] - INFO  - Game.Server.GameServer - LittleGame today scan completed!
2026-09-05 21:20:01,647 - [30] - INFO  - Game.Server.GameServer - GameMgr Scaning ...
2026-09-05 21:20:01,647 - [30] - INFO  - Game.Server.GameServer - GameMgr.SynDate: 1
2026-09-05 21:20:01,647 - [30] - INFO  - Game.Server.GameServer - GameMgr Scan complete!
2026-09-05 21:20:09,698 - [29] - INFO  - Game.Server.GameServer - Buff Scaning ...
2026-09-05 21:20:09,698 - [29] - INFO  - Game.Server.GameServer - Buff Scan complete!
2026-09-05 21:20:09,698 - [29] - INFO  - Game.Server.GameServer - Buff all 0 players in 0ms
2026-09-05 21:20:09,698 - [29] - INFO  - Game.Server.GameServer - GameMgr Scaning ...
2026-09-05 21:20:09,698 - [29] - INFO  - Game.Server.GameServer - GameMgr.SynDate: 1
2026-09-05 21:20:09,698 - [29] - INFO  - Game.Server.GameServer - GameMgr Scan complete!
2026-09-05 21:21:01,650 - [31] - INFO  - Game.Server.GameServer - Little Game Scaning ...
2026-09-05 21:21:01,651 - [31] - INFO  - Game.Server.GameServer - LittleGame today scan completed!
2026-09-05 21:21:01,651 - [31] - INFO  - Game.Server.GameServer - GameMgr Scaning ...
2026-09-05 21:21:01,651 - [31] - INFO  - Game.Server.GameServer - GameMgr.SynDate: 1
2026-09-05 21:21:01,651 - [31] - INFO  - Game.Server.GameServer - GameMgr Scan complete!
2026-09-05 21:21:09,209 - [31] - INFO  - Game.Server.GameServer - Begin ping check....
2026-09-05 21:21:09,209 - [31] - INFO  - Game.Server.GameServer - End ping check....
2026-09-05 21:21:09,209 - [31] - INFO  - Game.Server.GameServer - Begin ping center check....
2026-09-05 21:21:09,210 - [31] - INFO  - Game.Server.GameServer - End ping center check....
2026-09-05 21:21:09,718 - [29] - INFO  - Game.Server.GameServer - Buff Scaning ...
2026-09-05 21:21:09,950 - [29] - INFO  - Game.Server.GameServer - Buff Scan complete!
2026-09-05 21:21:09,951 - [29] - INFO  - Game.Server.GameServer - Buff all 0 players in 235ms
2026-09-05 21:21:09,951 - [29] - INFO  - Game.Server.GameServer - GameMgr Scaning ...
2026-09-05 21:21:09,951 - [29] - INFO  - Game.Server.GameServer - GameMgr.SynDate: 1
2026-09-05 21:21:09,951 - [29] - INFO  - Game.Server.GameServer - GameMgr Scan complete!
2026-09-05 21:22:01,663 - [31] - INFO  - Game.Server.GameServer - Little Game Scaning ...
2026-09-05 21:22:01,663 - [31] - INFO  - Game.Server.GameServer - LittleGame today scan completed!
2026-09-05 21:22:01,663 - [31] - INFO  - Game.Server.GameServer - GameMgr Scaning ...
2026-09-05 21:22:01,663 - [31] - INFO  - Game.Server.GameServer - GameMgr.SynDate: 1
2026-09-05 21:22:01,663 - [31] - INFO  - Game.Server.GameServer - GameMgr Scan complete!
2026-09-05 21:22:09,721 - [31] - INFO  - Game.Server.GameServer - Buff Scaning ...
2026-09-05 21:22:09,721 - [31] - INFO  - Game.Server.GameServer - Buff Scan complete!
2026-09-05 21:22:09,721 - [31] - INFO  - Game.Server.GameServer - Buff all 0 players in 0ms
2026-09-05 21:22:09,721 - [31] - INFO  - Game.Server.GameServer - GameMgr Scaning ...
2026-09-05 21:22:09,721 - [31] - INFO  - Game.Server.GameServer - GameMgr.SynDate: 1
2026-09-05 21:22:09,721 - [31] - INFO  - Game.Server.GameServer - GameMgr Scan complete!
2026-09-05 21:23:01,671 - [30] - INFO  - Game.Server.GameServer - Little Game Scaning ...
2026-09-05 21:23:01,671 - [30] - INFO  - Game.Server.GameServer - LittleGame today scan completed!
2026-09-05 21:23:01,671 - [30] - INFO  - Game.Server.GameServer - GameMgr Scaning ...
2026-09-05 21:23:01,671 - [30] - INFO  - Game.Server.GameServer - GameMgr.SynDate: 1
2026-09-05 21:23:01,671 - [30] - INFO  - Game.Server.GameServer - GameMgr Scan complete!
2026-09-05 21:23:09,740 - [30] - INFO  - Game.Server.GameServer - Buff Scaning ...
2026-09-05 21:23:09,740 - [30] - INFO  - Game.Server.GameServer - Buff Scan complete!
2026-09-05 21:23:09,740 - [30] - INFO  - Game.Server.GameServer - Buff all 0 players in 0ms
2026-09-05 21:23:09,740 - [30] - INFO  - Game.Server.GameServer - GameMgr Scaning ...
2026-09-05 21:23:09,740 - [30] - INFO  - Game.Server.GameServer - GameMgr.SynDate: 1
2026-09-05 21:23:09,740 - [30] - INFO  - Game.Server.GameServer - GameMgr Scan complete!
2026-09-05 21:24:01,698 - [29] - INFO  - Game.Server.GameServer - Little Game Scaning ...
2026-09-05 21:24:01,698 - [29] - INFO  - Game.Server.GameServer - LittleGame today scan completed!
2026-09-05 21:24:01,698 - [29] - INFO  - Game.Server.GameServer - GameMgr Scaning ...
2026-09-05 21:24:01,698 - [29] - INFO  - Game.Server.GameServer - GameMgr.SynDate: 1
2026-09-05 21:24:01,698 - [29] - INFO  - Game.Server.GameServer - GameMgr Scan complete!
2026-09-05 21:24:09,209 - [29] - INFO  - Game.Server.GameServer - Begin ping check....
2026-09-05 21:24:09,209 - [29] - INFO  - Game.Server.GameServer - End ping check....
2026-09-05 21:24:09,209 - [29] - INFO  - Game.Server.GameServer - Begin ping center check....
2026-09-05 21:24:09,209 - [29] - INFO  - Game.Server.GameServer - End ping center check....
2026-09-05 21:24:09,753 - [31] - INFO  - Game.Server.GameServer - Buff Scaning ...
2026-09-05 21:24:09,753 - [31] - INFO  - Game.Server.GameServer - Buff Scan complete!
2026-09-05 21:24:09,753 - [31] - INFO  - Game.Server.GameServer - Buff all 0 players in 0ms
2026-09-05 21:24:09,753 - [31] - INFO  - Game.Server.GameServer - GameMgr Scaning ...
2026-09-05 21:24:09,753 - [31] - INFO  - Game.Server.GameServer - GameMgr.SynDate: 1
2026-09-05 21:24:09,753 - [31] - INFO  - Game.Server.GameServer - GameMgr Scan complete!
2026-09-05 21:25:01,707 - [29] - INFO  - Game.Server.GameServer - Little Game Scaning ...
2026-09-05 21:25:01,707 - [29] - INFO  - Game.Server.GameServer - LittleGame today scan completed!
2026-09-05 21:25:01,707 - [29] - INFO  - Game.Server.GameServer - GameMgr Scaning ...
2026-09-05 21:25:01,707 - [29] - INFO  - Game.Server.GameServer - GameMgr.SynDate: 1
2026-09-05 21:25:01,707 - [29] - INFO  - Game.Server.GameServer - GameMgr Scan complete!
2026-09-05 21:25:09,765 - [29] - INFO  - Game.Server.GameServer - Buff Scaning ...
2026-09-05 21:25:09,765 - [29] - INFO  - Game.Server.GameServer - Buff Scan complete!
2026-09-05 21:25:09,765 - [29] - INFO  - Game.Server.GameServer - Buff all 0 players in 0ms
2026-09-05 21:25:09,765 - [29] - INFO  - Game.Server.GameServer - GameMgr Scaning ...
2026-09-05 21:25:09,765 - [29] - INFO  - Game.Server.GameServer - GameMgr.SynDate: 1
2026-09-05 21:25:09,765 - [29] - INFO  - Game.Server.GameServer - GameMgr Scan complete!
2026-09-05 21:26:01,722 - [31] - INFO  - Game.Server.GameServer - Little Game Scaning ...
2026-09-05 21:26:01,722 - [31] - INFO  - Game.Server.GameServer - LittleGame today scan completed!
2026-09-05 21:26:01,722 - [31] - INFO  - Game.Server.GameServer - GameMgr Scaning ...
2026-09-05 21:26:01,722 - [31] - INFO  - Game.Server.GameServer - GameMgr.SynDate: 1
2026-09-05 21:26:01,722 - [31] - INFO  - Game.Server.GameServer - GameMgr Scan complete!
2026-09-05 21:26:09,777 - [31] - INFO  - Game.Server.GameServer - Buff Scaning ...
2026-09-05 21:26:09,777 - [31] - INFO  - Game.Server.GameServer - Buff Scan complete!
2026-09-05 21:26:09,777 - [31] - INFO  - Game.Server.GameServer - Buff all 0 players in 0ms
2026-09-05 21:26:09,777 - [31] - INFO  - Game.Server.GameServer - GameMgr Scaning ...
2026-09-05 21:26:09,777 - [31] - INFO  - Game.Server.GameServer - GameMgr.SynDate: 1
2026-09-05 21:26:09,777 - [31] - INFO  - Game.Server.GameServer - GameMgr Scan complete!
2026-09-05 21:27:01,741 - [30] - INFO  - Game.Server.GameServer - Little Game Scaning ...
2026-09-05 21:27:01,741 - [30] - INFO  - Game.Server.GameServer - LittleGame today scan completed!
2026-09-05 21:27:01,741 - [30] - INFO  - Game.Server.GameServer - GameMgr Scaning ...
2026-09-05 21:27:01,741 - [30] - INFO  - Game.Server.GameServer - GameMgr.SynDate: 1
2026-09-05 21:27:01,741 - [30] - INFO  - Game.Server.GameServer - GameMgr Scan complete!
2026-09-05 21:27:09,215 - [30] - INFO  - Game.Server.GameServer - Begin ping check....
2026-09-05 21:27:09,215 - [30] - INFO  - Game.Server.GameServer - End ping check....
2026-09-05 21:27:09,215 - [30] - INFO  - Game.Server.GameServer - Begin ping center check....
2026-09-05 21:27:09,215 - [30] - INFO  - Game.Server.GameServer - End ping center check....
2026-09-05 21:27:09,792 - [29] - INFO  - Game.Server.GameServer - Buff Scaning ...
2026-09-05 21:27:09,792 - [29] - INFO  - Game.Server.GameServer - Buff Scan complete!
2026-09-05 21:27:09,792 - [29] - INFO  - Game.Server.GameServer - Buff all 0 players in 0ms
2026-09-05 21:27:09,792 - [29] - INFO  - Game.Server.GameServer - GameMgr Scaning ...
2026-09-05 21:27:09,792 - [29] - INFO  - Game.Server.GameServer - GameMgr.SynDate: 1
2026-09-05 21:27:09,792 - [29] - INFO  - Game.Server.GameServer - GameMgr Scan complete!
2026-09-05 21:28:01,752 - [31] - INFO  - Game.Server.GameServer - Little Game Scaning ...
2026-09-05 21:28:01,755 - [31] - INFO  - Game.Server.GameServer - LittleGame today scan completed!
2026-09-05 21:28:01,755 - [31] - INFO  - Game.Server.GameServer - GameMgr Scaning ...
2026-09-05 21:28:01,755 - [31] - INFO  - Game.Server.GameServer - GameMgr.SynDate: 1
2026-09-05 21:28:01,755 - [31] - INFO  - Game.Server.GameServer - GameMgr Scan complete!
2026-09-05 21:28:09,794 - [31] - INFO  - Game.Server.GameServer - Buff Scaning ...
2026-09-05 21:28:09,794 - [31] - INFO  - Game.Server.GameServer - Buff Scan complete!
2026-09-05 21:28:09,794 - [31] - INFO  - Game.Server.GameServer - Buff all 0 players in 0ms
2026-09-05 21:28:09,794 - [31] - INFO  - Game.Server.GameServer - GameMgr Scaning ...
2026-09-05 21:28:09,794 - [31] - INFO  - Game.Server.GameServer - GameMgr.SynDate: 1
2026-09-05 21:28:09,794 - [31] - INFO  - Game.Server.GameServer - GameMgr Scan complete!
2026-09-05 21:29:01,768 - [30] - INFO  - Game.Server.GameServer - Little Game Scaning ...
2026-09-05 21:29:01,768 - [30] - INFO  - Game.Server.GameServer - LittleGame today scan completed!
2026-09-05 21:29:01,768 - [30] - INFO  - Game.Server.GameServer - GameMgr Scaning ...
2026-09-05 21:29:01,768 - [30] - INFO  - Game.Server.GameServer - GameMgr.SynDate: 1
2026-09-05 21:29:01,768 - [30] - INFO  - Game.Server.GameServer - GameMgr Scan complete!
2026-09-05 21:29:09,079 - [31] - INFO  - Game.Server.GameServer - Saving database...
2026-09-05 21:29:09,092 - [31] - INFO  - Game.Server.GameServer - Saving database complete!
2026-09-05 21:29:09,092 - [31] - INFO  - Game.Server.GameServer - Saved all databases and 0 players in 15ms
2026-09-05 21:29:09,800 - [31] - INFO  - Game.Server.GameServer - Buff Scaning ...
2026-09-05 21:29:09,800 - [31] - INFO  - Game.Server.GameServer - Buff Scan complete!
2026-09-05 21:29:09,800 - [31] - INFO  - Game.Server.GameServer - Buff all 0 players in 0ms
2026-09-05 21:29:09,800 - [31] - INFO  - Game.Server.GameServer - GameMgr Scaning ...
2026-09-05 21:29:09,800 - [31] - INFO  - Game.Server.GameServer - GameMgr.SynDate: 1
2026-09-05 21:29:09,800 - [31] - INFO  - Game.Server.GameServer - GameMgr Scan complete!
2026-09-05 21:30:01,775 - [31] - INFO  - Game.Server.GameServer - Little Game Scaning ...
2026-09-05 21:30:01,775 - [31] - INFO  - Game.Server.GameServer - LittleGame today scan completed!
2026-09-05 21:30:01,775 - [31] - INFO  - Game.Server.GameServer - GameMgr Scaning ...
2026-09-05 21:30:01,775 - [31] - INFO  - Game.Server.GameServer - GameMgr.SynDate: 1
2026-09-05 21:30:01,775 - [31] - INFO  - Game.Server.GameServer - GameMgr Scan complete!
2026-09-05 21:30:09,233 - [31] - INFO  - Game.Server.GameServer - Begin ping check....
2026-09-05 21:30:09,233 - [31] - INFO  - Game.Server.GameServer - End ping check....
2026-09-05 21:30:09,233 - [31] - INFO  - Game.Server.GameServer - Begin ping center check....
2026-09-05 21:30:09,233 - [31] - INFO  - Game.Server.GameServer - End ping center check....
2026-09-05 21:30:09,809 - [29] - INFO  - Game.Server.GameServer - Buff Scaning ...
2026-09-05 21:30:09,809 - [29] - INFO  - Game.Server.GameServer - Buff Scan complete!
2026-09-05 21:30:09,809 - [29] - INFO  - Game.Server.GameServer - Buff all 0 players in 0ms
2026-09-05 21:30:09,809 - [29] - INFO  - Game.Server.GameServer - GameMgr Scaning ...
2026-09-05 21:30:09,809 - [29] - INFO  - Game.Server.GameServer - GameMgr.SynDate: 1
2026-09-05 21:30:09,809 - [29] - INFO  - Game.Server.GameServer - GameMgr Scan complete!
2026-09-05 21:31:01,781 - [29] - INFO  - Game.Server.GameServer - Little Game Scaning ...
2026-09-05 21:31:01,781 - [29] - INFO  - Game.Server.GameServer - LittleGame today scan completed!
2026-09-05 21:31:01,781 - [29] - INFO  - Game.Server.GameServer - GameMgr Scaning ...
2026-09-05 21:31:01,781 - [29] - INFO  - Game.Server.GameServer - GameMgr.SynDate: 1
2026-09-05 21:31:01,781 - [29] - INFO  - Game.Server.GameServer - GameMgr Scan complete!
2026-09-05 21:31:09,835 - [29] - INFO  - Game.Server.GameServer - Buff Scaning ...
2026-09-05 21:31:09,835 - [29] - INFO  - Game.Server.GameServer - Buff Scan complete!
2026-09-05 21:31:09,835 - [29] - INFO  - Game.Server.GameServer - Buff all 0 players in 0ms
2026-09-05 21:31:09,835 - [29] - INFO  - Game.Server.GameServer - GameMgr Scaning ...
2026-09-05 21:31:09,835 - [29] - INFO  - Game.Server.GameServer - GameMgr.SynDate: 1
2026-09-05 21:31:09,835 - [29] - INFO  - Game.Server.GameServer - GameMgr Scan complete!
2026-09-05 21:32:01,782 - [29] - INFO  - Game.Server.GameServer - Little Game Scaning ...
2026-09-05 21:32:01,782 - [29] - INFO  - Game.Server.GameServer - LittleGame today scan completed!
2026-09-05 21:32:01,782 - [29] - INFO  - Game.Server.GameServer - GameMgr Scaning ...
2026-09-05 21:32:01,782 - [29] - INFO  - Game.Server.GameServer - GameMgr.SynDate: 1
2026-09-05 21:32:01,782 - [29] - INFO  - Game.Server.GameServer - GameMgr Scan complete!
2026-09-05 21:32:09,840 - [29] - INFO  - Game.Server.GameServer - Buff Scaning ...
2026-09-05 21:32:09,840 - [29] - INFO  - Game.Server.GameServer - Buff Scan complete!
2026-09-05 21:32:09,840 - [29] - INFO  - Game.Server.GameServer - Buff all 0 players in 0ms
2026-09-05 21:32:09,840 - [29] - INFO  - Game.Server.GameServer - GameMgr Scaning ...
2026-09-05 21:32:09,840 - [29] - INFO  - Game.Server.GameServer - GameMgr.SynDate: 1
2026-09-05 21:32:09,840 - [29] - INFO  - Game.Server.GameServer - GameMgr Scan complete!
2026-09-05 21:33:01,800 - [30] - INFO  - Game.Server.GameServer - Little Game Scaning ...
2026-09-05 21:33:01,800 - [30] - INFO  - Game.Server.GameServer - LittleGame today scan completed!
2026-09-05 21:33:01,800 - [30] - INFO  - Game.Server.GameServer - GameMgr Scaning ...
2026-09-05 21:33:01,800 - [30] - INFO  - Game.Server.GameServer - GameMgr.SynDate: 1
2026-09-05 21:33:01,800 - [30] - INFO  - Game.Server.GameServer - GameMgr Scan complete!
2026-09-05 21:33:09,247 - [30] - INFO  - Game.Server.GameServer - Begin ping check....
2026-09-05 21:33:09,247 - [30] - INFO  - Game.Server.GameServer - End ping check....
2026-09-05 21:33:09,247 - [30] - INFO  - Game.Server.GameServer - Begin ping center check....
2026-09-05 21:33:09,247 - [30] - INFO  - Game.Server.GameServer - End ping center check....
2026-09-05 21:33:09,855 - [29] - INFO  - Game.Server.GameServer - Buff Scaning ...
2026-09-05 21:33:09,855 - [29] - INFO  - Game.Server.GameServer - Buff Scan complete!
2026-09-05 21:33:09,855 - [29] - INFO  - Game.Server.GameServer - Buff all 0 players in 0ms
2026-09-05 21:33:09,855 - [29] - INFO  - Game.Server.GameServer - GameMgr Scaning ...
2026-09-05 21:33:09,855 - [29] - INFO  - Game.Server.GameServer - GameMgr.SynDate: 1
2026-09-05 21:33:09,855 - [29] - INFO  - Game.Server.GameServer - GameMgr Scan complete!
2026-09-05 21:34:01,806 - [31] - INFO  - Game.Server.GameServer - Little Game Scaning ...
2026-09-05 21:34:01,806 - [31] - INFO  - Game.Server.GameServer - LittleGame today scan completed!
2026-09-05 21:34:01,806 - [31] - INFO  - Game.Server.GameServer - GameMgr Scaning ...
2026-09-05 21:34:01,806 - [31] - INFO  - Game.Server.GameServer - GameMgr.SynDate: 1
2026-09-05 21:34:01,806 - [31] - INFO  - Game.Server.GameServer - GameMgr Scan complete!
2026-09-05 21:34:09,868 - [31] - INFO  - Game.Server.GameServer - Buff Scaning ...
2026-09-05 21:34:09,868 - [31] - INFO  - Game.Server.GameServer - Buff Scan complete!
2026-09-05 21:34:09,868 - [31] - INFO  - Game.Server.GameServer - Buff all 0 players in 0ms
2026-09-05 21:34:09,868 - [31] - INFO  - Game.Server.GameServer - GameMgr Scaning ...
2026-09-05 21:34:09,868 - [31] - INFO  - Game.Server.GameServer - GameMgr.SynDate: 1
2026-09-05 21:34:09,868 - [31] - INFO  - Game.Server.GameServer - GameMgr Scan complete!
2026-09-05 21:35:01,824 - [31] - INFO  - Game.Server.GameServer - Little Game Scaning ...
2026-09-05 21:35:01,824 - [31] - INFO  - Game.Server.GameServer - LittleGame today scan completed!
2026-09-05 21:35:01,824 - [31] - INFO  - Game.Server.GameServer - GameMgr Scaning ...
2026-09-05 21:35:01,824 - [31] - INFO  - Game.Server.GameServer - GameMgr.SynDate: 1
2026-09-05 21:35:01,824 - [31] - INFO  - Game.Server.GameServer - GameMgr Scan complete!
2026-09-05 21:35:09,872 - [31] - INFO  - Game.Server.GameServer - Buff Scaning ...
2026-09-05 21:35:09,872 - [31] - INFO  - Game.Server.GameServer - Buff Scan complete!
2026-09-05 21:35:09,872 - [31] - INFO  - Game.Server.GameServer - Buff all 0 players in 0ms
2026-09-05 21:35:09,872 - [31] - INFO  - Game.Server.GameServer - GameMgr Scaning ...
2026-09-05 21:35:09,872 - [31] - INFO  - Game.Server.GameServer - GameMgr.SynDate: 1
2026-09-05 21:35:09,872 - [31] - INFO  - Game.Server.GameServer - GameMgr Scan complete!
2026-09-05 21:36:01,826 - [31] - INFO  - Game.Server.GameServer - Little Game Scaning ...
2026-09-05 21:36:01,826 - [31] - INFO  - Game.Server.GameServer - LittleGame today scan completed!
2026-09-05 21:36:01,826 - [31] - INFO  - Game.Server.GameServer - GameMgr Scaning ...
2026-09-05 21:36:01,826 - [31] - INFO  - Game.Server.GameServer - GameMgr.SynDate: 1
2026-09-05 21:36:01,826 - [31] - INFO  - Game.Server.GameServer - GameMgr Scan complete!
2026-09-05 21:36:09,259 - [31] - INFO  - Game.Server.GameServer - Begin ping check....
2026-09-05 21:36:09,259 - [31] - INFO  - Game.Server.GameServer - End ping check....
2026-09-05 21:36:09,259 - [31] - INFO  - Game.Server.GameServer - Begin ping center check....
2026-09-05 21:36:09,259 - [31] - INFO  - Game.Server.GameServer - End ping center check....
2026-09-05 21:36:09,897 - [30] - INFO  - Game.Server.GameServer - Buff Scaning ...
2026-09-05 21:36:09,897 - [30] - INFO  - Game.Server.GameServer - Buff Scan complete!
2026-09-05 21:36:09,897 - [30] - INFO  - Game.Server.GameServer - Buff all 0 players in 0ms
2026-09-05 21:36:09,897 - [30] - INFO  - Game.Server.GameServer - GameMgr Scaning ...
2026-09-05 21:36:09,897 - [30] - INFO  - Game.Server.GameServer - GameMgr.SynDate: 1
2026-09-05 21:36:09,897 - [30] - INFO  - Game.Server.GameServer - GameMgr Scan complete!
2026-09-05 21:37:01,833 - [29] - INFO  - Game.Server.GameServer - Little Game Scaning ...
2026-09-05 21:37:01,833 - [29] - INFO  - Game.Server.GameServer - LittleGame today scan completed!
2026-09-05 21:37:01,833 - [29] - INFO  - Game.Server.GameServer - GameMgr Scaning ...
2026-09-05 21:37:01,833 - [29] - INFO  - Game.Server.GameServer - GameMgr.SynDate: 1
2026-09-05 21:37:01,833 - [29] - INFO  - Game.Server.GameServer - GameMgr Scan complete!
2026-09-05 21:37:09,906 - [29] - INFO  - Game.Server.GameServer - Buff Scaning ...
2026-09-05 21:37:09,906 - [29] - INFO  - Game.Server.GameServer - Buff Scan complete!
2026-09-05 21:37:09,906 - [29] - INFO  - Game.Server.GameServer - Buff all 0 players in 0ms
2026-09-05 21:37:09,906 - [29] - INFO  - Game.Server.GameServer - GameMgr Scaning ...
2026-09-05 21:37:09,906 - [29] - INFO  - Game.Server.GameServer - GameMgr.SynDate: 1
2026-09-05 21:37:09,906 - [29] - INFO  - Game.Server.GameServer - GameMgr Scan complete!
2026-09-05 21:37:18,743 - [58] - INFO  - Game.Base.BaseServer - Incoming connection from 127.0.0.1:51622
2026-09-05 21:37:18,747 - [58] - INFO  - Game.Base.BaseClient - Disconnecting client (127.0.0.1:51622), received bytes=0
2026-09-05 21:38:01,837 - [31] - INFO  - Game.Server.GameServer - Little Game Scaning ...
2026-09-05 21:38:01,837 - [31] - INFO  - Game.Server.GameServer - LittleGame today scan completed!
2026-09-05 21:38:01,837 - [31] - INFO  - Game.Server.GameServer - GameMgr Scaning ...
2026-09-05 21:38:01,837 - [31] - INFO  - Game.Server.GameServer - GameMgr.SynDate: 1
2026-09-05 21:38:01,837 - [31] - INFO  - Game.Server.GameServer - GameMgr Scan complete!
2026-09-05 21:38:09,915 - [31] - INFO  - Game.Server.GameServer - Buff Scaning ...
2026-09-05 21:38:09,915 - [31] - INFO  - Game.Server.GameServer - Buff Scan complete!
2026-09-05 21:38:09,915 - [31] - INFO  - Game.Server.GameServer - Buff all 0 players in 0ms
2026-09-05 21:38:09,915 - [31] - INFO  - Game.Server.GameServer - GameMgr Scaning ...
2026-09-05 21:38:09,915 - [31] - INFO  - Game.Server.GameServer - GameMgr.SynDate: 1
2026-09-05 21:38:09,915 - [31] - INFO  - Game.Server.GameServer - GameMgr Scan complete!
2026-09-05 21:39:01,847 - [30] - INFO  - Game.Server.GameServer - Little Game Scaning ...
2026-09-05 21:39:01,847 - [30] - INFO  - Game.Server.GameServer - LittleGame today scan completed!
2026-09-05 21:39:01,847 - [30] - INFO  - Game.Server.GameServer - GameMgr Scaning ...
2026-09-05 21:39:01,847 - [30] - INFO  - Game.Server.GameServer - GameMgr.SynDate: 1
2026-09-05 21:39:01,847 - [30] - INFO  - Game.Server.GameServer - GameMgr Scan complete!
2026-09-05 21:39:09,095 - [31] - INFO  - Game.Server.GameServer - Saving database...
2026-09-05 21:39:09,108 - [31] - INFO  - Game.Server.GameServer - Saving database complete!
2026-09-05 21:39:09,108 - [31] - INFO  - Game.Server.GameServer - Saved all databases and 0 players in 16ms
2026-09-05 21:39:09,267 - [29] - INFO  - Game.Server.GameServer - Begin ping check....
2026-09-05 21:39:09,267 - [29] - INFO  - Game.Server.GameServer - End ping check....
2026-09-05 21:39:09,267 - [29] - INFO  - Game.Server.GameServer - Begin ping center check....
2026-09-05 21:39:09,267 - [29] - INFO  - Game.Server.GameServer - End ping center check....
2026-09-05 21:39:09,921 - [30] - INFO  - Game.Server.GameServer - Buff Scaning ...
2026-09-05 21:39:09,921 - [30] - INFO  - Game.Server.GameServer - Buff Scan complete!
2026-09-05 21:39:09,921 - [30] - INFO  - Game.Server.GameServer - Buff all 0 players in 0ms
2026-09-05 21:39:09,921 - [30] - INFO  - Game.Server.GameServer - GameMgr Scaning ...
2026-09-05 21:39:09,921 - [30] - INFO  - Game.Server.GameServer - GameMgr.SynDate: 1
2026-09-05 21:39:09,921 - [30] - INFO  - Game.Server.GameServer - GameMgr Scan complete!
2026-09-05 21:39:27,899 - [54] - INFO  - Game.Base.BaseServer - Incoming connection from 127.0.0.1:51721
2026-09-05 21:39:27,900 - [54] - INFO  - Game.Base.BaseClient - Disconnecting client (127.0.0.1:51721), received bytes=0
2026-09-05 21:39:27,946 - [54] - INFO  - Game.Base.BaseServer - Incoming connection from 127.0.0.1:51722
2026-09-05 21:40:01,863 - [31] - INFO  - Game.Server.GameServer - Little Game Scaning ...
2026-09-05 21:40:01,863 - [31] - INFO  - Game.Server.GameServer - LittleGame today scan completed!
2026-09-05 21:40:01,863 - [31] - INFO  - Game.Server.GameServer - GameMgr Scaning ...
2026-09-05 21:40:01,863 - [31] - INFO  - Game.Server.GameServer - GameMgr.SynDate: 1
2026-09-05 21:40:01,863 - [31] - INFO  - Game.Server.GameServer - GameMgr Scan complete!
2026-09-05 21:40:09,936 - [31] - INFO  - Game.Server.GameServer - Buff Scaning ...
2026-09-05 21:40:09,936 - [31] - INFO  - Game.Server.GameServer - Buff Scan complete!
2026-09-05 21:40:09,936 - [31] - INFO  - Game.Server.GameServer - Buff all 0 players in 0ms
2026-09-05 21:40:09,936 - [31] - INFO  - Game.Server.GameServer - GameMgr Scaning ...
2026-09-05 21:40:09,936 - [31] - INFO  - Game.Server.GameServer - GameMgr.SynDate: 1
2026-09-05 21:40:09,936 - [31] - INFO  - Game.Server.GameServer - GameMgr Scan complete!
2026-09-05 21:41:01,883 - [29] - INFO  - Game.Server.GameServer - Little Game Scaning ...
2026-09-05 21:41:01,883 - [29] - INFO  - Game.Server.GameServer - LittleGame today scan completed!
2026-09-05 21:41:01,883 - [29] - INFO  - Game.Server.GameServer - GameMgr Scaning ...
2026-09-05 21:41:01,883 - [29] - INFO  - Game.Server.GameServer - GameMgr.SynDate: 1
2026-09-05 21:41:01,883 - [29] - INFO  - Game.Server.GameServer - GameMgr Scan complete!
2026-09-05 21:41:09,941 - [29] - INFO  - Game.Server.GameServer - Buff Scaning ...
2026-09-05 21:41:09,941 - [29] - INFO  - Game.Server.GameServer - Buff Scan complete!
2026-09-05 21:41:09,941 - [29] - INFO  - Game.Server.GameServer - Buff all 0 players in 0ms
2026-09-05 21:41:09,941 - [29] - INFO  - Game.Server.GameServer - GameMgr Scaning ...
2026-09-05 21:41:09,941 - [29] - INFO  - Game.Server.GameServer - GameMgr.SynDate: 1
2026-09-05 21:41:09,941 - [29] - INFO  - Game.Server.GameServer - GameMgr Scan complete!
2026-09-05 21:42:01,891 - [31] - INFO  - Game.Server.GameServer - Little Game Scaning ...
2026-09-05 21:42:01,891 - [31] - INFO  - Game.Server.GameServer - LittleGame today scan completed!
2026-09-05 21:42:01,891 - [31] - INFO  - Game.Server.GameServer - GameMgr Scaning ...
2026-09-05 21:42:01,891 - [31] - INFO  - Game.Server.GameServer - GameMgr.SynDate: 1
2026-09-05 21:42:01,891 - [31] - INFO  - Game.Server.GameServer - GameMgr Scan complete!
2026-09-05 21:42:09,277 - [29] - INFO  - Game.Server.GameServer - Begin ping check....
2026-09-05 21:42:09,277 - [29] - INFO  - Game.Server.GameServer - End ping check....
2026-09-05 21:42:09,277 - [29] - INFO  - Game.Server.GameServer - Begin ping center check....
2026-09-05 21:42:09,277 - [29] - INFO  - Game.Server.GameServer - End ping center check....
2026-09-05 21:42:09,962 - [30] - INFO  - Game.Server.GameServer - Buff Scaning ...
2026-09-05 21:42:09,962 - [30] - INFO  - Game.Server.GameServer - Buff Scan complete!
2026-09-05 21:42:09,962 - [30] - INFO  - Game.Server.GameServer - Buff all 0 players in 0ms
2026-09-05 21:42:09,962 - [30] - INFO  - Game.Server.GameServer - GameMgr Scaning ...
2026-09-05 21:42:09,962 - [30] - INFO  - Game.Server.GameServer - GameMgr.SynDate: 1
2026-09-05 21:42:09,962 - [30] - INFO  - Game.Server.GameServer - GameMgr Scan complete!
2026-09-05 21:43:01,906 - [29] - INFO  - Game.Server.GameServer - Little Game Scaning ...
2026-09-05 21:43:01,906 - [29] - INFO  - Game.Server.GameServer - LittleGame today scan completed!
2026-09-05 21:43:01,906 - [29] - INFO  - Game.Server.GameServer - GameMgr Scaning ...
2026-09-05 21:43:01,906 - [29] - INFO  - Game.Server.GameServer - GameMgr.SynDate: 1
2026-09-05 21:43:01,906 - [29] - INFO  - Game.Server.GameServer - GameMgr Scan complete!
2026-09-05 21:43:09,966 - [31] - INFO  - Game.Server.GameServer - Buff Scaning ...
2026-09-05 21:43:09,966 - [31] - INFO  - Game.Server.GameServer - Buff Scan complete!
2026-09-05 21:43:09,966 - [31] - INFO  - Game.Server.GameServer - Buff all 0 players in 0ms
2026-09-05 21:43:09,966 - [31] - INFO  - Game.Server.GameServer - GameMgr Scaning ...
2026-09-05 21:43:09,966 - [31] - INFO  - Game.Server.GameServer - GameMgr.SynDate: 1
2026-09-05 21:43:09,966 - [31] - INFO  - Game.Server.GameServer - GameMgr Scan complete!
2026-09-05 21:44:01,917 - [30] - INFO  - Game.Server.GameServer - Little Game Scaning ...
2026-09-05 21:44:01,917 - [30] - INFO  - Game.Server.GameServer - LittleGame today scan completed!
2026-09-05 21:44:01,917 - [30] - INFO  - Game.Server.GameServer - GameMgr Scaning ...
2026-09-05 21:44:01,917 - [30] - INFO  - Game.Server.GameServer - GameMgr.SynDate: 1
2026-09-05 21:44:01,917 - [30] - INFO  - Game.Server.GameServer - GameMgr Scan complete!
2026-09-05 21:44:09,992 - [30] - INFO  - Game.Server.GameServer - Buff Scaning ...
2026-09-05 21:44:09,992 - [30] - INFO  - Game.Server.GameServer - Buff Scan complete!
2026-09-05 21:44:09,992 - [30] - INFO  - Game.Server.GameServer - Buff all 0 players in 0ms
2026-09-05 21:44:09,992 - [30] - INFO  - Game.Server.GameServer - GameMgr Scaning ...
2026-09-05 21:44:09,992 - [30] - INFO  - Game.Server.GameServer - GameMgr.SynDate: 1
2026-09-05 21:44:09,992 - [30] - INFO  - Game.Server.GameServer - GameMgr Scan complete!
2026-09-05 21:44:13,213 - [56] - INFO  - Game.Base.BaseServer - Incoming connection from 127.0.0.1:55724
2026-09-05 21:44:13,229 - [29] - ERROR - Game.Base.Packets.StreamProcessor - AsyncTcpSendCallback
System.InvalidOperationException: Queue empty.
   at System.Collections.Queue.Dequeue()
   at Game.Base.Packets.StreamProcessor.AsyncTcpSendCallback(Object sender, SocketAsyncEventArgs e) in E:\Arquivos\Projetos\DDTank41\Game.Base\Packets\StreamProcessor.cs:line 100
2026-09-05 21:44:13,234 - [29] - WARN  - Game.Base.Packets.StreamProcessor - It seems < pakLib:Game.Base.Packets.AbstractPacketLib IP:not connected char:null> went linkdead. Closing connection. (SendTCP, System.InvalidOperationException: Queue empty.)
2026-09-05 21:45:01,924 - [30] - INFO  - Game.Server.GameServer - Little Game Scaning ...
2026-09-05 21:45:01,924 - [30] - INFO  - Game.Server.GameServer - LittleGame today scan completed!
2026-09-05 21:45:01,924 - [30] - INFO  - Game.Server.GameServer - GameMgr Scaning ...
2026-09-05 21:45:01,924 - [30] - INFO  - Game.Server.GameServer - GameMgr.SynDate: 1
2026-09-05 21:45:01,924 - [30] - INFO  - Game.Server.GameServer - GameMgr Scan complete!
2026-09-05 21:45:09,283 - [30] - INFO  - Game.Server.GameServer - Begin ping check....
2026-09-05 21:45:09,283 - [30] - INFO  - Game.Server.GameServer - End ping check....
2026-09-05 21:45:09,283 - [30] - INFO  - Game.Server.GameServer - Begin ping center check....
2026-09-05 21:45:09,283 - [30] - INFO  - Game.Server.GameServer - End ping center check....
2026-09-05 21:45:09,999 - [29] - INFO  - Game.Server.GameServer - Buff Scaning ...
2026-09-05 21:45:09,999 - [29] - INFO  - Game.Server.GameServer - Buff Scan complete!
2026-09-05 21:45:09,999 - [29] - INFO  - Game.Server.GameServer - Buff all 0 players in 0ms
2026-09-05 21:45:09,999 - [29] - INFO  - Game.Server.GameServer - GameMgr Scaning ...
2026-09-05 21:45:09,999 - [29] - INFO  - Game.Server.GameServer - GameMgr.SynDate: 1
2026-09-05 21:45:09,999 - [29] - INFO  - Game.Server.GameServer - GameMgr Scan complete!
2026-09-05 21:46:01,936 - [31] - INFO  - Game.Server.GameServer - Little Game Scaning ...
2026-09-05 21:46:01,936 - [31] - INFO  - Game.Server.GameServer - LittleGame today scan completed!
2026-09-05 21:46:01,936 - [31] - INFO  - Game.Server.GameServer - GameMgr Scaning ...
2026-09-05 21:46:01,936 - [31] - INFO  - Game.Server.GameServer - GameMgr.SynDate: 1
2026-09-05 21:46:01,936 - [31] - INFO  - Game.Server.GameServer - GameMgr Scan complete!
2026-09-05 21:46:10,023 - [31] - INFO  - Game.Server.GameServer - Buff Scaning ...
2026-09-05 21:46:10,023 - [31] - INFO  - Game.Server.GameServer - Buff Scan complete!
2026-09-05 21:46:10,023 - [31] - INFO  - Game.Server.GameServer - Buff all 0 players in 0ms
2026-09-05 21:46:10,023 - [31] - INFO  - Game.Server.GameServer - GameMgr Scaning ...
2026-09-05 21:46:10,023 - [31] - INFO  - Game.Server.GameServer - GameMgr.SynDate: 1
2026-09-05 21:46:10,023 - [31] - INFO  - Game.Server.GameServer - GameMgr Scan complete!
2026-09-05 21:47:01,938 - [29] - INFO  - Game.Server.GameServer - Little Game Scaning ...
2026-09-05 21:47:01,938 - [29] - INFO  - Game.Server.GameServer - LittleGame today scan completed!
2026-09-05 21:47:01,938 - [29] - INFO  - Game.Server.GameServer - GameMgr Scaning ...
2026-09-05 21:47:01,938 - [29] - INFO  - Game.Server.GameServer - GameMgr.SynDate: 1
2026-09-05 21:47:01,938 - [29] - INFO  - Game.Server.GameServer - GameMgr Scan complete!
2026-09-05 21:47:10,038 - [29] - INFO  - Game.Server.GameServer - Buff Scaning ...
2026-09-05 21:47:10,038 - [29] - INFO  - Game.Server.GameServer - Buff Scan complete!
2026-09-05 21:47:10,038 - [29] - INFO  - Game.Server.GameServer - Buff all 0 players in 0ms
2026-09-05 21:47:10,038 - [29] - INFO  - Game.Server.GameServer - GameMgr Scaning ...
2026-09-05 21:47:10,038 - [29] - INFO  - Game.Server.GameServer - GameMgr.SynDate: 1
2026-09-05 21:47:10,038 - [29] - INFO  - Game.Server.GameServer - GameMgr Scan complete!
2026-09-05 21:48:01,953 - [31] - INFO  - Game.Server.GameServer - Little Game Scaning ...
2026-09-05 21:48:01,953 - [31] - INFO  - Game.Server.GameServer - LittleGame today scan completed!
2026-09-05 21:48:01,953 - [31] - INFO  - Game.Server.GameServer - GameMgr Scaning ...
2026-09-05 21:48:01,953 - [31] - INFO  - Game.Server.GameServer - GameMgr.SynDate: 1
2026-09-05 21:48:01,953 - [31] - INFO  - Game.Server.GameServer - GameMgr Scan complete!
2026-09-05 21:48:09,290 - [29] - INFO  - Game.Server.GameServer - Begin ping check....
2026-09-05 21:48:09,290 - [29] - INFO  - Game.Server.GameServer - End ping check....
2026-09-05 21:48:09,290 - [29] - INFO  - Game.Server.GameServer - Begin ping center check....
2026-09-05 21:48:09,290 - [29] - INFO  - Game.Server.GameServer - End ping center check....
2026-09-05 21:48:10,039 - [31] - INFO  - Game.Server.GameServer - Buff Scaning ...
2026-09-05 21:48:10,039 - [31] - INFO  - Game.Server.GameServer - Buff Scan complete!
2026-09-05 21:48:10,039 - [31] - INFO  - Game.Server.GameServer - Buff all 0 players in 0ms
2026-09-05 21:48:10,039 - [31] - INFO  - Game.Server.GameServer - GameMgr Scaning ...
2026-09-05 21:48:10,039 - [31] - INFO  - Game.Server.GameServer - GameMgr.SynDate: 1
2026-09-05 21:48:10,039 - [31] - INFO  - Game.Server.GameServer - GameMgr Scan complete!
2026-09-05 21:49:01,970 - [30] - INFO  - Game.Server.GameServer - Little Game Scaning ...
2026-09-05 21:49:01,970 - [30] - INFO  - Game.Server.GameServer - LittleGame today scan completed!
2026-09-05 21:49:01,970 - [30] - INFO  - Game.Server.GameServer - GameMgr Scaning ...
2026-09-05 21:49:01,970 - [30] - INFO  - Game.Server.GameServer - GameMgr.SynDate: 1
2026-09-05 21:49:01,970 - [30] - INFO  - Game.Server.GameServer - GameMgr Scan complete!
2026-09-05 21:49:09,108 - [30] - INFO  - Game.Server.GameServer - Saving database...
2026-09-05 21:49:09,116 - [30] - INFO  - Game.Server.GameServer - Saving database complete!
2026-09-05 21:49:09,116 - [30] - INFO  - Game.Server.GameServer - Saved all databases and 0 players in 0ms
2026-09-05 21:49:10,040 - [29] - INFO  - Game.Server.GameServer - Buff Scaning ...
2026-09-05 21:49:10,040 - [29] - INFO  - Game.Server.GameServer - Buff Scan complete!
2026-09-05 21:49:10,040 - [29] - INFO  - Game.Server.GameServer - Buff all 0 players in 0ms
2026-09-05 21:49:10,040 - [29] - INFO  - Game.Server.GameServer - GameMgr Scaning ...
2026-09-05 21:49:10,040 - [29] - INFO  - Game.Server.GameServer - GameMgr.SynDate: 1
2026-09-05 21:49:10,040 - [29] - INFO  - Game.Server.GameServer - GameMgr Scan complete!
2026-09-05 21:50:01,980 - [29] - INFO  - Game.Server.GameServer - Little Game Scaning ...
2026-09-05 21:50:01,980 - [29] - INFO  - Game.Server.GameServer - LittleGame today scan completed!
2026-09-05 21:50:01,980 - [29] - INFO  - Game.Server.GameServer - GameMgr Scaning ...
2026-09-05 21:50:01,980 - [29] - INFO  - Game.Server.GameServer - GameMgr.SynDate: 1
2026-09-05 21:50:01,980 - [29] - INFO  - Game.Server.GameServer - GameMgr Scan complete!
2026-09-05 21:50:10,050 - [30] - INFO  - Game.Server.GameServer - Buff Scaning ...
2026-09-05 21:50:10,050 - [30] - INFO  - Game.Server.GameServer - Buff Scan complete!
2026-09-05 21:50:10,050 - [30] - INFO  - Game.Server.GameServer - Buff all 0 players in 0ms
2026-09-05 21:50:10,050 - [30] - INFO  - Game.Server.GameServer - GameMgr Scaning ...
2026-09-05 21:50:10,050 - [30] - INFO  - Game.Server.GameServer - GameMgr.SynDate: 1
2026-09-05 21:50:10,050 - [30] - INFO  - Game.Server.GameServer - GameMgr Scan complete!
2026-09-05 21:51:01,982 - [29] - INFO  - Game.Server.GameServer - Little Game Scaning ...
2026-09-05 21:51:01,982 - [29] - INFO  - Game.Server.GameServer - LittleGame today scan completed!
2026-09-05 21:51:01,982 - [29] - INFO  - Game.Server.GameServer - GameMgr Scaning ...
2026-09-05 21:51:01,982 - [29] - INFO  - Game.Server.GameServer - GameMgr.SynDate: 1
2026-09-05 21:51:01,982 - [29] - INFO  - Game.Server.GameServer - GameMgr Scan complete!
2026-09-05 21:51:09,305 - [30] - INFO  - Game.Server.GameServer - Begin ping check....
2026-09-05 21:51:09,305 - [30] - INFO  - Game.Server.GameServer - End ping check....
2026-09-05 21:51:09,305 - [30] - INFO  - Game.Server.GameServer - Begin ping center check....
2026-09-05 21:51:09,305 - [30] - INFO  - Game.Server.GameServer - End ping center check....
2026-09-05 21:51:10,066 - [31] - INFO  - Game.Server.GameServer - Buff Scaning ...
2026-09-05 21:51:10,066 - [31] - INFO  - Game.Server.GameServer - Buff Scan complete!
2026-09-05 21:51:10,066 - [31] - INFO  - Game.Server.GameServer - Buff all 0 players in 0ms
2026-09-05 21:51:10,066 - [31] - INFO  - Game.Server.GameServer - GameMgr Scaning ...
2026-09-05 21:51:10,066 - [31] - INFO  - Game.Server.GameServer - GameMgr.SynDate: 1
2026-09-05 21:51:10,066 - [31] - INFO  - Game.Server.GameServer - GameMgr Scan complete!
2026-09-05 21:52:01,988 - [30] - INFO  - Game.Server.GameServer - Little Game Scaning ...
2026-09-05 21:52:01,988 - [30] - INFO  - Game.Server.GameServer - LittleGame today scan completed!
2026-09-05 21:52:01,988 - [30] - INFO  - Game.Server.GameServer - GameMgr Scaning ...
2026-09-05 21:52:01,988 - [30] - INFO  - Game.Server.GameServer - GameMgr.SynDate: 1
2026-09-05 21:52:01,988 - [30] - INFO  - Game.Server.GameServer - GameMgr Scan complete!
2026-09-05 21:52:10,073 - [31] - INFO  - Game.Server.GameServer - Buff Scaning ...
2026-09-05 21:52:10,073 - [31] - INFO  - Game.Server.GameServer - Buff Scan complete!
2026-09-05 21:52:10,073 - [31] - INFO  - Game.Server.GameServer - Buff all 0 players in 0ms
2026-09-05 21:52:10,073 - [31] - INFO  - Game.Server.GameServer - GameMgr Scaning ...
2026-09-05 21:52:10,073 - [31] - INFO  - Game.Server.GameServer - GameMgr.SynDate: 1
2026-09-05 21:52:10,073 - [31] - INFO  - Game.Server.GameServer - GameMgr Scan complete!
2026-09-05 21:52:38,161 - [62] - INFO  - Game.Base.BaseServer - Incoming connection from 127.0.0.1:49796
2026-09-05 21:53:02,002 - [29] - INFO  - Game.Server.GameServer - Little Game Scaning ...
2026-09-05 21:53:02,002 - [29] - INFO  - Game.Server.GameServer - LittleGame today scan completed!
2026-09-05 21:53:02,002 - [29] - INFO  - Game.Server.GameServer - GameMgr Scaning ...
2026-09-05 21:53:02,002 - [29] - INFO  - Game.Server.GameServer - GameMgr.SynDate: 1
2026-09-05 21:53:02,002 - [29] - INFO  - Game.Server.GameServer - GameMgr Scan complete!
2026-09-05 21:53:10,089 - [30] - INFO  - Game.Server.GameServer - Buff Scaning ...
2026-09-05 21:53:10,089 - [30] - INFO  - Game.Server.GameServer - Buff Scan complete!
2026-09-05 21:53:10,089 - [30] - INFO  - Game.Server.GameServer - Buff all 0 players in 0ms
2026-09-05 21:53:10,089 - [30] - INFO  - Game.Server.GameServer - GameMgr Scaning ...
2026-09-05 21:53:10,089 - [30] - INFO  - Game.Server.GameServer - GameMgr.SynDate: 1
2026-09-05 21:53:10,089 - [30] - INFO  - Game.Server.GameServer - GameMgr Scan complete!
2026-09-05 21:54:02,016 - [30] - INFO  - Game.Server.GameServer - Little Game Scaning ...
2026-09-05 21:54:02,016 - [30] - INFO  - Game.Server.GameServer - LittleGame today scan completed!
2026-09-05 21:54:02,016 - [30] - INFO  - Game.Server.GameServer - GameMgr Scaning ...
2026-09-05 21:54:02,016 - [30] - INFO  - Game.Server.GameServer - GameMgr.SynDate: 1
2026-09-05 21:54:02,016 - [30] - INFO  - Game.Server.GameServer - GameMgr Scan complete!
2026-09-05 21:54:09,316 - [31] - INFO  - Game.Server.GameServer - Begin ping check....
2026-09-05 21:54:09,316 - [31] - INFO  - Game.Server.GameServer - End ping check....
2026-09-05 21:54:09,316 - [31] - INFO  - Game.Server.GameServer - Begin ping center check....
2026-09-05 21:54:09,316 - [31] - INFO  - Game.Server.GameServer - End ping center check....
2026-09-05 21:54:10,095 - [29] - INFO  - Game.Server.GameServer - Buff Scaning ...
2026-09-05 21:54:10,095 - [29] - INFO  - Game.Server.GameServer - Buff Scan complete!
2026-09-05 21:54:10,095 - [29] - INFO  - Game.Server.GameServer - Buff all 0 players in 0ms
2026-09-05 21:54:10,095 - [29] - INFO  - Game.Server.GameServer - GameMgr Scaning ...
2026-09-05 21:54:10,095 - [29] - INFO  - Game.Server.GameServer - GameMgr.SynDate: 1
2026-09-05 21:54:10,095 - [29] - INFO  - Game.Server.GameServer - GameMgr Scan complete!
2026-09-05 21:54:49,061 - [52] - INFO  - Game.Base.BaseServer - Incoming connection from 127.0.0.1:59389
2026-09-05 21:54:49,062 - [52] - INFO  - Game.Base.BaseClient - Disconnecting client (127.0.0.1:59389), received bytes=0
2026-09-05 21:55:02,019 - [30] - INFO  - Game.Server.GameServer - Little Game Scaning ...
2026-09-05 21:55:02,019 - [30] - INFO  - Game.Server.GameServer - LittleGame today scan completed!
2026-09-05 21:55:02,019 - [30] - INFO  - Game.Server.GameServer - GameMgr Scaning ...
2026-09-05 21:55:02,019 - [30] - INFO  - Game.Server.GameServer - GameMgr.SynDate: 1
2026-09-05 21:55:02,019 - [30] - INFO  - Game.Server.GameServer - GameMgr Scan complete!
2026-09-05 21:55:10,105 - [29] - INFO  - Game.Server.GameServer - Buff Scaning ...
2026-09-05 21:55:10,105 - [29] - INFO  - Game.Server.GameServer - Buff Scan complete!
2026-09-05 21:55:10,105 - [29] - INFO  - Game.Server.GameServer - Buff all 0 players in 0ms
2026-09-05 21:55:10,105 - [29] - INFO  - Game.Server.GameServer - GameMgr Scaning ...
2026-09-05 21:55:10,105 - [29] - INFO  - Game.Server.GameServer - GameMgr.SynDate: 1
2026-09-05 21:55:10,105 - [29] - INFO  - Game.Server.GameServer - GameMgr Scan complete!
2026-09-05 21:56:02,039 - [29] - INFO  - Game.Server.GameServer - Little Game Scaning ...
2026-09-05 21:56:02,039 - [29] - INFO  - Game.Server.GameServer - LittleGame today scan completed!
2026-09-05 21:56:02,039 - [29] - INFO  - Game.Server.GameServer - GameMgr Scaning ...
2026-09-05 21:56:02,039 - [29] - INFO  - Game.Server.GameServer - GameMgr.SynDate: 1
2026-09-05 21:56:02,039 - [29] - INFO  - Game.Server.GameServer - GameMgr Scan complete!
2026-09-05 21:56:10,108 - [31] - INFO  - Game.Server.GameServer - Buff Scaning ...
2026-09-05 21:56:10,108 - [31] - INFO  - Game.Server.GameServer - Buff Scan complete!
2026-09-05 21:56:10,108 - [31] - INFO  - Game.Server.GameServer - Buff all 0 players in 0ms
2026-09-05 21:56:10,108 - [31] - INFO  - Game.Server.GameServer - GameMgr Scaning ...
2026-09-05 21:56:10,108 - [31] - INFO  - Game.Server.GameServer - GameMgr.SynDate: 1
2026-09-05 21:56:10,108 - [31] - INFO  - Game.Server.GameServer - GameMgr Scan complete!
2026-09-05 21:57:02,054 - [29] - INFO  - Game.Server.GameServer - Little Game Scaning ...
2026-09-05 21:57:02,054 - [29] - INFO  - Game.Server.GameServer - LittleGame today scan completed!
2026-09-05 21:57:02,054 - [29] - INFO  - Game.Server.GameServer - GameMgr Scaning ...
2026-09-05 21:57:02,054 - [29] - INFO  - Game.Server.GameServer - GameMgr.SynDate: 1
2026-09-05 21:57:02,054 - [29] - INFO  - Game.Server.GameServer - GameMgr Scan complete!
2026-09-05 21:57:09,321 - [30] - INFO  - Game.Server.GameServer - Begin ping check....
2026-09-05 21:57:09,321 - [30] - INFO  - Game.Server.GameServer - End ping check....
2026-09-05 21:57:09,321 - [30] - INFO  - Game.Server.GameServer - Begin ping center check....
2026-09-05 21:57:09,321 - [30] - INFO  - Game.Server.GameServer - End ping center check....
2026-09-05 21:57:10,120 - [29] - INFO  - Game.Server.GameServer - Buff Scaning ...
2026-09-05 21:57:10,120 - [29] - INFO  - Game.Server.GameServer - Buff Scan complete!
2026-09-05 21:57:10,120 - [29] - INFO  - Game.Server.GameServer - Buff all 0 players in 0ms
2026-09-05 21:57:10,120 - [29] - INFO  - Game.Server.GameServer - GameMgr Scaning ...
2026-09-05 21:57:10,120 - [29] - INFO  - Game.Server.GameServer - GameMgr.SynDate: 1
2026-09-05 21:57:10,120 - [29] - INFO  - Game.Server.GameServer - GameMgr Scan complete!
2026-09-05 21:58:02,070 - [30] - INFO  - Game.Server.GameServer - Little Game Scaning ...
2026-09-05 21:58:02,070 - [30] - INFO  - Game.Server.GameServer - LittleGame today scan completed!
2026-09-05 21:58:02,070 - [30] - INFO  - Game.Server.GameServer - GameMgr Scaning ...
2026-09-05 21:58:02,070 - [30] - INFO  - Game.Server.GameServer - GameMgr.SynDate: 1
2026-09-05 21:58:02,070 - [30] - INFO  - Game.Server.GameServer - GameMgr Scan complete!
2026-09-05 21:58:10,125 - [29] - INFO  - Game.Server.GameServer - Buff Scaning ...
2026-09-05 21:58:10,125 - [29] - INFO  - Game.Server.GameServer - Buff Scan complete!
2026-09-05 21:58:10,125 - [29] - INFO  - Game.Server.GameServer - Buff all 0 players in 0ms
2026-09-05 21:58:10,125 - [29] - INFO  - Game.Server.GameServer - GameMgr Scaning ...
2026-09-05 21:58:10,125 - [29] - INFO  - Game.Server.GameServer - GameMgr.SynDate: 1
2026-09-05 21:58:10,125 - [29] - INFO  - Game.Server.GameServer - GameMgr Scan complete!
2026-09-05 21:58:45,131 - [62] - INFO  - Game.Base.BaseServer - Incoming connection from 127.0.0.1:59538
2026-09-05 21:58:45,394 - [30] - INFO  - Bussiness.BaseBussiness - Error @UserID=2
2026-09-05 21:58:45,394 - [30] - INFO  - Bussiness.BaseBussiness - Error @Attack=0
2026-09-05 21:58:45,394 - [30] - INFO  - Bussiness.BaseBussiness - Error @Colors=,,,,,,
2026-09-05 21:58:45,394 - [30] - INFO  - Bussiness.BaseBussiness - Error @ConsortiaID=0
2026-09-05 21:58:45,394 - [30] - INFO  - Bussiness.BaseBussiness - Error @Defence=0
2026-09-05 21:58:45,394 - [30] - INFO  - Bussiness.BaseBussiness - Error @Gold=0
2026-09-05 21:58:45,394 - [30] - INFO  - Bussiness.BaseBussiness - Error @GP=1
2026-09-05 21:58:45,394 - [30] - INFO  - Bussiness.BaseBussiness - Error @Grade=1
2026-09-05 21:58:45,394 - [30] - INFO  - Bussiness.BaseBussiness - Error @Luck=0
2026-09-05 21:58:45,394 - [30] - INFO  - Bussiness.BaseBussiness - Error @Money=0
2026-09-05 21:58:45,394 - [30] - INFO  - Bussiness.BaseBussiness - Error @Style=,,,,,,
2026-09-05 21:58:45,394 - [30] - INFO  - Bussiness.BaseBussiness - Error @Agility=0
2026-09-05 21:58:45,394 - [30] - INFO  - Bussiness.BaseBussiness - Error @State=1
2026-09-05 21:58:45,394 - [30] - INFO  - Bussiness.BaseBussiness - Error @Hide=1111111111
2026-09-05 21:58:45,394 - [30] - INFO  - Bussiness.BaseBussiness - Error @ExpendDate=
2026-09-05 21:58:45,394 - [30] - INFO  - Bussiness.BaseBussiness - Error @Win=0
2026-09-05 21:58:45,394 - [30] - INFO  - Bussiness.BaseBussiness - Error @Total=0
2026-09-05 21:58:45,394 - [30] - INFO  - Bussiness.BaseBussiness - Error @Escape=0
2026-09-05 21:58:45,394 - [30] - INFO  - Bussiness.BaseBussiness - Error @Skin=
2026-09-05 21:58:45,394 - [30] - INFO  - Bussiness.BaseBussiness - Error @Offer=0
2026-09-05 21:58:45,394 - [30] - INFO  - Bussiness.BaseBussiness - Error @AntiAddiction=0
2026-09-05 21:58:45,394 - [30] - INFO  - Bussiness.BaseBussiness - Error @Result=
2026-09-05 21:58:45,394 - [30] - INFO  - Bussiness.BaseBussiness - Error @RichesOffer=0
2026-09-05 21:58:45,394 - [30] - INFO  - Bussiness.BaseBussiness - Error @RichesRob=0
2026-09-05 21:58:45,394 - [30] - INFO  - Bussiness.BaseBussiness - Error @CheckCount=0
2026-09-05 21:58:45,394 - [30] - INFO  - Bussiness.BaseBussiness - Error @MarryInfoID=0
2026-09-05 21:58:45,394 - [30] - INFO  - Bussiness.BaseBussiness - Error @DayLoginCount=0
2026-09-05 21:58:45,394 - [30] - INFO  - Bussiness.BaseBussiness - Error @Nimbus=0
2026-09-05 21:58:45,395 - [30] - INFO  - Bussiness.BaseBussiness - Error @LastAward=01/07/1905 00:00:00
2026-09-05 21:58:45,395 - [30] - INFO  - Bussiness.BaseBussiness - Error @GiftToken=0
2026-09-05 21:58:45,395 - [30] - INFO  - Bussiness.BaseBussiness - Error @QuestSite=System.Byte[]
2026-09-05 21:58:45,395 - [30] - INFO  - Bussiness.BaseBussiness - Error @PvePermission=
2026-09-05 21:58:45,395 - [30] - INFO  - Bussiness.BaseBussiness - Error @FightPower=0
2026-09-05 21:58:45,395 - [30] - INFO  - Bussiness.BaseBussiness - Error @AnswerSite=0
2026-09-05 21:58:45,395 - [30] - INFO  - Bussiness.BaseBussiness - Error @LastAuncherAward=01/07/1905 00:00:00
2026-09-05 21:58:45,395 - [30] - INFO  - Bussiness.BaseBussiness - Error @hp=0
2026-09-05 21:58:45,395 - [30] - INFO  - Bussiness.BaseBussiness - Error @ChatCount=0
2026-09-05 21:58:45,395 - [30] - INFO  - Bussiness.BaseBussiness - Error @SpaPubGoldRoomLimit=0
2026-09-05 21:58:45,395 - [30] - INFO  - Bussiness.BaseBussiness - Error @LastSpaDate=05/09/2026 21:33:20
2026-09-05 21:58:45,395 - [30] - INFO  - Bussiness.BaseBussiness - Error @FightLabPermission=10000000000
2026-09-05 21:58:45,395 - [30] - INFO  - Bussiness.BaseBussiness - Error @SpaPubMoneyRoomLimit=0
2026-09-05 21:58:45,395 - [30] - INFO  - Bussiness.BaseBussiness - Error @IsInSpaPubGoldToday=False
2026-09-05 21:58:45,395 - [30] - INFO  - Bussiness.BaseBussiness - Error @IsInSpaPubMoneyToday=False
2026-09-05 21:58:45,395 - [30] - INFO  - Bussiness.BaseBussiness - Error @AchievementPoint=0
2026-09-05 21:58:45,395 - [30] - INFO  - Bussiness.BaseBussiness - Error @LastWeekly=05/09/2026 21:33:20
2026-09-05 21:58:45,395 - [30] - INFO  - Bussiness.BaseBussiness - Error @LastWeeklyVersion=0
2026-09-05 21:58:45,395 - [30] - INFO  - Bussiness.BaseBussiness - Error @WeaklessGuildProgressStr=AgAAAAAAAAAAAAAAAAAAAAAAAAAAAAAAAAAAAAAAAAAAAAAAAAAAAAAAAAAAAAAAAAAAAAAAAAAAAAAAAAAAAAAAAAAAAAAAAAAAAAAAAAAAAAAAAAAAAAAAAAAAAAAAAAAAAAAAAAAAAAAAAAAAAAAAAAAAAAAAAAAAAAAAAAA=
2026-09-05 21:58:45,395 - [30] - INFO  - Bussiness.BaseBussiness - Error @IsOldPlayer=False
2026-09-05 21:58:45,395 - [30] - INFO  - Bussiness.BaseBussiness - Error @VIPLevel=0
2026-09-05 21:58:45,395 - [30] - INFO  - Bussiness.BaseBussiness - Error @VIPExp=0
2026-09-05 21:58:45,395 - [30] - INFO  - Bussiness.BaseBussiness - Error @Score=0
2026-09-05 21:58:45,395 - [30] - INFO  - Bussiness.BaseBussiness - Error @OptionOnOff=0
2026-09-05 21:58:45,395 - [30] - INFO  - Bussiness.BaseBussiness - Error @isOldPlayerHasValidEquitAtLogin=False
2026-09-05 21:58:45,395 - [30] - INFO  - Bussiness.BaseBussiness - Error @badLuckNumber=0
2026-09-05 21:58:45,395 - [30] - INFO  - Bussiness.BaseBussiness - Error @luckyNum=0
2026-09-05 21:58:45,395 - [30] - INFO  - Bussiness.BaseBussiness - Error @lastLuckyNumDate=05/09/2026 21:33:20
2026-09-05 21:58:45,395 - [30] - INFO  - Bussiness.BaseBussiness - Error @lastLuckNum=0
2026-09-05 21:58:45,395 - [30] - INFO  - Bussiness.BaseBussiness - Error @IsShowConsortia=False
2026-09-05 21:58:45,395 - [30] - INFO  - Bussiness.BaseBussiness - Error @NewDay=05/09/2026 21:33:20
2026-09-05 21:58:45,395 - [30] - INFO  - Bussiness.BaseBussiness - Error @Medal=0
2026-09-05 21:58:45,395 - [30] - INFO  - Bussiness.BaseBussiness - Error @Honor=
2026-09-05 21:58:45,395 - [30] - INFO  - Bussiness.BaseBussiness - Error @VIPNextLevelDaysNeeded=0
2026-09-05 21:58:45,395 - [30] - INFO  - Bussiness.BaseBussiness - Error @IsRecharged=False
2026-09-05 21:58:45,395 - [30] - INFO  - Bussiness.BaseBussiness - Error @IsGetAward=False
2026-09-05 21:58:45,395 - [30] - INFO  - Bussiness.BaseBussiness - Error @typeVIP=0
2026-09-05 21:58:45,395 - [30] - INFO  - Bussiness.BaseBussiness - Error @evolutionGrade=0
2026-09-05 21:58:45,395 - [30] - INFO  - Bussiness.BaseBussiness - Error @evolutionExp=0
2026-09-05 21:58:45,395 - [30] - INFO  - Bussiness.BaseBussiness - Error @hardCurrency=0
2026-09-05 21:58:45,395 - [30] - INFO  - Bussiness.BaseBussiness - Error @EliteScore=0
2026-09-05 21:58:45,395 - [30] - INFO  - Bussiness.BaseBussiness - Error @UseOffer=0
2026-09-05 21:58:45,395 - [30] - INFO  - Bussiness.BaseBussiness - Error @ShopFinallyGottenTime=07/08/2016 00:00:00
2026-09-05 21:58:45,395 - [30] - INFO  - Bussiness.BaseBussiness - Error @MoneyLock=0
2026-09-05 21:58:45,395 - [30] - INFO  - Bussiness.BaseBussiness - Error @LastGetEgg=01/07/1905 00:00:00
2026-09-05 21:58:45,395 - [30] - INFO  - Bussiness.BaseBussiness - Error @IsFistGetPet=True
2026-09-05 21:58:45,395 - [30] - INFO  - Bussiness.BaseBussiness - Error @LastRefreshPet=05/09/2026 21:33:20
2026-09-05 21:58:45,395 - [30] - INFO  - Bussiness.BaseBussiness - Error @petScore=0
2026-09-05 21:58:45,395 - [30] - INFO  - Bussiness.BaseBussiness - Error @accumulativeLoginDays=0
2026-09-05 21:58:45,395 - [30] - INFO  - Bussiness.BaseBussiness - Error @accumulativeAwardDays=0
2026-09-05 21:58:45,395 - [30] - INFO  - Bussiness.BaseBussiness - Error @honorId=0
2026-09-05 21:58:45,395 - [30] - INFO  - Bussiness.BaseBussiness - Error @Repute=0
2026-09-05 21:58:45,395 - [30] - INFO  - Bussiness.BaseBussiness - Error @damageScores=0
2026-09-05 21:58:45,395 - [30] - INFO  - Bussiness.BaseBussiness - Error @totemId=0
2026-09-05 21:58:45,395 - [30] - INFO  - Bussiness.BaseBussiness - Error @myHonor=0
2026-09-05 21:58:45,395 - [30] - INFO  - Bussiness.BaseBussiness - Error @MaxBuyHonor=0
2026-09-05 21:58:45,395 - [30] - INFO  - Bussiness.BaseBussiness - Error @necklaceExp=0
2026-09-05 21:58:45,395 - [30] - INFO  - Bussiness.BaseBussiness - Error @necklaceExpAdd=0
2026-09-05 21:58:45,395 - [30] - ERROR - Bussiness.BaseBussiness - Init
System.NullReferenceException: Object reference not set to an instance of an object.
   at Bussiness.PlayerBussiness.UpdatePlayer(PlayerInfo player) in E:\Arquivos\Projetos\DDTank41\Bussiness\PlayerBussiness.cs:line 5801
2026-09-05 21:58:45,409 - [30] - INFO  - Bussiness.BaseBussiness - Error @UserID=2
2026-09-05 21:58:45,409 - [30] - INFO  - Bussiness.BaseBussiness - Error @Attack=0
2026-09-05 21:58:45,409 - [30] - INFO  - Bussiness.BaseBussiness - Error @Colors=,,,,,,
2026-09-05 21:58:45,409 - [30] - INFO  - Bussiness.BaseBussiness - Error @ConsortiaID=0
2026-09-05 21:58:45,409 - [30] - INFO  - Bussiness.BaseBussiness - Error @Defence=0
2026-09-05 21:58:45,409 - [30] - INFO  - Bussiness.BaseBussiness - Error @Gold=0
2026-09-05 21:58:45,409 - [30] - INFO  - Bussiness.BaseBussiness - Error @GP=1
2026-09-05 21:58:45,409 - [30] - INFO  - Bussiness.BaseBussiness - Error @Grade=1
2026-09-05 21:58:45,409 - [30] - INFO  - Bussiness.BaseBussiness - Error @Luck=0
2026-09-05 21:58:45,409 - [30] - INFO  - Bussiness.BaseBussiness - Error @Money=0
2026-09-05 21:58:45,409 - [30] - INFO  - Bussiness.BaseBussiness - Error @Style=,,,,,,
2026-09-05 21:58:45,409 - [30] - INFO  - Bussiness.BaseBussiness - Error @Agility=0
2026-09-05 21:58:45,409 - [30] - INFO  - Bussiness.BaseBussiness - Error @State=1
2026-09-05 21:58:45,409 - [30] - INFO  - Bussiness.BaseBussiness - Error @Hide=1111111111
2026-09-05 21:58:45,409 - [30] - INFO  - Bussiness.BaseBussiness - Error @ExpendDate=
2026-09-05 21:58:45,409 - [30] - INFO  - Bussiness.BaseBussiness - Error @Win=0
2026-09-05 21:58:45,409 - [30] - INFO  - Bussiness.BaseBussiness - Error @Total=0
2026-09-05 21:58:45,409 - [30] - INFO  - Bussiness.BaseBussiness - Error @Escape=0
2026-09-05 21:58:45,409 - [30] - INFO  - Bussiness.BaseBussiness - Error @Skin=
2026-09-05 21:58:45,409 - [30] - INFO  - Bussiness.BaseBussiness - Error @Offer=0
2026-09-05 21:58:45,409 - [30] - INFO  - Bussiness.BaseBussiness - Error @AntiAddiction=0
2026-09-05 21:58:45,409 - [30] - INFO  - Bussiness.BaseBussiness - Error @Result=
2026-09-05 21:58:45,409 - [30] - INFO  - Bussiness.BaseBussiness - Error @RichesOffer=0
2026-09-05 21:58:45,409 - [30] - INFO  - Bussiness.BaseBussiness - Error @RichesRob=0
2026-09-05 21:58:45,409 - [30] - INFO  - Bussiness.BaseBussiness - Error @CheckCount=0
2026-09-05 21:58:45,409 - [30] - INFO  - Bussiness.BaseBussiness - Error @MarryInfoID=0
2026-09-05 21:58:45,409 - [30] - INFO  - Bussiness.BaseBussiness - Error @DayLoginCount=0
2026-09-05 21:58:45,409 - [30] - INFO  - Bussiness.BaseBussiness - Error @Nimbus=0
2026-09-05 21:58:45,409 - [30] - INFO  - Bussiness.BaseBussiness - Error @LastAward=01/07/1905 00:00:00
2026-09-05 21:58:45,409 - [30] - INFO  - Bussiness.BaseBussiness - Error @GiftToken=0
2026-09-05 21:58:45,409 - [30] - INFO  - Bussiness.BaseBussiness - Error @QuestSite=System.Byte[]
2026-09-05 21:58:45,409 - [30] - INFO  - Bussiness.BaseBussiness - Error @PvePermission=
2026-09-05 21:58:45,409 - [30] - INFO  - Bussiness.BaseBussiness - Error @FightPower=0
2026-09-05 21:58:45,409 - [30] - INFO  - Bussiness.BaseBussiness - Error @AnswerSite=0
2026-09-05 21:58:45,409 - [30] - INFO  - Bussiness.BaseBussiness - Error @LastAuncherAward=01/07/1905 00:00:00
2026-09-05 21:58:45,409 - [30] - INFO  - Bussiness.BaseBussiness - Error @hp=0
2026-09-05 21:58:45,409 - [30] - INFO  - Bussiness.BaseBussiness - Error @ChatCount=0
2026-09-05 21:58:45,409 - [30] - INFO  - Bussiness.BaseBussiness - Error @SpaPubGoldRoomLimit=0
2026-09-05 21:58:45,409 - [30] - INFO  - Bussiness.BaseBussiness - Error @LastSpaDate=05/09/2026 21:33:20
2026-09-05 21:58:45,409 - [30] - INFO  - Bussiness.BaseBussiness - Error @FightLabPermission=10000000000
2026-09-05 21:58:45,409 - [30] - INFO  - Bussiness.BaseBussiness - Error @SpaPubMoneyRoomLimit=0
2026-09-05 21:58:45,409 - [30] - INFO  - Bussiness.BaseBussiness - Error @IsInSpaPubGoldToday=False
2026-09-05 21:58:45,409 - [30] - INFO  - Bussiness.BaseBussiness - Error @IsInSpaPubMoneyToday=False
2026-09-05 21:58:45,409 - [30] - INFO  - Bussiness.BaseBussiness - Error @AchievementPoint=0
2026-09-05 21:58:45,409 - [30] - INFO  - Bussiness.BaseBussiness - Error @LastWeekly=05/09/2026 21:33:20
2026-09-05 21:58:45,409 - [30] - INFO  - Bussiness.BaseBussiness - Error @LastWeeklyVersion=0
2026-09-05 21:58:45,409 - [30] - INFO  - Bussiness.BaseBussiness - Error @WeaklessGuildProgressStr=AgAAAAAAAAAAAAAAAAAAAAAAAAAAAAAAAAAAAAAAAAAAAAAAAAAAAAAAAAAAAAAAAAAAAAAAAAAAAAAAAAAAAAAAAAAAAAAAAAAAAAAAAAAAAAAAAAAAAAAAAAAAAAAAAAAAAAAAAAAAAAAAAAAAAAAAAAAAAAAAAAAAAAAAAAA=
2026-09-05 21:58:45,409 - [30] - INFO  - Bussiness.BaseBussiness - Error @IsOldPlayer=False
2026-09-05 21:58:45,409 - [30] - INFO  - Bussiness.BaseBussiness - Error @VIPLevel=0
2026-09-05 21:58:45,409 - [30] - INFO  - Bussiness.BaseBussiness - Error @VIPExp=0
2026-09-05 21:58:45,409 - [30] - INFO  - Bussiness.BaseBussiness - Error @Score=0
2026-09-05 21:58:45,409 - [30] - INFO  - Bussiness.BaseBussiness - Error @OptionOnOff=0
2026-09-05 21:58:45,409 - [30] - INFO  - Bussiness.BaseBussiness - Error @isOldPlayerHasValidEquitAtLogin=False
2026-09-05 21:58:45,409 - [30] - INFO  - Bussiness.BaseBussiness - Error @badLuckNumber=0
2026-09-05 21:58:45,409 - [30] - INFO  - Bussiness.BaseBussiness - Error @luckyNum=0
2026-09-05 21:58:45,409 - [30] - INFO  - Bussiness.BaseBussiness - Error @lastLuckyNumDate=05/09/2026 21:33:20
2026-09-05 21:58:45,409 - [30] - INFO  - Bussiness.BaseBussiness - Error @lastLuckNum=0
2026-09-05 21:58:45,409 - [30] - INFO  - Bussiness.BaseBussiness - Error @IsShowConsortia=False
2026-09-05 21:58:45,409 - [30] - INFO  - Bussiness.BaseBussiness - Error @NewDay=05/09/2026 21:33:20
2026-09-05 21:58:45,409 - [30] - INFO  - Bussiness.BaseBussiness - Error @Medal=0
2026-09-05 21:58:45,409 - [30] - INFO  - Bussiness.BaseBussiness - Error @Honor=
2026-09-05 21:58:45,409 - [30] - INFO  - Bussiness.BaseBussiness - Error @VIPNextLevelDaysNeeded=0
2026-09-05 21:58:45,409 - [30] - INFO  - Bussiness.BaseBussiness - Error @IsRecharged=False
2026-09-05 21:58:45,409 - [30] - INFO  - Bussiness.BaseBussiness - Error @IsGetAward=False
2026-09-05 21:58:45,409 - [30] - INFO  - Bussiness.BaseBussiness - Error @typeVIP=0
2026-09-05 21:58:45,409 - [30] - INFO  - Bussiness.BaseBussiness - Error @evolutionGrade=0
2026-09-05 21:58:45,409 - [30] - INFO  - Bussiness.BaseBussiness - Error @evolutionExp=0
2026-09-05 21:58:45,409 - [30] - INFO  - Bussiness.BaseBussiness - Error @hardCurrency=0
2026-09-05 21:58:45,409 - [30] - INFO  - Bussiness.BaseBussiness - Error @EliteScore=0
2026-09-05 21:58:45,409 - [30] - INFO  - Bussiness.BaseBussiness - Error @UseOffer=0
2026-09-05 21:58:45,409 - [30] - INFO  - Bussiness.BaseBussiness - Error @ShopFinallyGottenTime=07/08/2016 00:00:00
2026-09-05 21:58:45,409 - [30] - INFO  - Bussiness.BaseBussiness - Error @MoneyLock=0
2026-09-05 21:58:45,409 - [30] - INFO  - Bussiness.BaseBussiness - Error @LastGetEgg=01/07/1905 00:00:00
2026-09-05 21:58:45,409 - [30] - INFO  - Bussiness.BaseBussiness - Error @IsFistGetPet=True
2026-09-05 21:58:45,409 - [30] - INFO  - Bussiness.BaseBussiness - Error @LastRefreshPet=05/09/2026 21:33:20
2026-09-05 21:58:45,409 - [30] - INFO  - Bussiness.BaseBussiness - Error @petScore=0
2026-09-05 21:58:45,409 - [30] - INFO  - Bussiness.BaseBussiness - Error @accumulativeLoginDays=0
2026-09-05 21:58:45,409 - [30] - INFO  - Bussiness.BaseBussiness - Error @accumulativeAwardDays=0
2026-09-05 21:58:45,409 - [30] - INFO  - Bussiness.BaseBussiness - Error @honorId=0
2026-09-05 21:58:45,409 - [30] - INFO  - Bussiness.BaseBussiness - Error @Repute=0
2026-09-05 21:58:45,409 - [30] - INFO  - Bussiness.BaseBussiness - Error @damageScores=0
2026-09-05 21:58:45,409 - [30] - INFO  - Bussiness.BaseBussiness - Error @totemId=0
2026-09-05 21:58:45,409 - [30] - INFO  - Bussiness.BaseBussiness - Error @myHonor=0
2026-09-05 21:58:45,409 - [30] - INFO  - Bussiness.BaseBussiness - Error @MaxBuyHonor=0
2026-09-05 21:58:45,409 - [30] - INFO  - Bussiness.BaseBussiness - Error @necklaceExp=0
2026-09-05 21:58:45,409 - [30] - INFO  - Bussiness.BaseBussiness - Error @necklaceExpAdd=0
2026-09-05 21:58:45,409 - [30] - ERROR - Bussiness.BaseBussiness - Init
System.NullReferenceException: Object reference not set to an instance of an object.
   at Bussiness.PlayerBussiness.UpdatePlayer(PlayerInfo player) in E:\Arquivos\Projetos\DDTank41\Bussiness\PlayerBussiness.cs:line 5801
2026-09-05 21:58:45,415 - [30] - INFO  - Bussiness.BaseBussiness - Error @UserID=2
2026-09-05 21:58:45,415 - [30] - INFO  - Bussiness.BaseBussiness - Error @Attack=0
2026-09-05 21:58:45,415 - [30] - INFO  - Bussiness.BaseBussiness - Error @Colors=,,,,,,
2026-09-05 21:58:45,415 - [30] - INFO  - Bussiness.BaseBussiness - Error @ConsortiaID=0
2026-09-05 21:58:45,415 - [30] - INFO  - Bussiness.BaseBussiness - Error @Defence=0
2026-09-05 21:58:45,415 - [30] - INFO  - Bussiness.BaseBussiness - Error @Gold=0
2026-09-05 21:58:45,415 - [30] - INFO  - Bussiness.BaseBussiness - Error @GP=1
2026-09-05 21:58:45,415 - [30] - INFO  - Bussiness.BaseBussiness - Error @Grade=1
2026-09-05 21:58:45,415 - [30] - INFO  - Bussiness.BaseBussiness - Error @Luck=0
2026-09-05 21:58:45,415 - [30] - INFO  - Bussiness.BaseBussiness - Error @Money=0
2026-09-05 21:58:45,415 - [30] - INFO  - Bussiness.BaseBussiness - Error @Style=,,,,,,
2026-09-05 21:58:45,415 - [30] - INFO  - Bussiness.BaseBussiness - Error @Agility=0
2026-09-05 21:58:45,415 - [30] - INFO  - Bussiness.BaseBussiness - Error @State=1
2026-09-05 21:58:45,415 - [30] - INFO  - Bussiness.BaseBussiness - Error @Hide=1111111111
2026-09-05 21:58:45,415 - [30] - INFO  - Bussiness.BaseBussiness - Error @ExpendDate=
2026-09-05 21:58:45,415 - [30] - INFO  - Bussiness.BaseBussiness - Error @Win=0
2026-09-05 21:58:45,415 - [30] - INFO  - Bussiness.BaseBussiness - Error @Total=0
2026-09-05 21:58:45,415 - [30] - INFO  - Bussiness.BaseBussiness - Error @Escape=0
2026-09-05 21:58:45,415 - [30] - INFO  - Bussiness.BaseBussiness - Error @Skin=
2026-09-05 21:58:45,415 - [30] - INFO  - Bussiness.BaseBussiness - Error @Offer=0
2026-09-05 21:58:45,415 - [30] - INFO  - Bussiness.BaseBussiness - Error @AntiAddiction=0
2026-09-05 21:58:45,415 - [30] - INFO  - Bussiness.BaseBussiness - Error @Result=
2026-09-05 21:58:45,415 - [30] - INFO  - Bussiness.BaseBussiness - Error @RichesOffer=0
2026-09-05 21:58:45,415 - [30] - INFO  - Bussiness.BaseBussiness - Error @RichesRob=0
2026-09-05 21:58:45,415 - [30] - INFO  - Bussiness.BaseBussiness - Error @CheckCount=0
2026-09-05 21:58:45,415 - [30] - INFO  - Bussiness.BaseBussiness - Error @MarryInfoID=0
2026-09-05 21:58:45,416 - [30] - INFO  - Bussiness.BaseBussiness - Error @DayLoginCount=0
2026-09-05 21:58:45,416 - [30] - INFO  - Bussiness.BaseBussiness - Error @Nimbus=0
2026-09-05 21:58:45,416 - [30] - INFO  - Bussiness.BaseBussiness - Error @LastAward=01/07/1905 00:00:00
2026-09-05 21:58:45,416 - [30] - INFO  - Bussiness.BaseBussiness - Error @GiftToken=0
2026-09-05 21:58:45,416 - [30] - INFO  - Bussiness.BaseBussiness - Error @QuestSite=System.Byte[]
2026-09-05 21:58:45,416 - [30] - INFO  - Bussiness.BaseBussiness - Error @PvePermission=
2026-09-05 21:58:45,416 - [30] - INFO  - Bussiness.BaseBussiness - Error @FightPower=0
2026-09-05 21:58:45,416 - [30] - INFO  - Bussiness.BaseBussiness - Error @AnswerSite=0
2026-09-05 21:58:45,416 - [30] - INFO  - Bussiness.BaseBussiness - Error @LastAuncherAward=01/07/1905 00:00:00
2026-09-05 21:58:45,416 - [30] - INFO  - Bussiness.BaseBussiness - Error @hp=0
2026-09-05 21:58:45,416 - [30] - INFO  - Bussiness.BaseBussiness - Error @ChatCount=0
2026-09-05 21:58:45,416 - [30] - INFO  - Bussiness.BaseBussiness - Error @SpaPubGoldRoomLimit=0
2026-09-05 21:58:45,416 - [30] - INFO  - Bussiness.BaseBussiness - Error @LastSpaDate=05/09/2026 21:33:20
2026-09-05 21:58:45,416 - [30] - INFO  - Bussiness.BaseBussiness - Error @FightLabPermission=10000000000
2026-09-05 21:58:45,416 - [30] - INFO  - Bussiness.BaseBussiness - Error @SpaPubMoneyRoomLimit=0
2026-09-05 21:58:45,416 - [30] - INFO  - Bussiness.BaseBussiness - Error @IsInSpaPubGoldToday=False
2026-09-05 21:58:45,416 - [30] - INFO  - Bussiness.BaseBussiness - Error @IsInSpaPubMoneyToday=False
2026-09-05 21:58:45,416 - [30] - INFO  - Bussiness.BaseBussiness - Error @AchievementPoint=0
2026-09-05 21:58:45,416 - [30] - INFO  - Bussiness.BaseBussiness - Error @LastWeekly=05/09/2026 21:33:20
2026-09-05 21:58:45,416 - [30] - INFO  - Bussiness.BaseBussiness - Error @LastWeeklyVersion=0
2026-09-05 21:58:45,416 - [30] - INFO  - Bussiness.BaseBussiness - Error @WeaklessGuildProgressStr=AgAAAAAAAAAAAAAAAAAAAAAAAAAAAAAAAAAAAAAAAAAAAAAAAAAAAAAAAAAAAAAAAAAAAAAAAAAAAAAAAAAAAAAAAAAAAAAAAAAAAAAAAAAAAAAAAAAAAAAAAAAAAAAAAAAAAAAAAAAAAAAAAAAAAAAAAAAAAAAAAAAAAAAAAAA=
2026-09-05 21:58:45,416 - [30] - INFO  - Bussiness.BaseBussiness - Error @IsOldPlayer=False
2026-09-05 21:58:45,416 - [30] - INFO  - Bussiness.BaseBussiness - Error @VIPLevel=0
2026-09-05 21:58:45,416 - [30] - INFO  - Bussiness.BaseBussiness - Error @VIPExp=0
2026-09-05 21:58:45,416 - [30] - INFO  - Bussiness.BaseBussiness - Error @Score=0
2026-09-05 21:58:45,416 - [30] - INFO  - Bussiness.BaseBussiness - Error @OptionOnOff=0
2026-09-05 21:58:45,416 - [30] - INFO  - Bussiness.BaseBussiness - Error @isOldPlayerHasValidEquitAtLogin=False
2026-09-05 21:58:45,416 - [30] - INFO  - Bussiness.BaseBussiness - Error @badLuckNumber=0
2026-09-05 21:58:45,416 - [30] - INFO  - Bussiness.BaseBussiness - Error @luckyNum=0
2026-09-05 21:58:45,416 - [30] - INFO  - Bussiness.BaseBussiness - Error @lastLuckyNumDate=05/09/2026 21:33:20
2026-09-05 21:58:45,416 - [30] - INFO  - Bussiness.BaseBussiness - Error @lastLuckNum=0
2026-09-05 21:58:45,416 - [30] - INFO  - Bussiness.BaseBussiness - Error @IsShowConsortia=False
2026-09-05 21:58:45,416 - [30] - INFO  - Bussiness.BaseBussiness - Error @NewDay=05/09/2026 21:33:20
2026-09-05 21:58:45,416 - [30] - INFO  - Bussiness.BaseBussiness - Error @Medal=0
2026-09-05 21:58:45,416 - [30] - INFO  - Bussiness.BaseBussiness - Error @Honor=
2026-09-05 21:58:45,416 - [30] - INFO  - Bussiness.BaseBussiness - Error @VIPNextLevelDaysNeeded=0
2026-09-05 21:58:45,416 - [30] - INFO  - Bussiness.BaseBussiness - Error @IsRecharged=False
2026-09-05 21:58:45,416 - [30] - INFO  - Bussiness.BaseBussiness - Error @IsGetAward=False
2026-09-05 21:58:45,416 - [30] - INFO  - Bussiness.BaseBussiness - Error @typeVIP=0
2026-09-05 21:58:45,416 - [30] - INFO  - Bussiness.BaseBussiness - Error @evolutionGrade=0
2026-09-05 21:58:45,416 - [30] - INFO  - Bussiness.BaseBussiness - Error @evolutionExp=0
2026-09-05 21:58:45,416 - [30] - INFO  - Bussiness.BaseBussiness - Error @hardCurrency=0
2026-09-05 21:58:45,416 - [30] - INFO  - Bussiness.BaseBussiness - Error @EliteScore=0
2026-09-05 21:58:45,416 - [30] - INFO  - Bussiness.BaseBussiness - Error @UseOffer=0
2026-09-05 21:58:45,416 - [30] - INFO  - Bussiness.BaseBussiness - Error @ShopFinallyGottenTime=07/08/2016 00:00:00
2026-09-05 21:58:45,416 - [30] - INFO  - Bussiness.BaseBussiness - Error @MoneyLock=0
2026-09-05 21:58:45,416 - [30] - INFO  - Bussiness.BaseBussiness - Error @LastGetEgg=01/07/1905 00:00:00
2026-09-05 21:58:45,416 - [30] - INFO  - Bussiness.BaseBussiness - Error @IsFistGetPet=True
2026-09-05 21:58:45,416 - [30] - INFO  - Bussiness.BaseBussiness - Error @LastRefreshPet=05/09/2026 21:33:20
2026-09-05 21:58:45,416 - [30] - INFO  - Bussiness.BaseBussiness - Error @petScore=0
2026-09-05 21:58:45,416 - [30] - INFO  - Bussiness.BaseBussiness - Error @accumulativeLoginDays=0
2026-09-05 21:58:45,416 - [30] - INFO  - Bussiness.BaseBussiness - Error @accumulativeAwardDays=0
2026-09-05 21:58:45,416 - [30] - INFO  - Bussiness.BaseBussiness - Error @honorId=0
2026-09-05 21:58:45,416 - [30] - INFO  - Bussiness.BaseBussiness - Error @Repute=2
2026-09-05 21:58:45,416 - [30] - INFO  - Bussiness.BaseBussiness - Error @damageScores=0
2026-09-05 21:58:45,416 - [30] - INFO  - Bussiness.BaseBussiness - Error @totemId=0
2026-09-05 21:58:45,416 - [30] - INFO  - Bussiness.BaseBussiness - Error @myHonor=0
2026-09-05 21:58:45,416 - [30] - INFO  - Bussiness.BaseBussiness - Error @MaxBuyHonor=0
2026-09-05 21:58:45,416 - [30] - INFO  - Bussiness.BaseBussiness - Error @necklaceExp=0
2026-09-05 21:58:45,416 - [30] - INFO  - Bussiness.BaseBussiness - Error @necklaceExpAdd=0
2026-09-05 21:58:45,416 - [30] - ERROR - Bussiness.BaseBussiness - Init
System.NullReferenceException: Object reference not set to an instance of an object.
   at Bussiness.PlayerBussiness.UpdatePlayer(PlayerInfo player) in E:\Arquivos\Projetos\DDTank41\Bussiness\PlayerBussiness.cs:line 5801
2026-09-05 21:58:45,420 - [30] - INFO  - Bussiness.BaseBussiness - Error @UserID=2
2026-09-05 21:58:45,420 - [30] - INFO  - Bussiness.BaseBussiness - Error @Attack=0
2026-09-05 21:58:45,420 - [30] - INFO  - Bussiness.BaseBussiness - Error @Colors=,,,,,,
2026-09-05 21:58:45,420 - [30] - INFO  - Bussiness.BaseBussiness - Error @ConsortiaID=0
2026-09-05 21:58:45,420 - [30] - INFO  - Bussiness.BaseBussiness - Error @Defence=0
2026-09-05 21:58:45,420 - [30] - INFO  - Bussiness.BaseBussiness - Error @Gold=0
2026-09-05 21:58:45,420 - [30] - INFO  - Bussiness.BaseBussiness - Error @GP=1
2026-09-05 21:58:45,420 - [30] - INFO  - Bussiness.BaseBussiness - Error @Grade=1
2026-09-05 21:58:45,420 - [30] - INFO  - Bussiness.BaseBussiness - Error @Luck=0
2026-09-05 21:58:45,420 - [30] - INFO  - Bussiness.BaseBussiness - Error @Money=0
2026-09-05 21:58:45,420 - [30] - INFO  - Bussiness.BaseBussiness - Error @Style=,,,,,,
2026-09-05 21:58:45,420 - [30] - INFO  - Bussiness.BaseBussiness - Error @Agility=0
2026-09-05 21:58:45,420 - [30] - INFO  - Bussiness.BaseBussiness - Error @State=1
2026-09-05 21:58:45,420 - [30] - INFO  - Bussiness.BaseBussiness - Error @Hide=1111111111
2026-09-05 21:58:45,420 - [30] - INFO  - Bussiness.BaseBussiness - Error @ExpendDate=
2026-09-05 21:58:45,420 - [30] - INFO  - Bussiness.BaseBussiness - Error @Win=0
2026-09-05 21:58:45,420 - [30] - INFO  - Bussiness.BaseBussiness - Error @Total=0
2026-09-05 21:58:45,420 - [30] - INFO  - Bussiness.BaseBussiness - Error @Escape=0
2026-09-05 21:58:45,420 - [30] - INFO  - Bussiness.BaseBussiness - Error @Skin=
2026-09-05 21:58:45,420 - [30] - INFO  - Bussiness.BaseBussiness - Error @Offer=0
2026-09-05 21:58:45,420 - [30] - INFO  - Bussiness.BaseBussiness - Error @AntiAddiction=0
2026-09-05 21:58:45,420 - [30] - INFO  - Bussiness.BaseBussiness - Error @Result=
2026-09-05 21:58:45,420 - [30] - INFO  - Bussiness.BaseBussiness - Error @RichesOffer=0
2026-09-05 21:58:45,420 - [30] - INFO  - Bussiness.BaseBussiness - Error @RichesRob=0
2026-09-05 21:58:45,420 - [30] - INFO  - Bussiness.BaseBussiness - Error @CheckCount=0
2026-09-05 21:58:45,420 - [30] - INFO  - Bussiness.BaseBussiness - Error @MarryInfoID=0
2026-09-05 21:58:45,420 - [30] - INFO  - Bussiness.BaseBussiness - Error @DayLoginCount=0
2026-09-05 21:58:45,420 - [30] - INFO  - Bussiness.BaseBussiness - Error @Nimbus=0
2026-09-05 21:58:45,420 - [30] - INFO  - Bussiness.BaseBussiness - Error @LastAward=01/07/1905 00:00:00
2026-09-05 21:58:45,420 - [30] - INFO  - Bussiness.BaseBussiness - Error @GiftToken=0
2026-09-05 21:58:45,420 - [30] - INFO  - Bussiness.BaseBussiness - Error @QuestSite=System.Byte[]
2026-09-05 21:58:45,420 - [30] - INFO  - Bussiness.BaseBussiness - Error @PvePermission=
2026-09-05 21:58:45,420 - [30] - INFO  - Bussiness.BaseBussiness - Error @FightPower=0
2026-09-05 21:58:45,420 - [30] - INFO  - Bussiness.BaseBussiness - Error @AnswerSite=0
2026-09-05 21:58:45,420 - [30] - INFO  - Bussiness.BaseBussiness - Error @LastAuncherAward=01/07/1905 00:00:00
2026-09-05 21:58:45,420 - [30] - INFO  - Bussiness.BaseBussiness - Error @hp=0
2026-09-05 21:58:45,420 - [30] - INFO  - Bussiness.BaseBussiness - Error @ChatCount=0
2026-09-05 21:58:45,420 - [30] - INFO  - Bussiness.BaseBussiness - Error @SpaPubGoldRoomLimit=0
2026-09-05 21:58:45,420 - [30] - INFO  - Bussiness.BaseBussiness - Error @LastSpaDate=05/09/2026 21:33:20
2026-09-05 21:58:45,420 - [30] - INFO  - Bussiness.BaseBussiness - Error @FightLabPermission=10000000000
2026-09-05 21:58:45,420 - [30] - INFO  - Bussiness.BaseBussiness - Error @SpaPubMoneyRoomLimit=0
2026-09-05 21:58:45,420 - [30] - INFO  - Bussiness.BaseBussiness - Error @IsInSpaPubGoldToday=False
2026-09-05 21:58:45,420 - [30] - INFO  - Bussiness.BaseBussiness - Error @IsInSpaPubMoneyToday=False
2026-09-05 21:58:45,420 - [30] - INFO  - Bussiness.BaseBussiness - Error @AchievementPoint=0
2026-09-05 21:58:45,420 - [30] - INFO  - Bussiness.BaseBussiness - Error @LastWeekly=05/09/2026 21:33:20
2026-09-05 21:58:45,420 - [30] - INFO  - Bussiness.BaseBussiness - Error @LastWeeklyVersion=0
2026-09-05 21:58:45,420 - [30] - INFO  - Bussiness.BaseBussiness - Error @WeaklessGuildProgressStr=AgAAAAAAAAAAAAAAAAAAAAAAAAAAAAAAAAAAAAAAAAAAAAAAAAAAAAAAAAAAAAAAAAAAAAAAAAAAAAAAAAAAAAAAAAAAAAAAAAAAAAAAAAAAAAAAAAAAAAAAAAAAAAAAAAAAAAAAAAAAAAAAAAAAAAAAAAAAAAAAAAAAAAAAAAA=
2026-09-05 21:58:45,420 - [30] - INFO  - Bussiness.BaseBussiness - Error @IsOldPlayer=False
2026-09-05 21:58:45,420 - [30] - INFO  - Bussiness.BaseBussiness - Error @VIPLevel=0
2026-09-05 21:58:45,420 - [30] - INFO  - Bussiness.BaseBussiness - Error @VIPExp=0
2026-09-05 21:58:45,420 - [30] - INFO  - Bussiness.BaseBussiness - Error @Score=0
2026-09-05 21:58:45,420 - [30] - INFO  - Bussiness.BaseBussiness - Error @OptionOnOff=0
2026-09-05 21:58:45,420 - [30] - INFO  - Bussiness.BaseBussiness - Error @isOldPlayerHasValidEquitAtLogin=False
2026-09-05 21:58:45,420 - [30] - INFO  - Bussiness.BaseBussiness - Error @badLuckNumber=0
2026-09-05 21:58:45,420 - [30] - INFO  - Bussiness.BaseBussiness - Error @luckyNum=0
2026-09-05 21:58:45,420 - [30] - INFO  - Bussiness.BaseBussiness - Error @lastLuckyNumDate=05/09/2026 21:33:20
2026-09-05 21:58:45,420 - [30] - INFO  - Bussiness.BaseBussiness - Error @lastLuckNum=0
2026-09-05 21:58:45,420 - [30] - INFO  - Bussiness.BaseBussiness - Error @IsShowConsortia=False
2026-09-05 21:58:45,420 - [30] - INFO  - Bussiness.BaseBussiness - Error @NewDay=05/09/2026 21:33:20
2026-09-05 21:58:45,420 - [30] - INFO  - Bussiness.BaseBussiness - Error @Medal=0
2026-09-05 21:58:45,420 - [30] - INFO  - Bussiness.BaseBussiness - Error @Honor=
2026-09-05 21:58:45,420 - [30] - INFO  - Bussiness.BaseBussiness - Error @VIPNextLevelDaysNeeded=0
2026-09-05 21:58:45,420 - [30] - INFO  - Bussiness.BaseBussiness - Error @IsRecharged=False
2026-09-05 21:58:45,420 - [30] - INFO  - Bussiness.BaseBussiness - Error @IsGetAward=False
2026-09-05 21:58:45,420 - [30] - INFO  - Bussiness.BaseBussiness - Error @typeVIP=0
2026-09-05 21:58:45,420 - [30] - INFO  - Bussiness.BaseBussiness - Error @evolutionGrade=0
2026-09-05 21:58:45,420 - [30] - INFO  - Bussiness.BaseBussiness - Error @evolutionExp=0
2026-09-05 21:58:45,420 - [30] - INFO  - Bussiness.BaseBussiness - Error @hardCurrency=0
2026-09-05 21:58:45,420 - [30] - INFO  - Bussiness.BaseBussiness - Error @EliteScore=0
2026-09-05 21:58:45,420 - [30] - INFO  - Bussiness.BaseBussiness - Error @UseOffer=0
2026-09-05 21:58:45,420 - [30] - INFO  - Bussiness.BaseBussiness - Error @ShopFinallyGottenTime=07/08/2016 00:00:00
2026-09-05 21:58:45,420 - [30] - INFO  - Bussiness.BaseBussiness - Error @MoneyLock=0
2026-09-05 21:58:45,420 - [30] - INFO  - Bussiness.BaseBussiness - Error @LastGetEgg=01/07/1905 00:00:00
2026-09-05 21:58:45,420 - [30] - INFO  - Bussiness.BaseBussiness - Error @IsFistGetPet=True
2026-09-05 21:58:45,420 - [30] - INFO  - Bussiness.BaseBussiness - Error @LastRefreshPet=05/09/2026 21:33:20
2026-09-05 21:58:45,420 - [30] - INFO  - Bussiness.BaseBussiness - Error @petScore=0
2026-09-05 21:58:45,420 - [30] - INFO  - Bussiness.BaseBussiness - Error @accumulativeLoginDays=0
2026-09-05 21:58:45,420 - [30] - INFO  - Bussiness.BaseBussiness - Error @accumulativeAwardDays=0
2026-09-05 21:58:45,420 - [30] - INFO  - Bussiness.BaseBussiness - Error @honorId=0
2026-09-05 21:58:45,422 - [30] - INFO  - Bussiness.BaseBussiness - Error @Repute=2
2026-09-05 21:58:45,422 - [30] - INFO  - Bussiness.BaseBussiness - Error @damageScores=0
2026-09-05 21:58:45,422 - [30] - INFO  - Bussiness.BaseBussiness - Error @totemId=0
2026-09-05 21:58:45,422 - [30] - INFO  - Bussiness.BaseBussiness - Error @myHonor=0
2026-09-05 21:58:45,422 - [30] - INFO  - Bussiness.BaseBussiness - Error @MaxBuyHonor=0
2026-09-05 21:58:45,422 - [30] - INFO  - Bussiness.BaseBussiness - Error @necklaceExp=0
2026-09-05 21:58:45,422 - [30] - INFO  - Bussiness.BaseBussiness - Error @necklaceExpAdd=0
2026-09-05 21:58:45,422 - [30] - ERROR - Bussiness.BaseBussiness - Init
System.NullReferenceException: Object reference not set to an instance of an object.
   at Bussiness.PlayerBussiness.UpdatePlayer(PlayerInfo player) in E:\Arquivos\Projetos\DDTank41\Bussiness\PlayerBussiness.cs:line 5801
2026-09-05 21:58:45,471 - [30] - INFO  - Bussiness.BaseBussiness - Error @UserID=2
2026-09-05 21:58:45,471 - [30] - INFO  - Bussiness.BaseBussiness - Error @Attack=0
2026-09-05 21:58:45,471 - [30] - INFO  - Bussiness.BaseBussiness - Error @Colors=,,,,,,
2026-09-05 21:58:45,471 - [30] - INFO  - Bussiness.BaseBussiness - Error @ConsortiaID=0
2026-09-05 21:58:45,471 - [30] - INFO  - Bussiness.BaseBussiness - Error @Defence=0
2026-09-05 21:58:45,471 - [30] - INFO  - Bussiness.BaseBussiness - Error @Gold=0
2026-09-05 21:58:45,471 - [30] - INFO  - Bussiness.BaseBussiness - Error @GP=1
2026-09-05 21:58:45,471 - [30] - INFO  - Bussiness.BaseBussiness - Error @Grade=1
2026-09-05 21:58:45,471 - [30] - INFO  - Bussiness.BaseBussiness - Error @Luck=0
2026-09-05 21:58:45,471 - [30] - INFO  - Bussiness.BaseBussiness - Error @Money=0
2026-09-05 21:58:45,471 - [30] - INFO  - Bussiness.BaseBussiness - Error @Style=,,,,,,
2026-09-05 21:58:45,471 - [30] - INFO  - Bussiness.BaseBussiness - Error @Agility=0
2026-09-05 21:58:45,471 - [30] - INFO  - Bussiness.BaseBussiness - Error @State=1
2026-09-05 21:58:45,471 - [30] - INFO  - Bussiness.BaseBussiness - Error @Hide=1111111111
2026-09-05 21:58:45,471 - [30] - INFO  - Bussiness.BaseBussiness - Error @ExpendDate=
2026-09-05 21:58:45,471 - [30] - INFO  - Bussiness.BaseBussiness - Error @Win=0
2026-09-05 21:58:45,471 - [30] - INFO  - Bussiness.BaseBussiness - Error @Total=0
2026-09-05 21:58:45,471 - [30] - INFO  - Bussiness.BaseBussiness - Error @Escape=0
2026-09-05 21:58:45,471 - [30] - INFO  - Bussiness.BaseBussiness - Error @Skin=
2026-09-05 21:58:45,471 - [30] - INFO  - Bussiness.BaseBussiness - Error @Offer=0
2026-09-05 21:58:45,471 - [30] - INFO  - Bussiness.BaseBussiness - Error @AntiAddiction=0
2026-09-05 21:58:45,471 - [30] - INFO  - Bussiness.BaseBussiness - Error @Result=
2026-09-05 21:58:45,471 - [30] - INFO  - Bussiness.BaseBussiness - Error @RichesOffer=0
2026-09-05 21:58:45,471 - [30] - INFO  - Bussiness.BaseBussiness - Error @RichesRob=0
2026-09-05 21:58:45,471 - [30] - INFO  - Bussiness.BaseBussiness - Error @CheckCount=0
2026-09-05 21:58:45,471 - [30] - INFO  - Bussiness.BaseBussiness - Error @MarryInfoID=0
2026-09-05 21:58:45,471 - [30] - INFO  - Bussiness.BaseBussiness - Error @DayLoginCount=0
2026-09-05 21:58:45,471 - [30] - INFO  - Bussiness.BaseBussiness - Error @Nimbus=0
2026-09-05 21:58:45,471 - [30] - INFO  - Bussiness.BaseBussiness - Error @LastAward=01/07/1905 00:00:00
2026-09-05 21:58:45,471 - [30] - INFO  - Bussiness.BaseBussiness - Error @GiftToken=0
2026-09-05 21:58:45,471 - [30] - INFO  - Bussiness.BaseBussiness - Error @QuestSite=System.Byte[]
2026-09-05 21:58:45,471 - [30] - INFO  - Bussiness.BaseBussiness - Error @PvePermission=
2026-09-05 21:58:45,471 - [30] - INFO  - Bussiness.BaseBussiness - Error @FightPower=0
2026-09-05 21:58:45,471 - [30] - INFO  - Bussiness.BaseBussiness - Error @AnswerSite=0
2026-09-05 21:58:45,471 - [30] - INFO  - Bussiness.BaseBussiness - Error @LastAuncherAward=01/07/1905 00:00:00
2026-09-05 21:58:45,471 - [30] - INFO  - Bussiness.BaseBussiness - Error @hp=0
2026-09-05 21:58:45,471 - [30] - INFO  - Bussiness.BaseBussiness - Error @ChatCount=0
2026-09-05 21:58:45,471 - [30] - INFO  - Bussiness.BaseBussiness - Error @SpaPubGoldRoomLimit=0
2026-09-05 21:58:45,471 - [30] - INFO  - Bussiness.BaseBussiness - Error @LastSpaDate=05/09/2026 21:33:20
2026-09-05 21:58:45,471 - [30] - INFO  - Bussiness.BaseBussiness - Error @FightLabPermission=10000000000
2026-09-05 21:58:45,471 - [30] - INFO  - Bussiness.BaseBussiness - Error @SpaPubMoneyRoomLimit=0
2026-09-05 21:58:45,471 - [30] - INFO  - Bussiness.BaseBussiness - Error @IsInSpaPubGoldToday=False
2026-09-05 21:58:45,471 - [30] - INFO  - Bussiness.BaseBussiness - Error @IsInSpaPubMoneyToday=False
2026-09-05 21:58:45,471 - [30] - INFO  - Bussiness.BaseBussiness - Error @AchievementPoint=0
2026-09-05 21:58:45,471 - [30] - INFO  - Bussiness.BaseBussiness - Error @LastWeekly=05/09/2026 21:33:20
2026-09-05 21:58:45,471 - [30] - INFO  - Bussiness.BaseBussiness - Error @LastWeeklyVersion=0
2026-09-05 21:58:45,471 - [30] - INFO  - Bussiness.BaseBussiness - Error @WeaklessGuildProgressStr=AgAAAAAAAAAAAAAAAAAAAAAAAAAAAAAAAAAAAAAAAAAAAAAAAAAAAAAAAAAAAAAAAAAAAAAAAAAAAAAAAAAAAAAAAAAAAAAAAAAAAAAAAAAAAAAAAAAAAAAAAAAAAAAAAAAAAAAAAAAAAAAAAAAAAAAAAAAAAAAAAAAAAAAAAAA=
2026-09-05 21:58:45,471 - [30] - INFO  - Bussiness.BaseBussiness - Error @IsOldPlayer=False
2026-09-05 21:58:45,471 - [30] - INFO  - Bussiness.BaseBussiness - Error @VIPLevel=0
2026-09-05 21:58:45,471 - [30] - INFO  - Bussiness.BaseBussiness - Error @VIPExp=0
2026-09-05 21:58:45,471 - [30] - INFO  - Bussiness.BaseBussiness - Error @Score=0
2026-09-05 21:58:45,471 - [30] - INFO  - Bussiness.BaseBussiness - Error @OptionOnOff=0
2026-09-05 21:58:45,471 - [30] - INFO  - Bussiness.BaseBussiness - Error @isOldPlayerHasValidEquitAtLogin=False
2026-09-05 21:58:45,471 - [30] - INFO  - Bussiness.BaseBussiness - Error @badLuckNumber=0
2026-09-05 21:58:45,471 - [30] - INFO  - Bussiness.BaseBussiness - Error @luckyNum=0
2026-09-05 21:58:45,471 - [30] - INFO  - Bussiness.BaseBussiness - Error @lastLuckyNumDate=05/09/2026 21:33:20
2026-09-05 21:58:45,471 - [30] - INFO  - Bussiness.BaseBussiness - Error @lastLuckNum=0
2026-09-05 21:58:45,471 - [30] - INFO  - Bussiness.BaseBussiness - Error @IsShowConsortia=False
2026-09-05 21:58:45,471 - [30] - INFO  - Bussiness.BaseBussiness - Error @NewDay=05/09/2026 21:33:20
2026-09-05 21:58:45,473 - [30] - INFO  - Bussiness.BaseBussiness - Error @Medal=0
2026-09-05 21:58:45,473 - [30] - INFO  - Bussiness.BaseBussiness - Error @Honor=
2026-09-05 21:58:45,473 - [30] - INFO  - Bussiness.BaseBussiness - Error @VIPNextLevelDaysNeeded=0
2026-09-05 21:58:45,473 - [30] - INFO  - Bussiness.BaseBussiness - Error @IsRecharged=False
2026-09-05 21:58:45,473 - [30] - INFO  - Bussiness.BaseBussiness - Error @IsGetAward=False
2026-09-05 21:58:45,473 - [30] - INFO  - Bussiness.BaseBussiness - Error @typeVIP=0
2026-09-05 21:58:45,473 - [30] - INFO  - Bussiness.BaseBussiness - Error @evolutionGrade=0
2026-09-05 21:58:45,473 - [30] - INFO  - Bussiness.BaseBussiness - Error @evolutionExp=0
2026-09-05 21:58:45,473 - [30] - INFO  - Bussiness.BaseBussiness - Error @hardCurrency=0
2026-09-05 21:58:45,473 - [30] - INFO  - Bussiness.BaseBussiness - Error @EliteScore=0
2026-09-05 21:58:45,473 - [30] - INFO  - Bussiness.BaseBussiness - Error @UseOffer=0
2026-09-05 21:58:45,473 - [30] - INFO  - Bussiness.BaseBussiness - Error @ShopFinallyGottenTime=07/08/2016 00:00:00
2026-09-05 21:58:45,473 - [30] - INFO  - Bussiness.BaseBussiness - Error @MoneyLock=0
2026-09-05 21:58:45,473 - [30] - INFO  - Bussiness.BaseBussiness - Error @LastGetEgg=01/07/1905 00:00:00
2026-09-05 21:58:45,473 - [30] - INFO  - Bussiness.BaseBussiness - Error @IsFistGetPet=True
2026-09-05 21:58:45,473 - [30] - INFO  - Bussiness.BaseBussiness - Error @LastRefreshPet=05/09/2026 21:33:20
2026-09-05 21:58:45,473 - [30] - INFO  - Bussiness.BaseBussiness - Error @petScore=0
2026-09-05 21:58:45,473 - [30] - INFO  - Bussiness.BaseBussiness - Error @accumulativeLoginDays=0
2026-09-05 21:58:45,473 - [30] - INFO  - Bussiness.BaseBussiness - Error @accumulativeAwardDays=0
2026-09-05 21:58:45,473 - [30] - INFO  - Bussiness.BaseBussiness - Error @honorId=0
2026-09-05 21:58:45,473 - [30] - INFO  - Bussiness.BaseBussiness - Error @Repute=2
2026-09-05 21:58:45,473 - [30] - INFO  - Bussiness.BaseBussiness - Error @damageScores=0
2026-09-05 21:58:45,473 - [30] - INFO  - Bussiness.BaseBussiness - Error @totemId=0
2026-09-05 21:58:45,473 - [30] - INFO  - Bussiness.BaseBussiness - Error @myHonor=0
2026-09-05 21:58:45,473 - [30] - INFO  - Bussiness.BaseBussiness - Error @MaxBuyHonor=0
2026-09-05 21:58:45,473 - [30] - INFO  - Bussiness.BaseBussiness - Error @necklaceExp=0
2026-09-05 21:58:45,473 - [30] - INFO  - Bussiness.BaseBussiness - Error @necklaceExpAdd=0
2026-09-05 21:58:45,473 - [30] - ERROR - Bussiness.BaseBussiness - Init
System.NullReferenceException: Object reference not set to an instance of an object.
   at Bussiness.PlayerBussiness.UpdatePlayer(PlayerInfo player) in E:\Arquivos\Projetos\DDTank41\Bussiness\PlayerBussiness.cs:line 5801
2026-09-05 21:59:02,078 - [29] - INFO  - Game.Server.GameServer - Little Game Scaning ...
2026-09-05 21:59:02,078 - [29] - INFO  - Game.Server.GameServer - LittleGame today scan completed!
2026-09-05 21:59:02,078 - [29] - INFO  - Game.Server.GameServer - GameMgr Scaning ...
2026-09-05 21:59:02,078 - [29] - INFO  - Game.Server.GameServer - GameMgr.SynDate: 1
2026-09-05 21:59:02,078 - [29] - INFO  - Game.Server.GameServer - GameMgr Scan complete!
2026-09-05 21:59:09,130 - [30] - INFO  - Game.Server.GameServer - Saving database...
2026-09-05 21:59:09,133 - [30] - INFO  - Bussiness.BaseBussiness - Error @UserID=2
2026-09-05 21:59:09,133 - [30] - INFO  - Bussiness.BaseBussiness - Error @Attack=0
2026-09-05 21:59:09,133 - [30] - INFO  - Bussiness.BaseBussiness - Error @Colors=,,,,,,,,,,,,,,,
2026-09-05 21:59:09,133 - [30] - INFO  - Bussiness.BaseBussiness - Error @ConsortiaID=0
2026-09-05 21:59:09,133 - [30] - INFO  - Bussiness.BaseBussiness - Error @Defence=0
2026-09-05 21:59:09,133 - [30] - INFO  - Bussiness.BaseBussiness - Error @Gold=0
2026-09-05 21:59:09,133 - [30] - INFO  - Bussiness.BaseBussiness - Error @GP=1
2026-09-05 21:59:09,133 - [30] - INFO  - Bussiness.BaseBussiness - Error @Grade=1
2026-09-05 21:59:09,133 - [30] - INFO  - Bussiness.BaseBussiness - Error @Luck=10
2026-09-05 21:59:09,133 - [30] - INFO  - Bussiness.BaseBussiness - Error @Money=0
2026-09-05 21:59:09,133 - [30] - INFO  - Bussiness.BaseBussiness - Error @Style=,,,,,,,,,,,,,,,
2026-09-05 21:59:09,133 - [30] - INFO  - Bussiness.BaseBussiness - Error @Agility=0
2026-09-05 21:59:09,133 - [30] - INFO  - Bussiness.BaseBussiness - Error @State=1
2026-09-05 21:59:09,133 - [30] - INFO  - Bussiness.BaseBussiness - Error @Hide=1111111111
2026-09-05 21:59:09,133 - [30] - INFO  - Bussiness.BaseBussiness - Error @ExpendDate=
2026-09-05 21:59:09,133 - [30] - INFO  - Bussiness.BaseBussiness - Error @Win=0
2026-09-05 21:59:09,133 - [30] - INFO  - Bussiness.BaseBussiness - Error @Total=0
2026-09-05 21:59:09,133 - [30] - INFO  - Bussiness.BaseBussiness - Error @Escape=0
2026-09-05 21:59:09,133 - [30] - INFO  - Bussiness.BaseBussiness - Error @Skin=
2026-09-05 21:59:09,134 - [30] - INFO  - Bussiness.BaseBussiness - Error @Offer=0
2026-09-05 21:59:09,134 - [30] - INFO  - Bussiness.BaseBussiness - Error @AntiAddiction=0
2026-09-05 21:59:09,134 - [30] - INFO  - Bussiness.BaseBussiness - Error @Result=
2026-09-05 21:59:09,134 - [30] - INFO  - Bussiness.BaseBussiness - Error @RichesOffer=0
2026-09-05 21:59:09,134 - [30] - INFO  - Bussiness.BaseBussiness - Error @RichesRob=0
2026-09-05 21:59:09,134 - [30] - INFO  - Bussiness.BaseBussiness - Error @CheckCount=0
2026-09-05 21:59:09,134 - [30] - INFO  - Bussiness.BaseBussiness - Error @MarryInfoID=0
2026-09-05 21:59:09,134 - [30] - INFO  - Bussiness.BaseBussiness - Error @DayLoginCount=0
2026-09-05 21:59:09,134 - [30] - INFO  - Bussiness.BaseBussiness - Error @Nimbus=0
2026-09-05 21:59:09,134 - [30] - INFO  - Bussiness.BaseBussiness - Error @LastAward=01/07/1905 00:00:00
2026-09-05 21:59:09,134 - [30] - INFO  - Bussiness.BaseBussiness - Error @GiftToken=0
2026-09-05 21:59:09,134 - [30] - INFO  - Bussiness.BaseBussiness - Error @QuestSite=System.Byte[]
2026-09-05 21:59:09,134 - [30] - INFO  - Bussiness.BaseBussiness - Error @PvePermission=
2026-09-05 21:59:09,134 - [30] - INFO  - Bussiness.BaseBussiness - Error @FightPower=475
2026-09-05 21:59:09,134 - [30] - INFO  - Bussiness.BaseBussiness - Error @AnswerSite=0
2026-09-05 21:59:09,134 - [30] - INFO  - Bussiness.BaseBussiness - Error @LastAuncherAward=01/07/1905 00:00:00
2026-09-05 21:59:09,134 - [30] - INFO  - Bussiness.BaseBussiness - Error @hp=500
2026-09-05 21:59:09,134 - [30] - INFO  - Bussiness.BaseBussiness - Error @ChatCount=0
2026-09-05 21:59:09,134 - [30] - INFO  - Bussiness.BaseBussiness - Error @SpaPubGoldRoomLimit=0
2026-09-05 21:59:09,134 - [30] - INFO  - Bussiness.BaseBussiness - Error @LastSpaDate=05/09/2026 21:33:20
2026-09-05 21:59:09,134 - [30] - INFO  - Bussiness.BaseBussiness - Error @FightLabPermission=10000000000
2026-09-05 21:59:09,134 - [30] - INFO  - Bussiness.BaseBussiness - Error @SpaPubMoneyRoomLimit=0
2026-09-05 21:59:09,134 - [30] - INFO  - Bussiness.BaseBussiness - Error @IsInSpaPubGoldToday=False
2026-09-05 21:59:09,134 - [30] - INFO  - Bussiness.BaseBussiness - Error @IsInSpaPubMoneyToday=False
2026-09-05 21:59:09,134 - [30] - INFO  - Bussiness.BaseBussiness - Error @AchievementPoint=0
2026-09-05 21:59:09,134 - [30] - INFO  - Bussiness.BaseBussiness - Error @LastWeekly=05/09/2026 21:33:20
2026-09-05 21:59:09,134 - [30] - INFO  - Bussiness.BaseBussiness - Error @LastWeeklyVersion=0
2026-09-05 21:59:09,134 - [30] - INFO  - Bussiness.BaseBussiness - Error @WeaklessGuildProgressStr=AgAAAAAAAAAAAAAAAAAAAAAAAAAAAAAAAAAAAAAAAAAAAAAAAAAAAAAAAAAAAAAAAAAAAAAAAAAAAAAAAAAAAAAAAAAAAAAAAAAAAAAAAAAAAAAAAAAAAAAAAAAAAAAAAAAAAAAAAAAAAAAAAAAAAAAAAAAAAAAAAAAAAAAAAAA=
2026-09-05 21:59:09,134 - [30] - INFO  - Bussiness.BaseBussiness - Error @IsOldPlayer=False
2026-09-05 21:59:09,134 - [30] - INFO  - Bussiness.BaseBussiness - Error @VIPLevel=0
2026-09-05 21:59:09,134 - [30] - INFO  - Bussiness.BaseBussiness - Error @VIPExp=0
2026-09-05 21:59:09,134 - [30] - INFO  - Bussiness.BaseBussiness - Error @Score=0
2026-09-05 21:59:09,134 - [30] - INFO  - Bussiness.BaseBussiness - Error @OptionOnOff=0
2026-09-05 21:59:09,134 - [30] - INFO  - Bussiness.BaseBussiness - Error @isOldPlayerHasValidEquitAtLogin=False
2026-09-05 21:59:09,134 - [30] - INFO  - Bussiness.BaseBussiness - Error @badLuckNumber=0
2026-09-05 21:59:09,134 - [30] - INFO  - Bussiness.BaseBussiness - Error @luckyNum=0
2026-09-05 21:59:09,134 - [30] - INFO  - Bussiness.BaseBussiness - Error @lastLuckyNumDate=05/09/2026 21:33:20
2026-09-05 21:59:09,134 - [30] - INFO  - Bussiness.BaseBussiness - Error @lastLuckNum=0
2026-09-05 21:59:09,134 - [30] - INFO  - Bussiness.BaseBussiness - Error @IsShowConsortia=False
2026-09-05 21:59:09,134 - [30] - INFO  - Bussiness.BaseBussiness - Error @NewDay=05/09/2026 21:33:20
2026-09-05 21:59:09,134 - [30] - INFO  - Bussiness.BaseBussiness - Error @Medal=0
2026-09-05 21:59:09,134 - [30] - INFO  - Bussiness.BaseBussiness - Error @Honor=
2026-09-05 21:59:09,134 - [30] - INFO  - Bussiness.BaseBussiness - Error @VIPNextLevelDaysNeeded=0
2026-09-05 21:59:09,134 - [30] - INFO  - Bussiness.BaseBussiness - Error @IsRecharged=False
2026-09-05 21:59:09,134 - [30] - INFO  - Bussiness.BaseBussiness - Error @IsGetAward=False
2026-09-05 21:59:09,134 - [30] - INFO  - Bussiness.BaseBussiness - Error @typeVIP=0
2026-09-05 21:59:09,134 - [30] - INFO  - Bussiness.BaseBussiness - Error @evolutionGrade=0
2026-09-05 21:59:09,134 - [30] - INFO  - Bussiness.BaseBussiness - Error @evolutionExp=0
2026-09-05 21:59:09,134 - [30] - INFO  - Bussiness.BaseBussiness - Error @hardCurrency=0
2026-09-05 21:59:09,134 - [30] - INFO  - Bussiness.BaseBussiness - Error @EliteScore=0
2026-09-05 21:59:09,134 - [30] - INFO  - Bussiness.BaseBussiness - Error @UseOffer=0
2026-09-05 21:59:09,134 - [30] - INFO  - Bussiness.BaseBussiness - Error @ShopFinallyGottenTime=07/08/2016 00:00:00
2026-09-05 21:59:09,134 - [30] - INFO  - Bussiness.BaseBussiness - Error @MoneyLock=0
2026-09-05 21:59:09,134 - [30] - INFO  - Bussiness.BaseBussiness - Error @LastGetEgg=01/07/1905 00:00:00
2026-09-05 21:59:09,134 - [30] - INFO  - Bussiness.BaseBussiness - Error @IsFistGetPet=True
2026-09-05 21:59:09,134 - [30] - INFO  - Bussiness.BaseBussiness - Error @LastRefreshPet=05/09/2026 21:33:20
2026-09-05 21:59:09,134 - [30] - INFO  - Bussiness.BaseBussiness - Error @petScore=0
2026-09-05 21:59:09,134 - [30] - INFO  - Bussiness.BaseBussiness - Error @accumulativeLoginDays=0
2026-09-05 21:59:09,134 - [30] - INFO  - Bussiness.BaseBussiness - Error @accumulativeAwardDays=0
2026-09-05 21:59:09,134 - [30] - INFO  - Bussiness.BaseBussiness - Error @honorId=0
2026-09-05 21:59:09,134 - [30] - INFO  - Bussiness.BaseBussiness - Error @Repute=2
2026-09-05 21:59:09,134 - [30] - INFO  - Bussiness.BaseBussiness - Error @damageScores=0
2026-09-05 21:59:09,134 - [30] - INFO  - Bussiness.BaseBussiness - Error @totemId=0
2026-09-05 21:59:09,134 - [30] - INFO  - Bussiness.BaseBussiness - Error @myHonor=0
2026-09-05 21:59:09,134 - [30] - INFO  - Bussiness.BaseBussiness - Error @MaxBuyHonor=0
2026-09-05 21:59:09,134 - [30] - INFO  - Bussiness.BaseBussiness - Error @necklaceExp=0
2026-09-05 21:59:09,134 - [30] - INFO  - Bussiness.BaseBussiness - Error @necklaceExpAdd=0
2026-09-05 21:59:09,134 - [30] - ERROR - Bussiness.BaseBussiness - Init
System.NullReferenceException: Object reference not set to an instance of an object.
   at Bussiness.PlayerBussiness.UpdatePlayer(PlayerInfo player) in E:\Arquivos\Projetos\DDTank41\Bussiness\PlayerBussiness.cs:line 5801
2026-09-05 21:59:09,137 - [30] - INFO  - Bussiness.BaseBussiness - Error @UserID=2
2026-09-05 21:59:09,137 - [30] - INFO  - Bussiness.BaseBussiness - Error @Attack=0
2026-09-05 21:59:09,137 - [30] - INFO  - Bussiness.BaseBussiness - Error @Colors=,,,,,,,,,,,,,,,
2026-09-05 21:59:09,137 - [30] - INFO  - Bussiness.BaseBussiness - Error @ConsortiaID=0
2026-09-05 21:59:09,137 - [30] - INFO  - Bussiness.BaseBussiness - Error @Defence=0
2026-09-05 21:59:09,137 - [30] - INFO  - Bussiness.BaseBussiness - Error @Gold=0
2026-09-05 21:59:09,137 - [30] - INFO  - Bussiness.BaseBussiness - Error @GP=1
2026-09-05 21:59:09,137 - [30] - INFO  - Bussiness.BaseBussiness - Error @Grade=1
2026-09-05 21:59:09,137 - [30] - INFO  - Bussiness.BaseBussiness - Error @Luck=10
2026-09-05 21:59:09,137 - [30] - INFO  - Bussiness.BaseBussiness - Error @Money=0
2026-09-05 21:59:09,137 - [30] - INFO  - Bussiness.BaseBussiness - Error @Style=,,,,,,,,,,,,,,,
2026-09-05 21:59:09,137 - [30] - INFO  - Bussiness.BaseBussiness - Error @Agility=0
2026-09-05 21:59:09,137 - [30] - INFO  - Bussiness.BaseBussiness - Error @State=1
2026-09-05 21:59:09,137 - [30] - INFO  - Bussiness.BaseBussiness - Error @Hide=1111111111
2026-09-05 21:59:09,137 - [30] - INFO  - Bussiness.BaseBussiness - Error @ExpendDate=
2026-09-05 21:59:09,137 - [30] - INFO  - Bussiness.BaseBussiness - Error @Win=0
2026-09-05 21:59:09,137 - [30] - INFO  - Bussiness.BaseBussiness - Error @Total=0
2026-09-05 21:59:09,137 - [30] - INFO  - Bussiness.BaseBussiness - Error @Escape=0
2026-09-05 21:59:09,137 - [30] - INFO  - Bussiness.BaseBussiness - Error @Skin=
2026-09-05 21:59:09,137 - [30] - INFO  - Bussiness.BaseBussiness - Error @Offer=0
2026-09-05 21:59:09,137 - [30] - INFO  - Bussiness.BaseBussiness - Error @AntiAddiction=0
2026-09-05 21:59:09,137 - [30] - INFO  - Bussiness.BaseBussiness - Error @Result=
2026-09-05 21:59:09,137 - [30] - INFO  - Bussiness.BaseBussiness - Error @RichesOffer=0
2026-09-05 21:59:09,137 - [30] - INFO  - Bussiness.BaseBussiness - Error @RichesRob=0
2026-09-05 21:59:09,137 - [30] - INFO  - Bussiness.BaseBussiness - Error @CheckCount=0
2026-09-05 21:59:09,137 - [30] - INFO  - Bussiness.BaseBussiness - Error @MarryInfoID=0
2026-09-05 21:59:09,137 - [30] - INFO  - Bussiness.BaseBussiness - Error @DayLoginCount=0
2026-09-05 21:59:09,137 - [30] - INFO  - Bussiness.BaseBussiness - Error @Nimbus=0
2026-09-05 21:59:09,137 - [30] - INFO  - Bussiness.BaseBussiness - Error @LastAward=01/07/1905 00:00:00
2026-09-05 21:59:09,137 - [30] - INFO  - Bussiness.BaseBussiness - Error @GiftToken=0
2026-09-05 21:59:09,137 - [30] - INFO  - Bussiness.BaseBussiness - Error @QuestSite=System.Byte[]
2026-09-05 21:59:09,137 - [30] - INFO  - Bussiness.BaseBussiness - Error @PvePermission=
2026-09-05 21:59:09,137 - [30] - INFO  - Bussiness.BaseBussiness - Error @FightPower=475
2026-09-05 21:59:09,137 - [30] - INFO  - Bussiness.BaseBussiness - Error @AnswerSite=0
2026-09-05 21:59:09,137 - [30] - INFO  - Bussiness.BaseBussiness - Error @LastAuncherAward=01/07/1905 00:00:00
2026-09-05 21:59:09,137 - [30] - INFO  - Bussiness.BaseBussiness - Error @hp=500
2026-09-05 21:59:09,137 - [30] - INFO  - Bussiness.BaseBussiness - Error @ChatCount=0
2026-09-05 21:59:09,137 - [30] - INFO  - Bussiness.BaseBussiness - Error @SpaPubGoldRoomLimit=0
2026-09-05 21:59:09,137 - [30] - INFO  - Bussiness.BaseBussiness - Error @LastSpaDate=05/09/2026 21:33:20
2026-09-05 21:59:09,137 - [30] - INFO  - Bussiness.BaseBussiness - Error @FightLabPermission=10000000000
2026-09-05 21:59:09,137 - [30] - INFO  - Bussiness.BaseBussiness - Error @SpaPubMoneyRoomLimit=0
2026-09-05 21:59:09,137 - [30] - INFO  - Bussiness.BaseBussiness - Error @IsInSpaPubGoldToday=False
2026-09-05 21:59:09,137 - [30] - INFO  - Bussiness.BaseBussiness - Error @IsInSpaPubMoneyToday=False
2026-09-05 21:59:09,137 - [30] - INFO  - Bussiness.BaseBussiness - Error @AchievementPoint=0
2026-09-05 21:59:09,137 - [30] - INFO  - Bussiness.BaseBussiness - Error @LastWeekly=05/09/2026 21:33:20
2026-09-05 21:59:09,137 - [30] - INFO  - Bussiness.BaseBussiness - Error @LastWeeklyVersion=0
2026-09-05 21:59:09,137 - [30] - INFO  - Bussiness.BaseBussiness - Error @WeaklessGuildProgressStr=AgAAAAAAAAAAAAAAAAAAAAAAAAAAAAAAAAAAAAAAAAAAAAAAAAAAAAAAAAAAAAAAAAAAAAAAAAAAAAAAAAAAAAAAAAAAAAAAAAAAAAAAAAAAAAAAAAAAAAAAAAAAAAAAAAAAAAAAAAAAAAAAAAAAAAAAAAAAAAAAAAAAAAAAAAA=
2026-09-05 21:59:09,137 - [30] - INFO  - Bussiness.BaseBussiness - Error @IsOldPlayer=False
2026-09-05 21:59:09,137 - [30] - INFO  - Bussiness.BaseBussiness - Error @VIPLevel=0
2026-09-05 21:59:09,137 - [30] - INFO  - Bussiness.BaseBussiness - Error @VIPExp=0
2026-09-05 21:59:09,137 - [30] - INFO  - Bussiness.BaseBussiness - Error @Score=0
2026-09-05 21:59:09,137 - [30] - INFO  - Bussiness.BaseBussiness - Error @OptionOnOff=0
2026-09-05 21:59:09,137 - [30] - INFO  - Bussiness.BaseBussiness - Error @isOldPlayerHasValidEquitAtLogin=False
2026-09-05 21:59:09,137 - [30] - INFO  - Bussiness.BaseBussiness - Error @badLuckNumber=0
2026-09-05 21:59:09,137 - [30] - INFO  - Bussiness.BaseBussiness - Error @luckyNum=0
2026-09-05 21:59:09,137 - [30] - INFO  - Bussiness.BaseBussiness - Error @lastLuckyNumDate=05/09/2026 21:33:20
2026-09-05 21:59:09,137 - [30] - INFO  - Bussiness.BaseBussiness - Error @lastLuckNum=0
2026-09-05 21:59:09,137 - [30] - INFO  - Bussiness.BaseBussiness - Error @IsShowConsortia=False
2026-09-05 21:59:09,137 - [30] - INFO  - Bussiness.BaseBussiness - Error @NewDay=05/09/2026 21:33:20
2026-09-05 21:59:09,137 - [30] - INFO  - Bussiness.BaseBussiness - Error @Medal=0
2026-09-05 21:59:09,137 - [30] - INFO  - Bussiness.BaseBussiness - Error @Honor=
2026-09-05 21:59:09,138 - [30] - INFO  - Bussiness.BaseBussiness - Error @VIPNextLevelDaysNeeded=0
2026-09-05 21:59:09,138 - [30] - INFO  - Bussiness.BaseBussiness - Error @IsRecharged=False
2026-09-05 21:59:09,138 - [30] - INFO  - Bussiness.BaseBussiness - Error @IsGetAward=False
2026-09-05 21:59:09,138 - [30] - INFO  - Bussiness.BaseBussiness - Error @typeVIP=0
2026-09-05 21:59:09,138 - [30] - INFO  - Bussiness.BaseBussiness - Error @evolutionGrade=0
2026-09-05 21:59:09,138 - [30] - INFO  - Bussiness.BaseBussiness - Error @evolutionExp=0
2026-09-05 21:59:09,138 - [30] - INFO  - Bussiness.BaseBussiness - Error @hardCurrency=0
2026-09-05 21:59:09,138 - [30] - INFO  - Bussiness.BaseBussiness - Error @EliteScore=0
2026-09-05 21:59:09,138 - [30] - INFO  - Bussiness.BaseBussiness - Error @UseOffer=0
2026-09-05 21:59:09,138 - [30] - INFO  - Bussiness.BaseBussiness - Error @ShopFinallyGottenTime=07/08/2016 00:00:00
2026-09-05 21:59:09,138 - [30] - INFO  - Bussiness.BaseBussiness - Error @MoneyLock=0
2026-09-05 21:59:09,138 - [30] - INFO  - Bussiness.BaseBussiness - Error @LastGetEgg=01/07/1905 00:00:00
2026-09-05 21:59:09,138 - [30] - INFO  - Bussiness.BaseBussiness - Error @IsFistGetPet=True
2026-09-05 21:59:09,138 - [30] - INFO  - Bussiness.BaseBussiness - Error @LastRefreshPet=05/09/2026 21:33:20
2026-09-05 21:59:09,138 - [30] - INFO  - Bussiness.BaseBussiness - Error @petScore=0
2026-09-05 21:59:09,138 - [30] - INFO  - Bussiness.BaseBussiness - Error @accumulativeLoginDays=0
2026-09-05 21:59:09,138 - [30] - INFO  - Bussiness.BaseBussiness - Error @accumulativeAwardDays=0
2026-09-05 21:59:09,138 - [30] - INFO  - Bussiness.BaseBussiness - Error @honorId=0
2026-09-05 21:59:09,138 - [30] - INFO  - Bussiness.BaseBussiness - Error @Repute=2
2026-09-05 21:59:09,138 - [30] - INFO  - Bussiness.BaseBussiness - Error @damageScores=0
2026-09-05 21:59:09,138 - [30] - INFO  - Bussiness.BaseBussiness - Error @totemId=0
2026-09-05 21:59:09,138 - [30] - INFO  - Bussiness.BaseBussiness - Error @myHonor=0
2026-09-05 21:59:09,138 - [30] - INFO  - Bussiness.BaseBussiness - Error @MaxBuyHonor=0
2026-09-05 21:59:09,138 - [30] - INFO  - Bussiness.BaseBussiness - Error @necklaceExp=0
2026-09-05 21:59:09,138 - [30] - INFO  - Bussiness.BaseBussiness - Error @necklaceExpAdd=0
2026-09-05 21:59:09,138 - [30] - ERROR - Bussiness.BaseBussiness - Init
System.NullReferenceException: Object reference not set to an instance of an object.
   at Bussiness.PlayerBussiness.UpdatePlayer(PlayerInfo player) in E:\Arquivos\Projetos\DDTank41\Bussiness\PlayerBussiness.cs:line 5801
2026-09-05 21:59:09,187 - [30] - INFO  - Game.Server.GameServer - Saving database complete!
2026-09-05 21:59:09,187 - [30] - INFO  - Game.Server.GameServer - Saved all databases and 1 players in 63ms
2026-09-05 21:59:10,127 - [31] - INFO  - Game.Server.GameServer - Buff Scaning ...
2026-09-05 21:59:10,127 - [31] - INFO  - Game.Server.GameServer - Buff Scan complete!
2026-09-05 21:59:10,127 - [31] - INFO  - Game.Server.GameServer - Buff all 1 players in 0ms
2026-09-05 21:59:10,127 - [31] - INFO  - Game.Server.GameServer - GameMgr Scaning ...
2026-09-05 21:59:10,127 - [31] - INFO  - Game.Server.GameServer - GameMgr.SynDate: 1
2026-09-05 21:59:10,127 - [31] - INFO  - Game.Server.GameServer - GameMgr Scan complete!
2026-09-05 22:00:02,097 - [30] - INFO  - Game.Server.GameServer - Little Game Scaning ...
2026-09-05 22:00:02,097 - [30] - INFO  - Game.Server.GameServer - LittleGame today scan completed!
2026-09-05 22:00:02,097 - [30] - INFO  - Game.Server.GameServer - GameMgr Scaning ...
2026-09-05 22:00:02,097 - [30] - INFO  - Game.Server.GameServer - GameMgr.SynDate: 1
2026-09-05 22:00:02,097 - [30] - INFO  - Game.Server.GameServer - GameMgr Scan complete!
2026-09-05 22:00:09,329 - [31] - INFO  - Game.Server.GameServer - Begin ping check....
2026-09-05 22:00:09,330 - [31] - INFO  - Game.Server.GameServer - End ping check....
2026-09-05 22:00:09,330 - [31] - INFO  - Game.Server.GameServer - Begin ping center check....
2026-09-05 22:00:09,330 - [31] - INFO  - Game.Server.GameServer - End ping center check....
2026-09-05 22:00:10,140 - [29] - INFO  - Game.Server.GameServer - Buff Scaning ...
2026-09-05 22:00:10,140 - [29] - INFO  - Game.Server.GameServer - Buff Scan complete!
2026-09-05 22:00:10,140 - [29] - INFO  - Game.Server.GameServer - Buff all 1 players in 0ms
2026-09-05 22:00:10,140 - [29] - INFO  - Game.Server.GameServer - GameMgr Scaning ...
2026-09-05 22:00:10,140 - [29] - INFO  - Game.Server.GameServer - GameMgr.SynDate: 1
2026-09-05 22:00:10,140 - [29] - INFO  - Game.Server.GameServer - GameMgr Scan complete!
2026-09-05 22:01:02,105 - [29] - INFO  - Game.Server.GameServer - Little Game Scaning ...
2026-09-05 22:01:02,105 - [29] - INFO  - Game.Server.GameServer - LittleGame today scan completed!
2026-09-05 22:01:02,105 - [29] - INFO  - Game.Server.GameServer - GameMgr Scaning ...
2026-09-05 22:01:02,105 - [29] - INFO  - Game.Server.GameServer - GameMgr.SynDate: 1
2026-09-05 22:01:02,105 - [29] - INFO  - Game.Server.GameServer - GameMgr Scan complete!
2026-09-05 22:01:10,149 - [30] - INFO  - Game.Server.GameServer - Buff Scaning ...
2026-09-05 22:01:10,149 - [30] - INFO  - Game.Server.GameServer - Buff Scan complete!
2026-09-05 22:01:10,149 - [30] - INFO  - Game.Server.GameServer - Buff all 1 players in 0ms
2026-09-05 22:01:10,149 - [30] - INFO  - Game.Server.GameServer - GameMgr Scaning ...
2026-09-05 22:01:10,149 - [30] - INFO  - Game.Server.GameServer - GameMgr.SynDate: 1
2026-09-05 22:01:10,149 - [30] - INFO  - Game.Server.GameServer - GameMgr Scan complete!
2026-09-05 22:02:02,115 - [30] - INFO  - Game.Server.GameServer - Little Game Scaning ...
2026-09-05 22:02:02,115 - [30] - INFO  - Game.Server.GameServer - LittleGame today scan completed!
2026-09-05 22:02:02,115 - [30] - INFO  - Game.Server.GameServer - GameMgr Scaning ...
2026-09-05 22:02:02,115 - [30] - INFO  - Game.Server.GameServer - GameMgr.SynDate: 1
2026-09-05 22:02:02,115 - [30] - INFO  - Game.Server.GameServer - GameMgr Scan complete!
2026-09-05 22:02:10,163 - [29] - INFO  - Game.Server.GameServer - Buff Scaning ...
2026-09-05 22:02:10,163 - [29] - INFO  - Game.Server.GameServer - Buff Scan complete!
2026-09-05 22:02:10,163 - [29] - INFO  - Game.Server.GameServer - Buff all 1 players in 0ms
2026-09-05 22:02:10,163 - [29] - INFO  - Game.Server.GameServer - GameMgr Scaning ...
2026-09-05 22:02:10,163 - [29] - INFO  - Game.Server.GameServer - GameMgr.SynDate: 1
2026-09-05 22:02:10,163 - [29] - INFO  - Game.Server.GameServer - GameMgr Scan complete!
2026-09-05 22:03:02,127 - [29] - INFO  - Game.Server.GameServer - Little Game Scaning ...
2026-09-05 22:03:02,127 - [29] - INFO  - Game.Server.GameServer - LittleGame today scan completed!
2026-09-05 22:03:02,127 - [29] - INFO  - Game.Server.GameServer - GameMgr Scaning ...
2026-09-05 22:03:02,127 - [29] - INFO  - Game.Server.GameServer - GameMgr.SynDate: 1
2026-09-05 22:03:02,127 - [29] - INFO  - Game.Server.GameServer - GameMgr Scan complete!
2026-09-05 22:03:09,342 - [31] - INFO  - Game.Server.GameServer - Begin ping check....
2026-09-05 22:03:09,342 - [31] - INFO  - Game.Server.GameServer - End ping check....
2026-09-05 22:03:09,342 - [31] - INFO  - Game.Server.GameServer - Begin ping center check....
2026-09-05 22:03:09,342 - [31] - INFO  - Game.Server.GameServer - End ping center check....
2026-09-05 22:03:10,172 - [31] - INFO  - Game.Server.GameServer - Buff Scaning ...
2026-09-05 22:03:10,172 - [31] - INFO  - Game.Server.GameServer - Buff Scan complete!
2026-09-05 22:03:10,172 - [31] - INFO  - Game.Server.GameServer - Buff all 1 players in 0ms
2026-09-05 22:03:10,172 - [31] - INFO  - Game.Server.GameServer - GameMgr Scaning ...
2026-09-05 22:03:10,172 - [31] - INFO  - Game.Server.GameServer - GameMgr.SynDate: 1
2026-09-05 22:03:10,172 - [31] - INFO  - Game.Server.GameServer - GameMgr Scan complete!
2026-09-05 22:04:02,138 - [30] - INFO  - Game.Server.GameServer - Little Game Scaning ...
2026-09-05 22:04:02,138 - [30] - INFO  - Game.Server.GameServer - LittleGame today scan completed!
2026-09-05 22:04:02,138 - [30] - INFO  - Game.Server.GameServer - GameMgr Scaning ...
2026-09-05 22:04:02,138 - [30] - INFO  - Game.Server.GameServer - GameMgr.SynDate: 1
2026-09-05 22:04:02,139 - [30] - INFO  - Game.Server.GameServer - GameMgr Scan complete!
2026-09-05 22:04:10,190 - [29] - INFO  - Game.Server.GameServer - Buff Scaning ...
2026-09-05 22:04:10,190 - [29] - INFO  - Game.Server.GameServer - Buff Scan complete!
2026-09-05 22:04:10,190 - [29] - INFO  - Game.Server.GameServer - Buff all 1 players in 0ms
2026-09-05 22:04:10,190 - [29] - INFO  - Game.Server.GameServer - GameMgr Scaning ...
2026-09-05 22:04:10,190 - [29] - INFO  - Game.Server.GameServer - GameMgr.SynDate: 1
2026-09-05 22:04:10,190 - [29] - INFO  - Game.Server.GameServer - GameMgr Scan complete!
2026-09-05 22:05:02,141 - [49] - INFO  - Game.Server.GameServer - Little Game Scaning ...
2026-09-05 22:05:02,141 - [49] - INFO  - Game.Server.GameServer - LittleGame today scan completed!
2026-09-05 22:05:02,141 - [49] - INFO  - Game.Server.GameServer - GameMgr Scaning ...
2026-09-05 22:05:02,141 - [49] - INFO  - Game.Server.GameServer - GameMgr.SynDate: 1
2026-09-05 22:05:02,141 - [49] - INFO  - Game.Server.GameServer - GameMgr Scan complete!
2026-09-05 22:05:10,201 - [29] - INFO  - Game.Server.GameServer - Buff Scaning ...
2026-09-05 22:05:10,201 - [29] - INFO  - Game.Server.GameServer - Buff Scan complete!
2026-09-05 22:05:10,201 - [29] - INFO  - Game.Server.GameServer - Buff all 1 players in 0ms
2026-09-05 22:05:10,201 - [29] - INFO  - Game.Server.GameServer - GameMgr Scaning ...
2026-09-05 22:05:10,201 - [29] - INFO  - Game.Server.GameServer - GameMgr.SynDate: 1
2026-09-05 22:05:10,201 - [29] - INFO  - Game.Server.GameServer - GameMgr Scan complete!
2026-09-05 22:06:02,154 - [31] - INFO  - Game.Server.GameServer - Little Game Scaning ...
2026-09-05 22:06:02,359 - [31] - INFO  - Game.Server.GameServer - LittleGame today scan completed!
2026-09-05 22:06:02,359 - [31] - INFO  - Game.Server.GameServer - GameMgr Scaning ...
2026-09-05 22:06:02,359 - [31] - INFO  - Game.Server.GameServer - GameMgr.SynDate: 1
2026-09-05 22:06:02,359 - [31] - INFO  - Game.Server.GameServer - GameMgr Scan complete!
2026-09-05 22:06:09,365 - [29] - INFO  - Game.Server.GameServer - Begin ping check....
2026-09-05 22:06:09,365 - [29] - INFO  - Game.Server.GameServer - End ping check....
2026-09-05 22:06:09,365 - [29] - INFO  - Game.Server.GameServer - Begin ping center check....
2026-09-05 22:06:09,365 - [29] - INFO  - Game.Server.GameServer - End ping center check....
2026-09-05 22:06:10,215 - [49] - INFO  - Game.Server.GameServer - Buff Scaning ...
2026-09-05 22:06:10,250 - [49] - INFO  - Game.Server.GameServer - Buff Scan complete!
2026-09-05 22:06:10,250 - [49] - INFO  - Game.Server.GameServer - Buff all 1 players in 31ms
2026-09-05 22:06:10,250 - [49] - INFO  - Game.Server.GameServer - GameMgr Scaning ...
2026-09-05 22:06:10,250 - [49] - INFO  - Game.Server.GameServer - GameMgr.SynDate: 1
2026-09-05 22:06:10,250 - [49] - INFO  - Game.Server.GameServer - GameMgr Scan complete!
2026-09-05 22:07:02,169 - [29] - INFO  - Game.Server.GameServer - Little Game Scaning ...
2026-09-05 22:07:02,169 - [29] - INFO  - Game.Server.GameServer - LittleGame today scan completed!
2026-09-05 22:07:02,169 - [29] - INFO  - Game.Server.GameServer - GameMgr Scaning ...
2026-09-05 22:07:02,169 - [29] - INFO  - Game.Server.GameServer - GameMgr.SynDate: 1
2026-09-05 22:07:02,169 - [29] - INFO  - Game.Server.GameServer - GameMgr Scan complete!
2026-09-05 22:07:10,225 - [30] - INFO  - Game.Server.GameServer - Buff Scaning ...
2026-09-05 22:07:10,225 - [30] - INFO  - Game.Server.GameServer - Buff Scan complete!
2026-09-05 22:07:10,225 - [30] - INFO  - Game.Server.GameServer - Buff all 1 players in 0ms
2026-09-05 22:07:10,225 - [30] - INFO  - Game.Server.GameServer - GameMgr Scaning ...
2026-09-05 22:07:10,225 - [30] - INFO  - Game.Server.GameServer - GameMgr.SynDate: 1
2026-09-05 22:07:10,225 - [30] - INFO  - Game.Server.GameServer - GameMgr Scan complete!
2026-09-05 22:08:02,185 - [29] - INFO  - Game.Server.GameServer - Little Game Scaning ...
2026-09-05 22:08:02,185 - [29] - INFO  - Game.Server.GameServer - LittleGame today scan completed!
2026-09-05 22:08:02,185 - [29] - INFO  - Game.Server.GameServer - GameMgr Scaning ...
2026-09-05 22:08:02,185 - [29] - INFO  - Game.Server.GameServer - GameMgr.SynDate: 1
2026-09-05 22:08:02,185 - [29] - INFO  - Game.Server.GameServer - GameMgr Scan complete!
2026-09-05 22:08:10,229 - [31] - INFO  - Game.Server.GameServer - Buff Scaning ...
2026-09-05 22:08:10,229 - [31] - INFO  - Game.Server.GameServer - Buff Scan complete!
2026-09-05 22:08:10,229 - [31] - INFO  - Game.Server.GameServer - Buff all 1 players in 0ms
2026-09-05 22:08:10,229 - [31] - INFO  - Game.Server.GameServer - GameMgr Scaning ...
2026-09-05 22:08:10,229 - [31] - INFO  - Game.Server.GameServer - GameMgr.SynDate: 1
2026-09-05 22:08:10,229 - [31] - INFO  - Game.Server.GameServer - GameMgr Scan complete!
2026-09-05 22:09:02,190 - [31] - INFO  - Game.Server.GameServer - Little Game Scaning ...
2026-09-05 22:09:02,190 - [31] - INFO  - Game.Server.GameServer - LittleGame today scan completed!
2026-09-05 22:09:02,190 - [31] - INFO  - Game.Server.GameServer - GameMgr Scaning ...
2026-09-05 22:09:02,190 - [31] - INFO  - Game.Server.GameServer - GameMgr.SynDate: 1
2026-09-05 22:09:02,190 - [31] - INFO  - Game.Server.GameServer - GameMgr Scan complete!
2026-09-05 22:09:09,140 - [31] - INFO  - Game.Server.GameServer - Saving database...
2026-09-05 22:09:09,145 - [31] - INFO  - Bussiness.BaseBussiness - Error @UserID=2
2026-09-05 22:09:09,145 - [31] - INFO  - Bussiness.BaseBussiness - Error @Attack=0
2026-09-05 22:09:09,145 - [31] - INFO  - Bussiness.BaseBussiness - Error @Colors=,,,,,,,,,,,,,,,
2026-09-05 22:09:09,145 - [31] - INFO  - Bussiness.BaseBussiness - Error @ConsortiaID=0
2026-09-05 22:09:09,145 - [31] - INFO  - Bussiness.BaseBussiness - Error @Defence=0
2026-09-05 22:09:09,145 - [31] - INFO  - Bussiness.BaseBussiness - Error @Gold=0
2026-09-05 22:09:09,145 - [31] - INFO  - Bussiness.BaseBussiness - Error @GP=1
2026-09-05 22:09:09,145 - [31] - INFO  - Bussiness.BaseBussiness - Error @Grade=1
2026-09-05 22:09:09,145 - [31] - INFO  - Bussiness.BaseBussiness - Error @Luck=10
2026-09-05 22:09:09,145 - [31] - INFO  - Bussiness.BaseBussiness - Error @Money=0
2026-09-05 22:09:09,145 - [31] - INFO  - Bussiness.BaseBussiness - Error @Style=,,,,,,,,,,,,,,,
2026-09-05 22:09:09,145 - [31] - INFO  - Bussiness.BaseBussiness - Error @Agility=0
2026-09-05 22:09:09,145 - [31] - INFO  - Bussiness.BaseBussiness - Error @State=1
2026-09-05 22:09:09,145 - [31] - INFO  - Bussiness.BaseBussiness - Error @Hide=1111111111
2026-09-05 22:09:09,145 - [31] - INFO  - Bussiness.BaseBussiness - Error @ExpendDate=
2026-09-05 22:09:09,145 - [31] - INFO  - Bussiness.BaseBussiness - Error @Win=0
2026-09-05 22:09:09,145 - [31] - INFO  - Bussiness.BaseBussiness - Error @Total=0
2026-09-05 22:09:09,145 - [31] - INFO  - Bussiness.BaseBussiness - Error @Escape=0
2026-09-05 22:09:09,145 - [31] - INFO  - Bussiness.BaseBussiness - Error @Skin=
2026-09-05 22:09:09,145 - [31] - INFO  - Bussiness.BaseBussiness - Error @Offer=0
2026-09-05 22:09:09,146 - [31] - INFO  - Bussiness.BaseBussiness - Error @AntiAddiction=10
2026-09-05 22:09:09,146 - [31] - INFO  - Bussiness.BaseBussiness - Error @Result=
2026-09-05 22:09:09,146 - [31] - INFO  - Bussiness.BaseBussiness - Error @RichesOffer=0
2026-09-05 22:09:09,146 - [31] - INFO  - Bussiness.BaseBussiness - Error @RichesRob=0
2026-09-05 22:09:09,146 - [31] - INFO  - Bussiness.BaseBussiness - Error @CheckCount=0
2026-09-05 22:09:09,146 - [31] - INFO  - Bussiness.BaseBussiness - Error @MarryInfoID=0
2026-09-05 22:09:09,146 - [31] - INFO  - Bussiness.BaseBussiness - Error @DayLoginCount=0
2026-09-05 22:09:09,146 - [31] - INFO  - Bussiness.BaseBussiness - Error @Nimbus=0
2026-09-05 22:09:09,146 - [31] - INFO  - Bussiness.BaseBussiness - Error @LastAward=01/07/1905 00:00:00
2026-09-05 22:09:09,146 - [31] - INFO  - Bussiness.BaseBussiness - Error @GiftToken=0
2026-09-05 22:09:09,146 - [31] - INFO  - Bussiness.BaseBussiness - Error @QuestSite=System.Byte[]
2026-09-05 22:09:09,146 - [31] - INFO  - Bussiness.BaseBussiness - Error @PvePermission=
2026-09-05 22:09:09,146 - [31] - INFO  - Bussiness.BaseBussiness - Error @FightPower=475
2026-09-05 22:09:09,146 - [31] - INFO  - Bussiness.BaseBussiness - Error @AnswerSite=0
2026-09-05 22:09:09,146 - [31] - INFO  - Bussiness.BaseBussiness - Error @LastAuncherAward=01/07/1905 00:00:00
2026-09-05 22:09:09,146 - [31] - INFO  - Bussiness.BaseBussiness - Error @hp=500
2026-09-05 22:09:09,146 - [31] - INFO  - Bussiness.BaseBussiness - Error @ChatCount=0
2026-09-05 22:09:09,146 - [31] - INFO  - Bussiness.BaseBussiness - Error @SpaPubGoldRoomLimit=0
2026-09-05 22:09:09,146 - [31] - INFO  - Bussiness.BaseBussiness - Error @LastSpaDate=05/09/2026 21:33:20
2026-09-05 22:09:09,146 - [31] - INFO  - Bussiness.BaseBussiness - Error @FightLabPermission=10000000000
2026-09-05 22:09:09,146 - [31] - INFO  - Bussiness.BaseBussiness - Error @SpaPubMoneyRoomLimit=0
2026-09-05 22:09:09,146 - [31] - INFO  - Bussiness.BaseBussiness - Error @IsInSpaPubGoldToday=False
2026-09-05 22:09:09,146 - [31] - INFO  - Bussiness.BaseBussiness - Error @IsInSpaPubMoneyToday=False
2026-09-05 22:09:09,146 - [31] - INFO  - Bussiness.BaseBussiness - Error @AchievementPoint=0
2026-09-05 22:09:09,146 - [31] - INFO  - Bussiness.BaseBussiness - Error @LastWeekly=05/09/2026 21:33:20
2026-09-05 22:09:09,146 - [31] - INFO  - Bussiness.BaseBussiness - Error @LastWeeklyVersion=0
2026-09-05 22:09:09,146 - [31] - INFO  - Bussiness.BaseBussiness - Error @WeaklessGuildProgressStr=AgAAAAAAAAAAAAAAAAAAAAAAAAAAAAAAAAAAAAAAAAAAAAAAAAAAAAAAAAAAAAAAAAAAAAAAAAAAAAAAAAAAAAAAAAAAAAAAAAAAAAAAAAAAAAAAAAAAAAAAAAAAAAAAAAAAAAAAAAAAAAAAAAAAAAAAAAAAAAAAAAAAAAAAAAA=
2026-09-05 22:09:09,146 - [31] - INFO  - Bussiness.BaseBussiness - Error @IsOldPlayer=False
2026-09-05 22:09:09,146 - [31] - INFO  - Bussiness.BaseBussiness - Error @VIPLevel=0
2026-09-05 22:09:09,146 - [31] - INFO  - Bussiness.BaseBussiness - Error @VIPExp=0
2026-09-05 22:09:09,146 - [31] - INFO  - Bussiness.BaseBussiness - Error @Score=0
2026-09-05 22:09:09,146 - [31] - INFO  - Bussiness.BaseBussiness - Error @OptionOnOff=0
2026-09-05 22:09:09,146 - [31] - INFO  - Bussiness.BaseBussiness - Error @isOldPlayerHasValidEquitAtLogin=False
2026-09-05 22:09:09,146 - [31] - INFO  - Bussiness.BaseBussiness - Error @badLuckNumber=0
2026-09-05 22:09:09,146 - [31] - INFO  - Bussiness.BaseBussiness - Error @luckyNum=0
2026-09-05 22:09:09,146 - [31] - INFO  - Bussiness.BaseBussiness - Error @lastLuckyNumDate=05/09/2026 21:33:20
2026-09-05 22:09:09,146 - [31] - INFO  - Bussiness.BaseBussiness - Error @lastLuckNum=0
2026-09-05 22:09:09,146 - [31] - INFO  - Bussiness.BaseBussiness - Error @IsShowConsortia=False
2026-09-05 22:09:09,146 - [31] - INFO  - Bussiness.BaseBussiness - Error @NewDay=05/09/2026 21:33:20
2026-09-05 22:09:09,146 - [31] - INFO  - Bussiness.BaseBussiness - Error @Medal=0
2026-09-05 22:09:09,146 - [31] - INFO  - Bussiness.BaseBussiness - Error @Honor=
2026-09-05 22:09:09,146 - [31] - INFO  - Bussiness.BaseBussiness - Error @VIPNextLevelDaysNeeded=0
2026-09-05 22:09:09,146 - [31] - INFO  - Bussiness.BaseBussiness - Error @IsRecharged=False
2026-09-05 22:09:09,146 - [31] - INFO  - Bussiness.BaseBussiness - Error @IsGetAward=False
2026-09-05 22:09:09,146 - [31] - INFO  - Bussiness.BaseBussiness - Error @typeVIP=0
2026-09-05 22:09:09,146 - [31] - INFO  - Bussiness.BaseBussiness - Error @evolutionGrade=0
2026-09-05 22:09:09,146 - [31] - INFO  - Bussiness.BaseBussiness - Error @evolutionExp=0
2026-09-05 22:09:09,146 - [31] - INFO  - Bussiness.BaseBussiness - Error @hardCurrency=0
2026-09-05 22:09:09,147 - [31] - INFO  - Bussiness.BaseBussiness - Error @EliteScore=0
2026-09-05 22:09:09,147 - [31] - INFO  - Bussiness.BaseBussiness - Error @UseOffer=0
2026-09-05 22:09:09,147 - [31] - INFO  - Bussiness.BaseBussiness - Error @ShopFinallyGottenTime=07/08/2016 00:00:00
2026-09-05 22:09:09,147 - [31] - INFO  - Bussiness.BaseBussiness - Error @MoneyLock=0
2026-09-05 22:09:09,147 - [31] - INFO  - Bussiness.BaseBussiness - Error @LastGetEgg=01/07/1905 00:00:00
2026-09-05 22:09:09,147 - [31] - INFO  - Bussiness.BaseBussiness - Error @IsFistGetPet=True
2026-09-05 22:09:09,147 - [31] - INFO  - Bussiness.BaseBussiness - Error @LastRefreshPet=05/09/2026 21:33:20
2026-09-05 22:09:09,147 - [31] - INFO  - Bussiness.BaseBussiness - Error @petScore=0
2026-09-05 22:09:09,147 - [31] - INFO  - Bussiness.BaseBussiness - Error @accumulativeLoginDays=0
2026-09-05 22:09:09,147 - [31] - INFO  - Bussiness.BaseBussiness - Error @accumulativeAwardDays=0
2026-09-05 22:09:09,147 - [31] - INFO  - Bussiness.BaseBussiness - Error @honorId=0
2026-09-05 22:09:09,147 - [31] - INFO  - Bussiness.BaseBussiness - Error @Repute=2
2026-09-05 22:09:09,147 - [31] - INFO  - Bussiness.BaseBussiness - Error @damageScores=0
2026-09-05 22:09:09,147 - [31] - INFO  - Bussiness.BaseBussiness - Error @totemId=0
2026-09-05 22:09:09,147 - [31] - INFO  - Bussiness.BaseBussiness - Error @myHonor=0
2026-09-05 22:09:09,147 - [31] - INFO  - Bussiness.BaseBussiness - Error @MaxBuyHonor=0
2026-09-05 22:09:09,147 - [31] - INFO  - Bussiness.BaseBussiness - Error @necklaceExp=0
2026-09-05 22:09:09,147 - [31] - INFO  - Bussiness.BaseBussiness - Error @necklaceExpAdd=0
2026-09-05 22:09:09,147 - [31] - ERROR - Bussiness.BaseBussiness - Init
System.NullReferenceException: Object reference not set to an instance of an object.
   at Bussiness.PlayerBussiness.UpdatePlayer(PlayerInfo player) in E:\Arquivos\Projetos\DDTank41\Bussiness\PlayerBussiness.cs:line 5801
2026-09-05 22:09:09,150 - [31] - INFO  - Bussiness.BaseBussiness - Error @UserID=2
2026-09-05 22:09:09,150 - [31] - INFO  - Bussiness.BaseBussiness - Error @Attack=0
2026-09-05 22:09:09,150 - [31] - INFO  - Bussiness.BaseBussiness - Error @Colors=,,,,,,,,,,,,,,,
2026-09-05 22:09:09,150 - [31] - INFO  - Bussiness.BaseBussiness - Error @ConsortiaID=0
2026-09-05 22:09:09,150 - [31] - INFO  - Bussiness.BaseBussiness - Error @Defence=0
2026-09-05 22:09:09,150 - [31] - INFO  - Bussiness.BaseBussiness - Error @Gold=0
2026-09-05 22:09:09,150 - [31] - INFO  - Bussiness.BaseBussiness - Error @GP=1
2026-09-05 22:09:09,150 - [31] - INFO  - Bussiness.BaseBussiness - Error @Grade=1
2026-09-05 22:09:09,150 - [31] - INFO  - Bussiness.BaseBussiness - Error @Luck=10
2026-09-05 22:09:09,150 - [31] - INFO  - Bussiness.BaseBussiness - Error @Money=0
2026-09-05 22:09:09,150 - [31] - INFO  - Bussiness.BaseBussiness - Error @Style=,,,,,,,,,,,,,,,
2026-09-05 22:09:09,150 - [31] - INFO  - Bussiness.BaseBussiness - Error @Agility=0
2026-09-05 22:09:09,150 - [31] - INFO  - Bussiness.BaseBussiness - Error @State=1
2026-09-05 22:09:09,150 - [31] - INFO  - Bussiness.BaseBussiness - Error @Hide=1111111111
2026-09-05 22:09:09,150 - [31] - INFO  - Bussiness.BaseBussiness - Error @ExpendDate=
2026-09-05 22:09:09,150 - [31] - INFO  - Bussiness.BaseBussiness - Error @Win=0
2026-09-05 22:09:09,150 - [31] - INFO  - Bussiness.BaseBussiness - Error @Total=0
2026-09-05 22:09:09,150 - [31] - INFO  - Bussiness.BaseBussiness - Error @Escape=0
2026-09-05 22:09:09,150 - [31] - INFO  - Bussiness.BaseBussiness - Error @Skin=
2026-09-05 22:09:09,150 - [31] - INFO  - Bussiness.BaseBussiness - Error @Offer=0
2026-09-05 22:09:09,150 - [31] - INFO  - Bussiness.BaseBussiness - Error @AntiAddiction=10
2026-09-05 22:09:09,150 - [31] - INFO  - Bussiness.BaseBussiness - Error @Result=
2026-09-05 22:09:09,150 - [31] - INFO  - Bussiness.BaseBussiness - Error @RichesOffer=0
2026-09-05 22:09:09,150 - [31] - INFO  - Bussiness.BaseBussiness - Error @RichesRob=0
2026-09-05 22:09:09,150 - [31] - INFO  - Bussiness.BaseBussiness - Error @CheckCount=0
2026-09-05 22:09:09,150 - [31] - INFO  - Bussiness.BaseBussiness - Error @MarryInfoID=0
2026-09-05 22:09:09,150 - [31] - INFO  - Bussiness.BaseBussiness - Error @DayLoginCount=0
2026-09-05 22:09:09,150 - [31] - INFO  - Bussiness.BaseBussiness - Error @Nimbus=0
2026-09-05 22:09:09,150 - [31] - INFO  - Bussiness.BaseBussiness - Error @LastAward=01/07/1905 00:00:00
2026-09-05 22:09:09,150 - [31] - INFO  - Bussiness.BaseBussiness - Error @GiftToken=0
2026-09-05 22:09:09,150 - [31] - INFO  - Bussiness.BaseBussiness - Error @QuestSite=System.Byte[]
2026-09-05 22:09:09,150 - [31] - INFO  - Bussiness.BaseBussiness - Error @PvePermission=
2026-09-05 22:09:09,150 - [31] - INFO  - Bussiness.BaseBussiness - Error @FightPower=475
2026-09-05 22:09:09,150 - [31] - INFO  - Bussiness.BaseBussiness - Error @AnswerSite=0
2026-09-05 22:09:09,150 - [31] - INFO  - Bussiness.BaseBussiness - Error @LastAuncherAward=01/07/1905 00:00:00
2026-09-05 22:09:09,150 - [31] - INFO  - Bussiness.BaseBussiness - Error @hp=500
2026-09-05 22:09:09,150 - [31] - INFO  - Bussiness.BaseBussiness - Error @ChatCount=0
2026-09-05 22:09:09,150 - [31] - INFO  - Bussiness.BaseBussiness - Error @SpaPubGoldRoomLimit=0
2026-09-05 22:09:09,150 - [31] - INFO  - Bussiness.BaseBussiness - Error @LastSpaDate=05/09/2026 21:33:20
2026-09-05 22:09:09,150 - [31] - INFO  - Bussiness.BaseBussiness - Error @FightLabPermission=10000000000
2026-09-05 22:09:09,150 - [31] - INFO  - Bussiness.BaseBussiness - Error @SpaPubMoneyRoomLimit=0
2026-09-05 22:09:09,150 - [31] - INFO  - Bussiness.BaseBussiness - Error @IsInSpaPubGoldToday=False
2026-09-05 22:09:09,150 - [31] - INFO  - Bussiness.BaseBussiness - Error @IsInSpaPubMoneyToday=False
2026-09-05 22:09:09,150 - [31] - INFO  - Bussiness.BaseBussiness - Error @AchievementPoint=0
2026-09-05 22:09:09,151 - [31] - INFO  - Bussiness.BaseBussiness - Error @LastWeekly=05/09/2026 21:33:20
2026-09-05 22:09:09,151 - [31] - INFO  - Bussiness.BaseBussiness - Error @LastWeeklyVersion=0
2026-09-05 22:09:09,151 - [31] - INFO  - Bussiness.BaseBussiness - Error @WeaklessGuildProgressStr=AgAAAAAAAAAAAAAAAAAAAAAAAAAAAAAAAAAAAAAAAAAAAAAAAAAAAAAAAAAAAAAAAAAAAAAAAAAAAAAAAAAAAAAAAAAAAAAAAAAAAAAAAAAAAAAAAAAAAAAAAAAAAAAAAAAAAAAAAAAAAAAAAAAAAAAAAAAAAAAAAAAAAAAAAAA=
2026-09-05 22:09:09,151 - [31] - INFO  - Bussiness.BaseBussiness - Error @IsOldPlayer=False
2026-09-05 22:09:09,151 - [31] - INFO  - Bussiness.BaseBussiness - Error @VIPLevel=0
2026-09-05 22:09:09,151 - [31] - INFO  - Bussiness.BaseBussiness - Error @VIPExp=0
2026-09-05 22:09:09,151 - [31] - INFO  - Bussiness.BaseBussiness - Error @Score=0
2026-09-05 22:09:09,151 - [31] - INFO  - Bussiness.BaseBussiness - Error @OptionOnOff=0
2026-09-05 22:09:09,151 - [31] - INFO  - Bussiness.BaseBussiness - Error @isOldPlayerHasValidEquitAtLogin=False
2026-09-05 22:09:09,151 - [31] - INFO  - Bussiness.BaseBussiness - Error @badLuckNumber=0
2026-09-05 22:09:09,151 - [31] - INFO  - Bussiness.BaseBussiness - Error @luckyNum=0
2026-09-05 22:09:09,151 - [31] - INFO  - Bussiness.BaseBussiness - Error @lastLuckyNumDate=05/09/2026 21:33:20
2026-09-05 22:09:09,151 - [31] - INFO  - Bussiness.BaseBussiness - Error @lastLuckNum=0
2026-09-05 22:09:09,151 - [31] - INFO  - Bussiness.BaseBussiness - Error @IsShowConsortia=False
2026-09-05 22:09:09,151 - [31] - INFO  - Bussiness.BaseBussiness - Error @NewDay=05/09/2026 21:33:20
2026-09-05 22:09:09,151 - [31] - INFO  - Bussiness.BaseBussiness - Error @Medal=0
2026-09-05 22:09:09,151 - [31] - INFO  - Bussiness.BaseBussiness - Error @Honor=
2026-09-05 22:09:09,151 - [31] - INFO  - Bussiness.BaseBussiness - Error @VIPNextLevelDaysNeeded=0
2026-09-05 22:09:09,151 - [31] - INFO  - Bussiness.BaseBussiness - Error @IsRecharged=False
2026-09-05 22:09:09,151 - [31] - INFO  - Bussiness.BaseBussiness - Error @IsGetAward=False
2026-09-05 22:09:09,151 - [31] - INFO  - Bussiness.BaseBussiness - Error @typeVIP=0
2026-09-05 22:09:09,151 - [31] - INFO  - Bussiness.BaseBussiness - Error @evolutionGrade=0
2026-09-05 22:09:09,151 - [31] - INFO  - Bussiness.BaseBussiness - Error @evolutionExp=0
2026-09-05 22:09:09,151 - [31] - INFO  - Bussiness.BaseBussiness - Error @hardCurrency=0
2026-09-05 22:09:09,151 - [31] - INFO  - Bussiness.BaseBussiness - Error @EliteScore=0
2026-09-05 22:09:09,151 - [31] - INFO  - Bussiness.BaseBussiness - Error @UseOffer=0
2026-09-05 22:09:09,151 - [31] - INFO  - Bussiness.BaseBussiness - Error @ShopFinallyGottenTime=07/08/2016 00:00:00
2026-09-05 22:09:09,151 - [31] - INFO  - Bussiness.BaseBussiness - Error @MoneyLock=0
2026-09-05 22:09:09,151 - [31] - INFO  - Bussiness.BaseBussiness - Error @LastGetEgg=01/07/1905 00:00:00
2026-09-05 22:09:09,151 - [31] - INFO  - Bussiness.BaseBussiness - Error @IsFistGetPet=True
2026-09-05 22:09:09,151 - [31] - INFO  - Bussiness.BaseBussiness - Error @LastRefreshPet=05/09/2026 21:33:20
2026-09-05 22:09:09,151 - [31] - INFO  - Bussiness.BaseBussiness - Error @petScore=0
2026-09-05 22:09:09,151 - [31] - INFO  - Bussiness.BaseBussiness - Error @accumulativeLoginDays=0
2026-09-05 22:09:09,151 - [31] - INFO  - Bussiness.BaseBussiness - Error @accumulativeAwardDays=0
2026-09-05 22:09:09,151 - [31] - INFO  - Bussiness.BaseBussiness - Error @honorId=0
2026-09-05 22:09:09,151 - [31] - INFO  - Bussiness.BaseBussiness - Error @Repute=2
2026-09-05 22:09:09,151 - [31] - INFO  - Bussiness.BaseBussiness - Error @damageScores=0
2026-09-05 22:09:09,151 - [31] - INFO  - Bussiness.BaseBussiness - Error @totemId=0
2026-09-05 22:09:09,151 - [31] - INFO  - Bussiness.BaseBussiness - Error @myHonor=0
2026-09-05 22:09:09,151 - [31] - INFO  - Bussiness.BaseBussiness - Error @MaxBuyHonor=0
2026-09-05 22:09:09,151 - [31] - INFO  - Bussiness.BaseBussiness - Error @necklaceExp=0
2026-09-05 22:09:09,151 - [31] - INFO  - Bussiness.BaseBussiness - Error @necklaceExpAdd=0
2026-09-05 22:09:09,151 - [31] - ERROR - Bussiness.BaseBussiness - Init
System.NullReferenceException: Object reference not set to an instance of an object.
   at Bussiness.PlayerBussiness.UpdatePlayer(PlayerInfo player) in E:\Arquivos\Projetos\DDTank41\Bussiness\PlayerBussiness.cs:line 5801
2026-09-05 22:09:09,168 - [31] - INFO  - Game.Server.GameServer - Saving database complete!
2026-09-05 22:09:09,168 - [31] - INFO  - Game.Server.GameServer - Saved all databases and 1 players in 31ms
2026-09-05 22:09:09,374 - [30] - INFO  - Game.Server.GameServer - Begin ping check....
2026-09-05 22:09:09,374 - [30] - INFO  - Game.Server.GameServer - End ping check....
2026-09-05 22:09:09,374 - [30] - INFO  - Game.Server.GameServer - Begin ping center check....
2026-09-05 22:09:09,374 - [30] - INFO  - Game.Server.GameServer - End ping center check....
2026-09-05 22:09:10,232 - [29] - INFO  - Game.Server.GameServer - Buff Scaning ...
2026-09-05 22:09:10,232 - [29] - INFO  - Game.Server.GameServer - Buff Scan complete!
2026-09-05 22:09:10,232 - [29] - INFO  - Game.Server.GameServer - Buff all 1 players in 0ms
2026-09-05 22:09:10,232 - [29] - INFO  - Game.Server.GameServer - GameMgr Scaning ...
2026-09-05 22:09:10,232 - [29] - INFO  - Game.Server.GameServer - GameMgr.SynDate: 1
2026-09-05 22:09:10,232 - [29] - INFO  - Game.Server.GameServer - GameMgr Scan complete!
2026-09-05 22:10:02,191 - [30] - INFO  - Game.Server.GameServer - Little Game Scaning ...
2026-09-05 22:10:02,191 - [30] - INFO  - Game.Server.GameServer - LittleGame today scan completed!
2026-09-05 22:10:02,191 - [30] - INFO  - Game.Server.GameServer - GameMgr Scaning ...
2026-09-05 22:10:02,191 - [30] - INFO  - Game.Server.GameServer - GameMgr.SynDate: 1
2026-09-05 22:10:02,191 - [30] - INFO  - Game.Server.GameServer - GameMgr Scan complete!
2026-09-05 22:10:10,235 - [49] - INFO  - Game.Server.GameServer - Buff Scaning ...
2026-09-05 22:10:10,235 - [49] - INFO  - Game.Server.GameServer - Buff Scan complete!
2026-09-05 22:10:10,235 - [49] - INFO  - Game.Server.GameServer - Buff all 1 players in 0ms
2026-09-05 22:10:10,235 - [49] - INFO  - Game.Server.GameServer - GameMgr Scaning ...
2026-09-05 22:10:10,235 - [49] - INFO  - Game.Server.GameServer - GameMgr.SynDate: 1
2026-09-05 22:10:10,235 - [49] - INFO  - Game.Server.GameServer - GameMgr Scan complete!
2026-09-05 22:11:02,197 - [29] - INFO  - Game.Server.GameServer - Little Game Scaning ...
2026-09-05 22:11:02,665 - [29] - INFO  - Game.Server.GameServer - LittleGame today scan completed!
2026-09-05 22:11:02,665 - [29] - INFO  - Game.Server.GameServer - GameMgr Scaning ...
2026-09-05 22:11:02,666 - [29] - INFO  - Game.Server.GameServer - GameMgr.SynDate: 1
2026-09-05 22:11:02,666 - [29] - INFO  - Game.Server.GameServer - GameMgr Scan complete!
2026-09-05 22:11:10,249 - [31] - INFO  - Game.Server.GameServer - Buff Scaning ...
2026-09-05 22:11:10,673 - [31] - INFO  - Game.Server.GameServer - Buff Scan complete!
2026-09-05 22:11:10,673 - [31] - INFO  - Game.Server.GameServer - Buff all 1 players in 422ms
2026-09-05 22:11:10,673 - [31] - INFO  - Game.Server.GameServer - GameMgr Scaning ...
2026-09-05 22:11:10,673 - [31] - INFO  - Game.Server.GameServer - GameMgr.SynDate: 1
2026-09-05 22:11:10,673 - [31] - INFO  - Game.Server.GameServer - GameMgr Scan complete!
2026-09-05 22:12:02,207 - [29] - INFO  - Game.Server.GameServer - Little Game Scaning ...
2026-09-05 22:12:02,207 - [29] - INFO  - Game.Server.GameServer - LittleGame today scan completed!
2026-09-05 22:12:02,207 - [29] - INFO  - Game.Server.GameServer - GameMgr Scaning ...
2026-09-05 22:12:02,207 - [29] - INFO  - Game.Server.GameServer - GameMgr.SynDate: 1
2026-09-05 22:12:02,207 - [29] - INFO  - Game.Server.GameServer - GameMgr Scan complete!
2026-09-05 22:12:09,390 - [49] - INFO  - Game.Server.GameServer - Begin ping check....
2026-09-05 22:12:09,390 - [49] - INFO  - Game.Server.GameServer - End ping check....
2026-09-05 22:12:09,390 - [49] - INFO  - Game.Server.GameServer - Begin ping center check....
2026-09-05 22:12:09,390 - [49] - INFO  - Game.Server.GameServer - End ping center check....
2026-09-05 22:12:10,256 - [31] - INFO  - Game.Server.GameServer - Buff Scaning ...
2026-09-05 22:12:10,260 - [31] - INFO  - Game.Server.GameServer - Buff Scan complete!
2026-09-05 22:12:10,260 - [31] - INFO  - Game.Server.GameServer - Buff all 1 players in 16ms
2026-09-05 22:12:10,260 - [31] - INFO  - Game.Server.GameServer - GameMgr Scaning ...
2026-09-05 22:12:10,260 - [31] - INFO  - Game.Server.GameServer - GameMgr.SynDate: 1
2026-09-05 22:12:10,260 - [31] - INFO  - Game.Server.GameServer - GameMgr Scan complete!
2026-09-05 22:13:02,217 - [29] - INFO  - Game.Server.GameServer - Little Game Scaning ...
2026-09-05 22:13:02,217 - [29] - INFO  - Game.Server.GameServer - LittleGame today scan completed!
2026-09-05 22:13:02,217 - [29] - INFO  - Game.Server.GameServer - GameMgr Scaning ...
2026-09-05 22:13:02,217 - [29] - INFO  - Game.Server.GameServer - GameMgr.SynDate: 1
2026-09-05 22:13:02,217 - [29] - INFO  - Game.Server.GameServer - GameMgr Scan complete!
2026-09-05 22:13:10,265 - [49] - INFO  - Game.Server.GameServer - Buff Scaning ...
2026-09-05 22:13:10,265 - [49] - INFO  - Game.Server.GameServer - Buff Scan complete!
2026-09-05 22:13:10,265 - [49] - INFO  - Game.Server.GameServer - Buff all 1 players in 0ms
2026-09-05 22:13:10,265 - [49] - INFO  - Game.Server.GameServer - GameMgr Scaning ...
2026-09-05 22:13:10,265 - [49] - INFO  - Game.Server.GameServer - GameMgr.SynDate: 1
2026-09-05 22:13:10,265 - [49] - INFO  - Game.Server.GameServer - GameMgr Scan complete!
2026-09-05 22:14:02,223 - [31] - INFO  - Game.Server.GameServer - Little Game Scaning ...
2026-09-05 22:14:02,223 - [31] - INFO  - Game.Server.GameServer - LittleGame today scan completed!
2026-09-05 22:14:02,223 - [31] - INFO  - Game.Server.GameServer - GameMgr Scaning ...
2026-09-05 22:14:02,223 - [31] - INFO  - Game.Server.GameServer - GameMgr.SynDate: 1
2026-09-05 22:14:02,223 - [31] - INFO  - Game.Server.GameServer - GameMgr Scan complete!
2026-09-05 22:14:10,267 - [30] - INFO  - Game.Server.GameServer - Buff Scaning ...
2026-09-05 22:14:10,267 - [30] - INFO  - Game.Server.GameServer - Buff Scan complete!
2026-09-05 22:14:10,267 - [30] - INFO  - Game.Server.GameServer - Buff all 1 players in 0ms
2026-09-05 22:14:10,267 - [30] - INFO  - Game.Server.GameServer - GameMgr Scaning ...
2026-09-05 22:14:10,267 - [30] - INFO  - Game.Server.GameServer - GameMgr.SynDate: 1
2026-09-05 22:14:10,267 - [30] - INFO  - Game.Server.GameServer - GameMgr Scan complete!
2026-09-05 22:15:02,231 - [29] - INFO  - Game.Server.GameServer - Little Game Scaning ...
2026-09-05 22:15:02,231 - [29] - INFO  - Game.Server.GameServer - LittleGame today scan completed!
2026-09-05 22:15:02,231 - [29] - INFO  - Game.Server.GameServer - GameMgr Scaning ...
2026-09-05 22:15:02,231 - [29] - INFO  - Game.Server.GameServer - GameMgr.SynDate: 1
2026-09-05 22:15:02,231 - [29] - INFO  - Game.Server.GameServer - GameMgr Scan complete!
2026-09-05 22:15:09,400 - [30] - INFO  - Game.Server.GameServer - Begin ping check....
2026-09-05 22:15:09,400 - [30] - INFO  - Game.Server.GameServer - End ping check....
2026-09-05 22:15:09,400 - [30] - INFO  - Game.Server.GameServer - Begin ping center check....
2026-09-05 22:15:09,400 - [30] - INFO  - Game.Server.GameServer - End ping center check....
2026-09-05 22:15:10,274 - [29] - INFO  - Game.Server.GameServer - Buff Scaning ...
2026-09-05 22:15:10,274 - [29] - INFO  - Game.Server.GameServer - Buff Scan complete!
2026-09-05 22:15:10,274 - [29] - INFO  - Game.Server.GameServer - Buff all 1 players in 0ms
2026-09-05 22:15:10,274 - [29] - INFO  - Game.Server.GameServer - GameMgr Scaning ...
2026-09-05 22:15:10,274 - [29] - INFO  - Game.Server.GameServer - GameMgr.SynDate: 1
2026-09-05 22:15:10,274 - [29] - INFO  - Game.Server.GameServer - GameMgr Scan complete!
2026-09-05 22:16:02,244 - [30] - INFO  - Game.Server.GameServer - Little Game Scaning ...
2026-09-05 22:16:02,244 - [30] - INFO  - Game.Server.GameServer - LittleGame today scan completed!
2026-09-05 22:16:02,244 - [30] - INFO  - Game.Server.GameServer - GameMgr Scaning ...
2026-09-05 22:16:02,244 - [30] - INFO  - Game.Server.GameServer - GameMgr.SynDate: 1
2026-09-05 22:16:02,244 - [30] - INFO  - Game.Server.GameServer - GameMgr Scan complete!
2026-09-05 22:16:10,279 - [49] - INFO  - Game.Server.GameServer - Buff Scaning ...
2026-09-05 22:16:10,279 - [49] - INFO  - Game.Server.GameServer - Buff Scan complete!
2026-09-05 22:16:10,279 - [49] - INFO  - Game.Server.GameServer - Buff all 1 players in 0ms
2026-09-05 22:16:10,279 - [49] - INFO  - Game.Server.GameServer - GameMgr Scaning ...
2026-09-05 22:16:10,279 - [49] - INFO  - Game.Server.GameServer - GameMgr.SynDate: 1
2026-09-05 22:16:10,279 - [49] - INFO  - Game.Server.GameServer - GameMgr Scan complete!
2026-09-05 22:17:02,249 - [29] - INFO  - Game.Server.GameServer - Little Game Scaning ...
2026-09-05 22:17:02,249 - [29] - INFO  - Game.Server.GameServer - LittleGame today scan completed!
2026-09-05 22:17:02,249 - [29] - INFO  - Game.Server.GameServer - GameMgr Scaning ...
2026-09-05 22:17:02,249 - [29] - INFO  - Game.Server.GameServer - GameMgr.SynDate: 1
2026-09-05 22:17:02,249 - [29] - INFO  - Game.Server.GameServer - GameMgr Scan complete!
2026-09-05 22:17:10,292 - [30] - INFO  - Game.Server.GameServer - Buff Scaning ...
2026-09-05 22:17:10,292 - [30] - INFO  - Game.Server.GameServer - Buff Scan complete!
2026-09-05 22:17:10,292 - [30] - INFO  - Game.Server.GameServer - Buff all 1 players in 0ms
2026-09-05 22:17:10,292 - [30] - INFO  - Game.Server.GameServer - GameMgr Scaning ...
2026-09-05 22:17:10,292 - [30] - INFO  - Game.Server.GameServer - GameMgr.SynDate: 1
2026-09-05 22:17:10,292 - [30] - INFO  - Game.Server.GameServer - GameMgr Scan complete!
2026-09-05 22:18:02,258 - [29] - INFO  - Game.Server.GameServer - Little Game Scaning ...
2026-09-05 22:18:02,258 - [29] - INFO  - Game.Server.GameServer - LittleGame today scan completed!
2026-09-05 22:18:02,258 - [29] - INFO  - Game.Server.GameServer - GameMgr Scaning ...
2026-09-05 22:18:02,258 - [29] - INFO  - Game.Server.GameServer - GameMgr.SynDate: 1
2026-09-05 22:18:02,258 - [29] - INFO  - Game.Server.GameServer - GameMgr Scan complete!
2026-09-05 22:18:09,406 - [31] - INFO  - Game.Server.GameServer - Begin ping check....
2026-09-05 22:18:09,406 - [31] - INFO  - Game.Server.GameServer - End ping check....
2026-09-05 22:18:09,406 - [31] - INFO  - Game.Server.GameServer - Begin ping center check....
2026-09-05 22:18:09,406 - [31] - INFO  - Game.Server.GameServer - End ping center check....
2026-09-05 22:18:10,293 - [31] - INFO  - Game.Server.GameServer - Buff Scaning ...
2026-09-05 22:18:10,293 - [31] - INFO  - Game.Server.GameServer - Buff Scan complete!
2026-09-05 22:18:10,293 - [31] - INFO  - Game.Server.GameServer - Buff all 1 players in 0ms
2026-09-05 22:18:10,293 - [31] - INFO  - Game.Server.GameServer - GameMgr Scaning ...
2026-09-05 22:18:10,293 - [31] - INFO  - Game.Server.GameServer - GameMgr.SynDate: 1
2026-09-05 22:18:10,293 - [31] - INFO  - Game.Server.GameServer - GameMgr Scan complete!
2026-09-05 22:18:40,158 - [50] - INFO  - Game.Base.BaseClient - Disconnecting client (not connected), received bytes=0
2026-09-05 22:18:40,172 - [50] - ERROR - GamePlayer - Player exit Game Error!
System.NullReferenceException: Object reference not set to an instance of an object.
   at Game.Base.Packets.AbstractPacketLib.SendUpdatePlayerProperty(PlayerInfo info, PlayerProperty PlayerProp) in E:\Arquivos\Projetos\DDTank41\Game.Server\Packets\Packets\AbstractPacketLib.cs:line 2120
   at Game.Server.GameUtils.PlayerProperty.ViewCurrent() in E:\Arquivos\Projetos\DDTank41\Game.Server\GameUtils\PlayerProperty.cs:line 205
   at Game.Server.GameUtils.PlayerEquipInventory.UpdatePlayerProperties() in E:\Arquivos\Projetos\DDTank41\Game.Server\GameUtils\PlayerEquipInventory.cs:line 459
   at Game.Server.GameUtils.PlayerEquipInventory.UpdateChangedPlaces() in E:\Arquivos\Projetos\DDTank41\Game.Server\GameUtils\PlayerEquipInventory.cs:line 196
   at Game.Server.GameUtils.AbstractInventory.OnPlaceChanged(Int32 place) in E:\Arquivos\Projetos\DDTank41\Game.Server\GameUtils\AbstractInventory.cs:line 1081
   at Game.Server.GameUtils.AbstractInventory.AddItemTo(ItemInfo item, Int32 place) in E:\Arquivos\Projetos\DDTank41\Game.Server\GameUtils\AbstractInventory.cs:line 104
   at Game.Server.GameUtils.PlayerInventory.AddItemTo(ItemInfo item, Int32 place) in E:\Arquivos\Projetos\DDTank41\Game.Server\GameUtils\PlayerInventory.cs:line 190
   at GamePlayer.Quit() in E:\Arquivos\Projetos\DDTank41\Game.Server\GamePlayer.cs:line 3790
2026-09-05 22:18:40,190 - [50] - INFO  - Bussiness.BaseBussiness - Error @UserID=2
2026-09-05 22:18:40,190 - [50] - INFO  - Bussiness.BaseBussiness - Error @Attack=60
2026-09-05 22:18:40,190 - [50] - INFO  - Bussiness.BaseBussiness - Error @Colors=,,,,,,,,,,,,,,,
2026-09-05 22:18:40,190 - [50] - INFO  - Bussiness.BaseBussiness - Error @ConsortiaID=0
2026-09-05 22:18:40,190 - [50] - INFO  - Bussiness.BaseBussiness - Error @Defence=30
2026-09-05 22:18:40,190 - [50] - INFO  - Bussiness.BaseBussiness - Error @Gold=0
2026-09-05 22:18:40,190 - [50] - INFO  - Bussiness.BaseBussiness - Error @GP=1
2026-09-05 22:18:40,190 - [50] - INFO  - Bussiness.BaseBussiness - Error @Grade=1
2026-09-05 22:18:40,190 - [50] - INFO  - Bussiness.BaseBussiness - Error @Luck=50
2026-09-05 22:18:40,190 - [50] - INFO  - Bussiness.BaseBussiness - Error @Money=0
2026-09-05 22:18:40,190 - [50] - INFO  - Bussiness.BaseBussiness - Error @Style=,,,,,,7008|dart,,,,,,,,,
2026-09-05 22:18:40,190 - [50] - INFO  - Bussiness.BaseBussiness - Error @Agility=250
2026-09-05 22:18:40,190 - [50] - INFO  - Bussiness.BaseBussiness - Error @State=0
2026-09-05 22:18:40,190 - [50] - INFO  - Bussiness.BaseBussiness - Error @Hide=1111111111
2026-09-05 22:18:40,190 - [50] - INFO  - Bussiness.BaseBussiness - Error @ExpendDate=
2026-09-05 22:18:40,190 - [50] - INFO  - Bussiness.BaseBussiness - Error @Win=0
2026-09-05 22:18:40,190 - [50] - INFO  - Bussiness.BaseBussiness - Error @Total=0
2026-09-05 22:18:40,190 - [50] - INFO  - Bussiness.BaseBussiness - Error @Escape=0
2026-09-05 22:18:40,190 - [50] - INFO  - Bussiness.BaseBussiness - Error @Skin=
2026-09-05 22:18:40,190 - [50] - INFO  - Bussiness.BaseBussiness - Error @Offer=0
2026-09-05 22:18:40,190 - [50] - INFO  - Bussiness.BaseBussiness - Error @AntiAddiction=19
2026-09-05 22:18:40,190 - [50] - INFO  - Bussiness.BaseBussiness - Error @Result=
2026-09-05 22:18:40,190 - [50] - INFO  - Bussiness.BaseBussiness - Error @RichesOffer=0
2026-09-05 22:18:40,190 - [50] - INFO  - Bussiness.BaseBussiness - Error @RichesRob=0
2026-09-05 22:18:40,190 - [50] - INFO  - Bussiness.BaseBussiness - Error @CheckCount=0
2026-09-05 22:18:40,190 - [50] - INFO  - Bussiness.BaseBussiness - Error @MarryInfoID=0
2026-09-05 22:18:40,190 - [50] - INFO  - Bussiness.BaseBussiness - Error @DayLoginCount=0
2026-09-05 22:18:40,190 - [50] - INFO  - Bussiness.BaseBussiness - Error @Nimbus=0
2026-09-05 22:18:40,190 - [50] - INFO  - Bussiness.BaseBussiness - Error @LastAward=01/07/1905 00:00:00
2026-09-05 22:18:40,190 - [50] - INFO  - Bussiness.BaseBussiness - Error @GiftToken=0
2026-09-05 22:18:40,190 - [50] - INFO  - Bussiness.BaseBussiness - Error @QuestSite=System.Byte[]
2026-09-05 22:18:40,190 - [50] - INFO  - Bussiness.BaseBussiness - Error @PvePermission=
2026-09-05 22:18:40,190 - [50] - INFO  - Bussiness.BaseBussiness - Error @FightPower=589
2026-09-05 22:18:40,190 - [50] - INFO  - Bussiness.BaseBussiness - Error @AnswerSite=0
2026-09-05 22:18:40,190 - [50] - INFO  - Bussiness.BaseBussiness - Error @LastAuncherAward=01/07/1905 00:00:00
2026-09-05 22:18:40,190 - [50] - INFO  - Bussiness.BaseBussiness - Error @hp=503
2026-09-05 22:18:40,190 - [50] - INFO  - Bussiness.BaseBussiness - Error @ChatCount=0
2026-09-05 22:18:40,190 - [50] - INFO  - Bussiness.BaseBussiness - Error @SpaPubGoldRoomLimit=0
2026-09-05 22:18:40,190 - [50] - INFO  - Bussiness.BaseBussiness - Error @LastSpaDate=05/09/2026 21:33:20
2026-09-05 22:18:40,190 - [50] - INFO  - Bussiness.BaseBussiness - Error @FightLabPermission=10000000000
2026-09-05 22:18:40,190 - [50] - INFO  - Bussiness.BaseBussiness - Error @SpaPubMoneyRoomLimit=0
2026-09-05 22:18:40,190 - [50] - INFO  - Bussiness.BaseBussiness - Error @IsInSpaPubGoldToday=False
2026-09-05 22:18:40,190 - [50] - INFO  - Bussiness.BaseBussiness - Error @IsInSpaPubMoneyToday=False
2026-09-05 22:18:40,190 - [50] - INFO  - Bussiness.BaseBussiness - Error @AchievementPoint=0
2026-09-05 22:18:40,190 - [50] - INFO  - Bussiness.BaseBussiness - Error @LastWeekly=05/09/2026 21:33:20
2026-09-05 22:18:40,190 - [50] - INFO  - Bussiness.BaseBussiness - Error @LastWeeklyVersion=0
2026-09-05 22:18:40,190 - [50] - INFO  - Bussiness.BaseBussiness - Error @WeaklessGuildProgressStr=AgAAAAAAAAAAAAAAAAAAAAAAAAAAAAAAAAAAAAAAAAAAAAAAAAAAAAAAAAAAAAAAAAAAAAAAAAAAAAAAAAAAAAAAAAAAAAAAAAAAAAAAAAAAAAAAAAAAAAAAAAAAAAAAAAAAAAAAAAAAAAAAAAAAAAAAAAAAAAAAAAAAAAAAAAA=
2026-09-05 22:18:40,190 - [50] - INFO  - Bussiness.BaseBussiness - Error @IsOldPlayer=False
2026-09-05 22:18:40,190 - [50] - INFO  - Bussiness.BaseBussiness - Error @VIPLevel=0
2026-09-05 22:18:40,190 - [50] - INFO  - Bussiness.BaseBussiness - Error @VIPExp=0
2026-09-05 22:18:40,190 - [50] - INFO  - Bussiness.BaseBussiness - Error @Score=0
2026-09-05 22:18:40,190 - [50] - INFO  - Bussiness.BaseBussiness - Error @OptionOnOff=0
2026-09-05 22:18:40,190 - [50] - INFO  - Bussiness.BaseBussiness - Error @isOldPlayerHasValidEquitAtLogin=False
2026-09-05 22:18:40,190 - [50] - INFO  - Bussiness.BaseBussiness - Error @badLuckNumber=0
2026-09-05 22:18:40,190 - [50] - INFO  - Bussiness.BaseBussiness - Error @luckyNum=0
2026-09-05 22:18:40,190 - [50] - INFO  - Bussiness.BaseBussiness - Error @lastLuckyNumDate=05/09/2026 21:33:20
2026-09-05 22:18:40,190 - [50] - INFO  - Bussiness.BaseBussiness - Error @lastLuckNum=0
2026-09-05 22:18:40,190 - [50] - INFO  - Bussiness.BaseBussiness - Error @IsShowConsortia=False
2026-09-05 22:18:40,190 - [50] - INFO  - Bussiness.BaseBussiness - Error @NewDay=05/09/2026 21:33:20
2026-09-05 22:18:40,190 - [50] - INFO  - Bussiness.BaseBussiness - Error @Medal=0
2026-09-05 22:18:40,190 - [50] - INFO  - Bussiness.BaseBussiness - Error @Honor=
2026-09-05 22:18:40,190 - [50] - INFO  - Bussiness.BaseBussiness - Error @VIPNextLevelDaysNeeded=0
2026-09-05 22:18:40,190 - [50] - INFO  - Bussiness.BaseBussiness - Error @IsRecharged=False
2026-09-05 22:18:40,190 - [50] - INFO  - Bussiness.BaseBussiness - Error @IsGetAward=False
2026-09-05 22:18:40,190 - [50] - INFO  - Bussiness.BaseBussiness - Error @typeVIP=0
2026-09-05 22:18:40,190 - [50] - INFO  - Bussiness.BaseBussiness - Error @evolutionGrade=0
2026-09-05 22:18:40,190 - [50] - INFO  - Bussiness.BaseBussiness - Error @evolutionExp=0
2026-09-05 22:18:40,190 - [50] - INFO  - Bussiness.BaseBussiness - Error @hardCurrency=0
2026-09-05 22:18:40,190 - [50] - INFO  - Bussiness.BaseBussiness - Error @EliteScore=0
2026-09-05 22:18:40,190 - [50] - INFO  - Bussiness.BaseBussiness - Error @UseOffer=0
2026-09-05 22:18:40,190 - [50] - INFO  - Bussiness.BaseBussiness - Error @ShopFinallyGottenTime=07/08/2016 00:00:00
2026-09-05 22:18:40,190 - [50] - INFO  - Bussiness.BaseBussiness - Error @MoneyLock=0
2026-09-05 22:18:40,190 - [50] - INFO  - Bussiness.BaseBussiness - Error @LastGetEgg=01/07/1905 00:00:00
2026-09-05 22:18:40,190 - [50] - INFO  - Bussiness.BaseBussiness - Error @IsFistGetPet=True
2026-09-05 22:18:40,190 - [50] - INFO  - Bussiness.BaseBussiness - Error @LastRefreshPet=05/09/2026 21:33:20
2026-09-05 22:18:40,190 - [50] - INFO  - Bussiness.BaseBussiness - Error @petScore=0
2026-09-05 22:18:40,190 - [50] - INFO  - Bussiness.BaseBussiness - Error @accumulativeLoginDays=0
2026-09-05 22:18:40,190 - [50] - INFO  - Bussiness.BaseBussiness - Error @accumulativeAwardDays=0
2026-09-05 22:18:40,190 - [50] - INFO  - Bussiness.BaseBussiness - Error @honorId=0
2026-09-05 22:18:40,190 - [50] - INFO  - Bussiness.BaseBussiness - Error @Repute=2
2026-09-05 22:18:40,190 - [50] - INFO  - Bussiness.BaseBussiness - Error @damageScores=0
2026-09-05 22:18:40,190 - [50] - INFO  - Bussiness.BaseBussiness - Error @totemId=0
2026-09-05 22:18:40,190 - [50] - INFO  - Bussiness.BaseBussiness - Error @myHonor=0
2026-09-05 22:18:40,190 - [50] - INFO  - Bussiness.BaseBussiness - Error @MaxBuyHonor=0
2026-09-05 22:18:40,190 - [50] - INFO  - Bussiness.BaseBussiness - Error @necklaceExp=0
2026-09-05 22:18:40,190 - [50] - INFO  - Bussiness.BaseBussiness - Error @necklaceExpAdd=0
2026-09-05 22:18:40,190 - [50] - ERROR - Bussiness.BaseBussiness - Init
System.NullReferenceException: Object reference not set to an instance of an object.
   at Bussiness.PlayerBussiness.UpdatePlayer(PlayerInfo player) in E:\Arquivos\Projetos\DDTank41\Bussiness\PlayerBussiness.cs:line 5801
2026-09-05 22:18:40,197 - [50] - ERROR - Bussiness.BaseBussiness - Init item.goldBeginTime: 05/09/2026 22:18:40 item.goldValidDate: 0
System.NullReferenceException: Object reference not set to an instance of an object.
   at Bussiness.PlayerBussiness.AddGoods(ItemInfo item) in E:\Arquivos\Projetos\DDTank41\Bussiness\PlayerBussiness.cs:line 381
2026-09-05 22:19:02,260 - [29] - INFO  - Game.Server.GameServer - Little Game Scaning ...
2026-09-05 22:19:02,260 - [29] - INFO  - Game.Server.GameServer - LittleGame today scan completed!
2026-09-05 22:19:02,260 - [29] - INFO  - Game.Server.GameServer - GameMgr Scaning ...
2026-09-05 22:19:02,260 - [29] - INFO  - Game.Server.GameServer - GameMgr.SynDate: 1
2026-09-05 22:19:02,260 - [29] - INFO  - Game.Server.GameServer - GameMgr Scan complete!
2026-09-05 22:19:09,164 - [49] - INFO  - Game.Server.GameServer - Saving database...
2026-09-05 22:19:09,170 - [49] - INFO  - Game.Server.GameServer - Saving database complete!
2026-09-05 22:19:09,170 - [49] - INFO  - Game.Server.GameServer - Saved all databases and 0 players in 15ms
2026-09-05 22:19:10,304 - [30] - INFO  - Game.Server.GameServer - Buff Scaning ...
2026-09-05 22:19:10,304 - [30] - INFO  - Game.Server.GameServer - Buff Scan complete!
2026-09-05 22:19:10,304 - [30] - INFO  - Game.Server.GameServer - Buff all 0 players in 0ms
2026-09-05 22:19:10,304 - [30] - INFO  - Game.Server.GameServer - GameMgr Scaning ...
2026-09-05 22:19:10,304 - [30] - INFO  - Game.Server.GameServer - GameMgr.SynDate: 1
2026-09-05 22:19:10,304 - [30] - INFO  - Game.Server.GameServer - GameMgr Scan complete!
2026-09-05 22:20:02,272 - [30] - INFO  - Game.Server.GameServer - Little Game Scaning ...
2026-09-05 22:20:02,272 - [30] - INFO  - Game.Server.GameServer - LittleGame today scan completed!
2026-09-05 22:20:02,272 - [30] - INFO  - Game.Server.GameServer - GameMgr Scaning ...
2026-09-05 22:20:02,272 - [30] - INFO  - Game.Server.GameServer - GameMgr.SynDate: 1
2026-09-05 22:20:02,272 - [30] - INFO  - Game.Server.GameServer - GameMgr Scan complete!
2026-09-05 22:20:10,315 - [29] - INFO  - Game.Server.GameServer - Buff Scaning ...
2026-09-05 22:20:10,315 - [29] - INFO  - Game.Server.GameServer - Buff Scan complete!
2026-09-05 22:20:10,315 - [29] - INFO  - Game.Server.GameServer - Buff all 0 players in 0ms
2026-09-05 22:20:10,315 - [29] - INFO  - Game.Server.GameServer - GameMgr Scaning ...
2026-09-05 22:20:10,315 - [29] - INFO  - Game.Server.GameServer - GameMgr.SynDate: 1
2026-09-05 22:20:10,315 - [29] - INFO  - Game.Server.GameServer - GameMgr Scan complete!
2026-09-05 22:21:02,276 - [30] - INFO  - Game.Server.GameServer - Little Game Scaning ...
2026-09-05 22:21:02,276 - [30] - INFO  - Game.Server.GameServer - LittleGame today scan completed!
2026-09-05 22:21:02,276 - [30] - INFO  - Game.Server.GameServer - GameMgr Scaning ...
2026-09-05 22:21:02,276 - [30] - INFO  - Game.Server.GameServer - GameMgr.SynDate: 1
2026-09-05 22:21:02,276 - [30] - INFO  - Game.Server.GameServer - GameMgr Scan complete!
2026-09-05 22:21:09,412 - [29] - INFO  - Game.Server.GameServer - Begin ping check....
2026-09-05 22:21:09,412 - [29] - INFO  - Game.Server.GameServer - End ping check....
2026-09-05 22:21:09,412 - [29] - INFO  - Game.Server.GameServer - Begin ping center check....
2026-09-05 22:21:09,412 - [29] - INFO  - Game.Server.GameServer - End ping center check....
2026-09-05 22:21:10,316 - [49] - INFO  - Game.Server.GameServer - Buff Scaning ...
2026-09-05 22:21:10,316 - [49] - INFO  - Game.Server.GameServer - Buff Scan complete!
2026-09-05 22:21:10,316 - [49] - INFO  - Game.Server.GameServer - Buff all 0 players in 0ms
2026-09-05 22:21:10,316 - [49] - INFO  - Game.Server.GameServer - GameMgr Scaning ...
2026-09-05 22:21:10,316 - [49] - INFO  - Game.Server.GameServer - GameMgr.SynDate: 1
2026-09-05 22:21:10,316 - [49] - INFO  - Game.Server.GameServer - GameMgr Scan complete!
2026-09-05 22:22:02,291 - [29] - INFO  - Game.Server.GameServer - Little Game Scaning ...
2026-09-05 22:22:02,291 - [29] - INFO  - Game.Server.GameServer - LittleGame today scan completed!
2026-09-05 22:22:02,291 - [29] - INFO  - Game.Server.GameServer - GameMgr Scaning ...
2026-09-05 22:22:02,291 - [29] - INFO  - Game.Server.GameServer - GameMgr.SynDate: 1
2026-09-05 22:22:02,291 - [29] - INFO  - Game.Server.GameServer - GameMgr Scan complete!
2026-09-05 22:22:10,317 - [31] - INFO  - Game.Server.GameServer - Buff Scaning ...
2026-09-05 22:22:10,317 - [31] - INFO  - Game.Server.GameServer - Buff Scan complete!
2026-09-05 22:22:10,317 - [31] - INFO  - Game.Server.GameServer - Buff all 0 players in 0ms
2026-09-05 22:22:10,317 - [31] - INFO  - Game.Server.GameServer - GameMgr Scaning ...
2026-09-05 22:22:10,317 - [31] - INFO  - Game.Server.GameServer - GameMgr.SynDate: 1
2026-09-05 22:22:10,317 - [31] - INFO  - Game.Server.GameServer - GameMgr Scan complete!
2026-09-05 22:23:02,310 - [29] - INFO  - Game.Server.GameServer - Little Game Scaning ...
2026-09-05 22:23:02,310 - [29] - INFO  - Game.Server.GameServer - LittleGame today scan completed!
2026-09-05 22:23:02,310 - [29] - INFO  - Game.Server.GameServer - GameMgr Scaning ...
2026-09-05 22:23:02,310 - [29] - INFO  - Game.Server.GameServer - GameMgr.SynDate: 1
2026-09-05 22:23:02,310 - [29] - INFO  - Game.Server.GameServer - GameMgr Scan complete!
2026-09-05 22:23:10,328 - [30] - INFO  - Game.Server.GameServer - Buff Scaning ...
2026-09-05 22:23:10,328 - [30] - INFO  - Game.Server.GameServer - Buff Scan complete!
2026-09-05 22:23:10,328 - [30] - INFO  - Game.Server.GameServer - Buff all 0 players in 0ms
2026-09-05 22:23:10,328 - [30] - INFO  - Game.Server.GameServer - GameMgr Scaning ...
2026-09-05 22:23:10,328 - [30] - INFO  - Game.Server.GameServer - GameMgr.SynDate: 1
2026-09-05 22:23:10,328 - [30] - INFO  - Game.Server.GameServer - GameMgr Scan complete!
2026-09-05 22:24:02,327 - [49] - INFO  - Game.Server.GameServer - Little Game Scaning ...
2026-09-05 22:24:02,327 - [49] - INFO  - Game.Server.GameServer - LittleGame today scan completed!
2026-09-05 22:24:02,327 - [49] - INFO  - Game.Server.GameServer - GameMgr Scaning ...
2026-09-05 22:24:02,327 - [49] - INFO  - Game.Server.GameServer - GameMgr.SynDate: 1
2026-09-05 22:24:02,327 - [49] - INFO  - Game.Server.GameServer - GameMgr Scan complete!
2026-09-05 22:24:09,419 - [31] - INFO  - Game.Server.GameServer - Begin ping check....
2026-09-05 22:24:09,419 - [31] - INFO  - Game.Server.GameServer - End ping check....
2026-09-05 22:24:09,419 - [31] - INFO  - Game.Server.GameServer - Begin ping center check....
2026-09-05 22:24:09,419 - [31] - INFO  - Game.Server.GameServer - End ping center check....
2026-09-05 22:24:10,337 - [30] - INFO  - Game.Server.GameServer - Buff Scaning ...
2026-09-05 22:24:10,337 - [30] - INFO  - Game.Server.GameServer - Buff Scan complete!
2026-09-05 22:24:10,337 - [30] - INFO  - Game.Server.GameServer - Buff all 0 players in 0ms
2026-09-05 22:24:10,337 - [30] - INFO  - Game.Server.GameServer - GameMgr Scaning ...
2026-09-05 22:24:10,337 - [30] - INFO  - Game.Server.GameServer - GameMgr.SynDate: 1
2026-09-05 22:24:10,337 - [30] - INFO  - Game.Server.GameServer - GameMgr Scan complete!
2026-09-05 22:25:02,337 - [31] - INFO  - Game.Server.GameServer - Little Game Scaning ...
2026-09-05 22:25:02,337 - [31] - INFO  - Game.Server.GameServer - LittleGame today scan completed!
2026-09-05 22:25:02,337 - [31] - INFO  - Game.Server.GameServer - GameMgr Scaning ...
2026-09-05 22:25:02,337 - [31] - INFO  - Game.Server.GameServer - GameMgr.SynDate: 1
2026-09-05 22:25:02,337 - [31] - INFO  - Game.Server.GameServer - GameMgr Scan complete!
2026-09-05 22:25:10,338 - [29] - INFO  - Game.Server.GameServer - Buff Scaning ...
2026-09-05 22:25:10,338 - [29] - INFO  - Game.Server.GameServer - Buff Scan complete!
2026-09-05 22:25:10,338 - [29] - INFO  - Game.Server.GameServer - Buff all 0 players in 0ms
2026-09-05 22:25:10,338 - [29] - INFO  - Game.Server.GameServer - GameMgr Scaning ...
2026-09-05 22:25:10,338 - [29] - INFO  - Game.Server.GameServer - GameMgr.SynDate: 1
2026-09-05 22:25:10,338 - [29] - INFO  - Game.Server.GameServer - GameMgr Scan complete!
2026-09-05 22:26:02,346 - [30] - INFO  - Game.Server.GameServer - Little Game Scaning ...
2026-09-05 22:26:02,346 - [30] - INFO  - Game.Server.GameServer - LittleGame today scan completed!
2026-09-05 22:26:02,346 - [30] - INFO  - Game.Server.GameServer - GameMgr Scaning ...
2026-09-05 22:26:02,346 - [30] - INFO  - Game.Server.GameServer - GameMgr.SynDate: 1
2026-09-05 22:26:02,346 - [30] - INFO  - Game.Server.GameServer - GameMgr Scan complete!
2026-09-05 22:26:10,354 - [49] - INFO  - Game.Server.GameServer - Buff Scaning ...
2026-09-05 22:26:10,354 - [49] - INFO  - Game.Server.GameServer - Buff Scan complete!
2026-09-05 22:26:10,354 - [49] - INFO  - Game.Server.GameServer - Buff all 0 players in 0ms
2026-09-05 22:26:10,354 - [49] - INFO  - Game.Server.GameServer - GameMgr Scaning ...
2026-09-05 22:26:10,354 - [49] - INFO  - Game.Server.GameServer - GameMgr.SynDate: 1
2026-09-05 22:26:10,354 - [49] - INFO  - Game.Server.GameServer - GameMgr Scan complete!
2026-09-05 22:27:02,365 - [29] - INFO  - Game.Server.GameServer - Little Game Scaning ...
2026-09-05 22:27:02,365 - [29] - INFO  - Game.Server.GameServer - LittleGame today scan completed!
2026-09-05 22:27:02,365 - [29] - INFO  - Game.Server.GameServer - GameMgr Scaning ...
2026-09-05 22:27:02,365 - [29] - INFO  - Game.Server.GameServer - GameMgr.SynDate: 1
2026-09-05 22:27:02,365 - [29] - INFO  - Game.Server.GameServer - GameMgr Scan complete!
2026-09-05 22:27:09,424 - [30] - INFO  - Game.Server.GameServer - Begin ping check....
2026-09-05 22:27:09,424 - [30] - INFO  - Game.Server.GameServer - End ping check....
2026-09-05 22:27:09,424 - [30] - INFO  - Game.Server.GameServer - Begin ping center check....
2026-09-05 22:27:09,424 - [30] - INFO  - Game.Server.GameServer - End ping center check....
2026-09-05 22:27:10,359 - [31] - INFO  - Game.Server.GameServer - Buff Scaning ...
2026-09-05 22:27:10,359 - [31] - INFO  - Game.Server.GameServer - Buff Scan complete!
2026-09-05 22:27:10,359 - [31] - INFO  - Game.Server.GameServer - Buff all 0 players in 0ms
2026-09-05 22:27:10,359 - [31] - INFO  - Game.Server.GameServer - GameMgr Scaning ...
2026-09-05 22:27:10,359 - [31] - INFO  - Game.Server.GameServer - GameMgr.SynDate: 1
2026-09-05 22:27:10,359 - [31] - INFO  - Game.Server.GameServer - GameMgr Scan complete!
2026-09-05 22:28:02,370 - [29] - INFO  - Game.Server.GameServer - Little Game Scaning ...
2026-09-05 22:28:02,370 - [29] - INFO  - Game.Server.GameServer - LittleGame today scan completed!
2026-09-05 22:28:02,370 - [29] - INFO  - Game.Server.GameServer - GameMgr Scaning ...
2026-09-05 22:28:02,370 - [29] - INFO  - Game.Server.GameServer - GameMgr.SynDate: 1
2026-09-05 22:28:02,370 - [29] - INFO  - Game.Server.GameServer - GameMgr Scan complete!
2026-09-05 22:28:10,369 - [30] - INFO  - Game.Server.GameServer - Buff Scaning ...
2026-09-05 22:28:10,369 - [30] - INFO  - Game.Server.GameServer - Buff Scan complete!
2026-09-05 22:28:10,369 - [30] - INFO  - Game.Server.GameServer - Buff all 0 players in 0ms
2026-09-05 22:28:10,369 - [30] - INFO  - Game.Server.GameServer - GameMgr Scaning ...
2026-09-05 22:28:10,369 - [30] - INFO  - Game.Server.GameServer - GameMgr.SynDate: 1
2026-09-05 22:28:10,369 - [30] - INFO  - Game.Server.GameServer - GameMgr Scan complete!
2026-09-05 22:29:02,377 - [30] - INFO  - Game.Server.GameServer - Little Game Scaning ...
2026-09-05 22:29:02,377 - [30] - INFO  - Game.Server.GameServer - LittleGame today scan completed!
2026-09-05 22:29:02,377 - [30] - INFO  - Game.Server.GameServer - GameMgr Scaning ...
2026-09-05 22:29:02,377 - [30] - INFO  - Game.Server.GameServer - GameMgr.SynDate: 1
2026-09-05 22:29:02,377 - [30] - INFO  - Game.Server.GameServer - GameMgr Scan complete!
2026-09-05 22:29:09,171 - [31] - INFO  - Game.Server.GameServer - Saving database...
2026-09-05 22:29:09,179 - [31] - INFO  - Game.Server.GameServer - Saving database complete!
2026-09-05 22:29:09,179 - [31] - INFO  - Game.Server.GameServer - Saved all databases and 0 players in 0ms
2026-09-05 22:29:10,372 - [30] - INFO  - Game.Server.GameServer - Buff Scaning ...
2026-09-05 22:29:10,372 - [30] - INFO  - Game.Server.GameServer - Buff Scan complete!
2026-09-05 22:29:10,372 - [30] - INFO  - Game.Server.GameServer - Buff all 0 players in 0ms
2026-09-05 22:29:10,372 - [30] - INFO  - Game.Server.GameServer - GameMgr Scaning ...
2026-09-05 22:29:10,372 - [30] - INFO  - Game.Server.GameServer - GameMgr.SynDate: 1
2026-09-05 22:29:10,372 - [30] - INFO  - Game.Server.GameServer - GameMgr Scan complete!
2026-09-05 22:30:02,384 - [29] - INFO  - Game.Server.GameServer - Little Game Scaning ...
2026-09-05 22:30:02,384 - [29] - INFO  - Game.Server.GameServer - LittleGame today scan completed!
2026-09-05 22:30:02,384 - [29] - INFO  - Game.Server.GameServer - GameMgr Scaning ...
2026-09-05 22:30:02,384 - [29] - INFO  - Game.Server.GameServer - GameMgr.SynDate: 1
2026-09-05 22:30:02,384 - [29] - INFO  - Game.Server.GameServer - GameMgr Scan complete!
2026-09-05 22:30:09,436 - [30] - INFO  - Game.Server.GameServer - Begin ping check....
2026-09-05 22:30:09,436 - [30] - INFO  - Game.Server.GameServer - End ping check....
2026-09-05 22:30:09,436 - [30] - INFO  - Game.Server.GameServer - Begin ping center check....
2026-09-05 22:30:09,436 - [30] - INFO  - Game.Server.GameServer - End ping center check....
2026-09-05 22:30:10,386 - [29] - INFO  - Game.Server.GameServer - Buff Scaning ...
2026-09-05 22:30:10,386 - [29] - INFO  - Game.Server.GameServer - Buff Scan complete!
2026-09-05 22:30:10,386 - [29] - INFO  - Game.Server.GameServer - Buff all 0 players in 0ms
2026-09-05 22:30:10,386 - [29] - INFO  - Game.Server.GameServer - GameMgr Scaning ...
2026-09-05 22:30:10,386 - [29] - INFO  - Game.Server.GameServer - GameMgr.SynDate: 1
2026-09-05 22:30:10,386 - [29] - INFO  - Game.Server.GameServer - GameMgr Scan complete!
2026-09-05 22:31:02,395 - [29] - INFO  - Game.Server.GameServer - Little Game Scaning ...
2026-09-05 22:31:02,395 - [29] - INFO  - Game.Server.GameServer - LittleGame today scan completed!
2026-09-05 22:31:02,395 - [29] - INFO  - Game.Server.GameServer - GameMgr Scaning ...
2026-09-05 22:31:02,395 - [29] - INFO  - Game.Server.GameServer - GameMgr.SynDate: 1
2026-09-05 22:31:02,395 - [29] - INFO  - Game.Server.GameServer - GameMgr Scan complete!
2026-09-05 22:31:10,389 - [49] - INFO  - Game.Server.GameServer - Buff Scaning ...
2026-09-05 22:31:10,389 - [49] - INFO  - Game.Server.GameServer - Buff Scan complete!
2026-09-05 22:31:10,389 - [49] - INFO  - Game.Server.GameServer - Buff all 0 players in 0ms
2026-09-05 22:31:10,389 - [49] - INFO  - Game.Server.GameServer - GameMgr Scaning ...
2026-09-05 22:31:10,389 - [49] - INFO  - Game.Server.GameServer - GameMgr.SynDate: 1
2026-09-05 22:31:10,389 - [49] - INFO  - Game.Server.GameServer - GameMgr Scan complete!
2026-09-05 22:32:02,408 - [30] - INFO  - Game.Server.GameServer - Little Game Scaning ...
2026-09-05 22:32:02,408 - [30] - INFO  - Game.Server.GameServer - LittleGame today scan completed!
2026-09-05 22:32:02,408 - [30] - INFO  - Game.Server.GameServer - GameMgr Scaning ...
2026-09-05 22:32:02,408 - [30] - INFO  - Game.Server.GameServer - GameMgr.SynDate: 1
2026-09-05 22:32:02,408 - [30] - INFO  - Game.Server.GameServer - GameMgr Scan complete!
2026-09-05 22:32:10,388 - [49] - INFO  - Game.Server.GameServer - Buff Scaning ...
2026-09-05 22:32:10,388 - [49] - INFO  - Game.Server.GameServer - Buff Scan complete!
2026-09-05 22:32:10,388 - [49] - INFO  - Game.Server.GameServer - Buff all 0 players in 0ms
2026-09-05 22:32:10,388 - [49] - INFO  - Game.Server.GameServer - GameMgr Scaning ...
2026-09-05 22:32:10,388 - [49] - INFO  - Game.Server.GameServer - GameMgr.SynDate: 1
2026-09-05 22:32:10,388 - [49] - INFO  - Game.Server.GameServer - GameMgr Scan complete!
2026-09-05 22:33:02,420 - [49] - INFO  - Game.Server.GameServer - Little Game Scaning ...
2026-09-05 22:33:02,420 - [49] - INFO  - Game.Server.GameServer - LittleGame today scan completed!
2026-09-05 22:33:02,420 - [49] - INFO  - Game.Server.GameServer - GameMgr Scaning ...
2026-09-05 22:33:02,420 - [49] - INFO  - Game.Server.GameServer - GameMgr.SynDate: 1
2026-09-05 22:33:02,420 - [49] - INFO  - Game.Server.GameServer - GameMgr Scan complete!
2026-09-05 22:33:09,457 - [30] - INFO  - Game.Server.GameServer - Begin ping check....
2026-09-05 22:33:09,457 - [30] - INFO  - Game.Server.GameServer - End ping check....
2026-09-05 22:33:09,457 - [30] - INFO  - Game.Server.GameServer - Begin ping center check....
2026-09-05 22:33:09,457 - [30] - INFO  - Game.Server.GameServer - End ping center check....
2026-09-05 22:33:10,395 - [49] - INFO  - Game.Server.GameServer - Buff Scaning ...
2026-09-05 22:33:10,395 - [49] - INFO  - Game.Server.GameServer - Buff Scan complete!
2026-09-05 22:33:10,395 - [49] - INFO  - Game.Server.GameServer - Buff all 0 players in 0ms
2026-09-05 22:33:10,395 - [49] - INFO  - Game.Server.GameServer - GameMgr Scaning ...
2026-09-05 22:33:10,395 - [49] - INFO  - Game.Server.GameServer - GameMgr.SynDate: 1
2026-09-05 22:33:10,395 - [49] - INFO  - Game.Server.GameServer - GameMgr Scan complete!
2026-09-05 22:34:02,436 - [31] - INFO  - Game.Server.GameServer - Little Game Scaning ...
2026-09-05 22:34:02,436 - [31] - INFO  - Game.Server.GameServer - LittleGame today scan completed!
2026-09-05 22:34:02,436 - [31] - INFO  - Game.Server.GameServer - GameMgr Scaning ...
2026-09-05 22:34:02,436 - [31] - INFO  - Game.Server.GameServer - GameMgr.SynDate: 1
2026-09-05 22:34:02,436 - [31] - INFO  - Game.Server.GameServer - GameMgr Scan complete!
2026-09-05 22:34:10,410 - [49] - INFO  - Game.Server.GameServer - Buff Scaning ...
2026-09-05 22:34:10,410 - [49] - INFO  - Game.Server.GameServer - Buff Scan complete!
2026-09-05 22:34:10,410 - [49] - INFO  - Game.Server.GameServer - Buff all 0 players in 0ms
2026-09-05 22:34:10,410 - [49] - INFO  - Game.Server.GameServer - GameMgr Scaning ...
2026-09-05 22:34:10,410 - [49] - INFO  - Game.Server.GameServer - GameMgr.SynDate: 1
2026-09-05 22:34:10,410 - [49] - INFO  - Game.Server.GameServer - GameMgr Scan complete!
2026-09-05 22:35:02,440 - [30] - INFO  - Game.Server.GameServer - Little Game Scaning ...
2026-09-05 22:35:02,440 - [30] - INFO  - Game.Server.GameServer - LittleGame today scan completed!
2026-09-05 22:35:02,440 - [30] - INFO  - Game.Server.GameServer - GameMgr Scaning ...
2026-09-05 22:35:02,440 - [30] - INFO  - Game.Server.GameServer - GameMgr.SynDate: 1
2026-09-05 22:35:02,440 - [30] - INFO  - Game.Server.GameServer - GameMgr Scan complete!
2026-09-05 22:35:10,422 - [31] - INFO  - Game.Server.GameServer - Buff Scaning ...
2026-09-05 22:35:10,422 - [31] - INFO  - Game.Server.GameServer - Buff Scan complete!
2026-09-05 22:35:10,422 - [31] - INFO  - Game.Server.GameServer - Buff all 0 players in 0ms
2026-09-05 22:35:10,422 - [31] - INFO  - Game.Server.GameServer - GameMgr Scaning ...
2026-09-05 22:35:10,422 - [31] - INFO  - Game.Server.GameServer - GameMgr.SynDate: 1
2026-09-05 22:35:10,422 - [31] - INFO  - Game.Server.GameServer - GameMgr Scan complete!
2026-09-05 22:36:02,449 - [30] - INFO  - Game.Server.GameServer - Little Game Scaning ...
2026-09-05 22:36:02,449 - [30] - INFO  - Game.Server.GameServer - LittleGame today scan completed!
2026-09-05 22:36:02,449 - [30] - INFO  - Game.Server.GameServer - GameMgr Scaning ...
2026-09-05 22:36:02,449 - [30] - INFO  - Game.Server.GameServer - GameMgr.SynDate: 1
2026-09-05 22:36:02,449 - [30] - INFO  - Game.Server.GameServer - GameMgr Scan complete!
2026-09-05 22:36:09,464 - [29] - INFO  - Game.Server.GameServer - Begin ping check....
2026-09-05 22:36:09,464 - [29] - INFO  - Game.Server.GameServer - End ping check....
2026-09-05 22:36:09,464 - [29] - INFO  - Game.Server.GameServer - Begin ping center check....
2026-09-05 22:36:09,464 - [29] - INFO  - Game.Server.GameServer - End ping center check....
2026-09-05 22:36:10,430 - [30] - INFO  - Game.Server.GameServer - Buff Scaning ...
2026-09-05 22:36:10,430 - [30] - INFO  - Game.Server.GameServer - Buff Scan complete!
2026-09-05 22:36:10,430 - [30] - INFO  - Game.Server.GameServer - Buff all 0 players in 0ms
2026-09-05 22:36:10,430 - [30] - INFO  - Game.Server.GameServer - GameMgr Scaning ...
2026-09-05 22:36:10,430 - [30] - INFO  - Game.Server.GameServer - GameMgr.SynDate: 1
2026-09-05 22:36:10,430 - [30] - INFO  - Game.Server.GameServer - GameMgr Scan complete!
2026-09-05 22:37:02,451 - [29] - INFO  - Game.Server.GameServer - Little Game Scaning ...
2026-09-05 22:37:02,451 - [29] - INFO  - Game.Server.GameServer - LittleGame today scan completed!
2026-09-05 22:37:02,451 - [29] - INFO  - Game.Server.GameServer - GameMgr Scaning ...
2026-09-05 22:37:02,451 - [29] - INFO  - Game.Server.GameServer - GameMgr.SynDate: 1
2026-09-05 22:37:02,451 - [29] - INFO  - Game.Server.GameServer - GameMgr Scan complete!
2026-09-05 22:37:10,439 - [49] - INFO  - Game.Server.GameServer - Buff Scaning ...
2026-09-05 22:37:10,439 - [49] - INFO  - Game.Server.GameServer - Buff Scan complete!
2026-09-05 22:37:10,439 - [49] - INFO  - Game.Server.GameServer - Buff all 0 players in 0ms
2026-09-05 22:37:10,439 - [49] - INFO  - Game.Server.GameServer - GameMgr Scaning ...
2026-09-05 22:37:10,439 - [49] - INFO  - Game.Server.GameServer - GameMgr.SynDate: 1
2026-09-05 22:37:10,439 - [49] - INFO  - Game.Server.GameServer - GameMgr Scan complete!
2026-09-05 22:38:02,451 - [31] - INFO  - Game.Server.GameServer - Little Game Scaning ...
2026-09-05 22:38:02,451 - [31] - INFO  - Game.Server.GameServer - LittleGame today scan completed!
2026-09-05 22:38:02,451 - [31] - INFO  - Game.Server.GameServer - GameMgr Scaning ...
2026-09-05 22:38:02,451 - [31] - INFO  - Game.Server.GameServer - GameMgr.SynDate: 1
2026-09-05 22:38:02,451 - [31] - INFO  - Game.Server.GameServer - GameMgr Scan complete!
2026-09-05 22:38:10,441 - [30] - INFO  - Game.Server.GameServer - Buff Scaning ...
2026-09-05 22:38:10,441 - [30] - INFO  - Game.Server.GameServer - Buff Scan complete!
2026-09-05 22:38:10,441 - [30] - INFO  - Game.Server.GameServer - Buff all 0 players in 0ms
2026-09-05 22:38:10,441 - [30] - INFO  - Game.Server.GameServer - GameMgr Scaning ...
2026-09-05 22:38:10,441 - [30] - INFO  - Game.Server.GameServer - GameMgr.SynDate: 1
2026-09-05 22:38:10,441 - [30] - INFO  - Game.Server.GameServer - GameMgr Scan complete!
2026-09-05 22:39:02,462 - [31] - INFO  - Game.Server.GameServer - Little Game Scaning ...
2026-09-05 22:39:02,462 - [31] - INFO  - Game.Server.GameServer - LittleGame today scan completed!
2026-09-05 22:39:02,462 - [31] - INFO  - Game.Server.GameServer - GameMgr Scaning ...
2026-09-05 22:39:02,462 - [31] - INFO  - Game.Server.GameServer - GameMgr.SynDate: 1
2026-09-05 22:39:02,462 - [31] - INFO  - Game.Server.GameServer - GameMgr Scan complete!
2026-09-05 22:39:09,179 - [29] - INFO  - Game.Server.GameServer - Saving database...
2026-09-05 22:39:09,186 - [29] - INFO  - Game.Server.GameServer - Saving database complete!
2026-09-05 22:39:09,186 - [29] - INFO  - Game.Server.GameServer - Saved all databases and 0 players in 16ms
2026-09-05 22:39:09,478 - [31] - INFO  - Game.Server.GameServer - Begin ping check....
2026-09-05 22:39:09,478 - [31] - INFO  - Game.Server.GameServer - End ping check....
2026-09-05 22:39:09,478 - [31] - INFO  - Game.Server.GameServer - Begin ping center check....
2026-09-05 22:39:09,478 - [31] - INFO  - Game.Server.GameServer - End ping center check....
2026-09-05 22:39:10,442 - [29] - INFO  - Game.Server.GameServer - Buff Scaning ...
2026-09-05 22:39:10,442 - [29] - INFO  - Game.Server.GameServer - Buff Scan complete!
2026-09-05 22:39:10,442 - [29] - INFO  - Game.Server.GameServer - Buff all 0 players in 0ms
2026-09-05 22:39:10,442 - [29] - INFO  - Game.Server.GameServer - GameMgr Scaning ...
2026-09-05 22:39:10,442 - [29] - INFO  - Game.Server.GameServer - GameMgr.SynDate: 1
2026-09-05 22:39:10,442 - [29] - INFO  - Game.Server.GameServer - GameMgr Scan complete!
2026-09-05 22:40:02,465 - [31] - INFO  - Game.Server.GameServer - Little Game Scaning ...
2026-09-05 22:40:02,465 - [31] - INFO  - Game.Server.GameServer - LittleGame today scan completed!
2026-09-05 22:40:02,465 - [31] - INFO  - Game.Server.GameServer - GameMgr Scaning ...
2026-09-05 22:40:02,465 - [31] - INFO  - Game.Server.GameServer - GameMgr.SynDate: 1
2026-09-05 22:40:02,465 - [31] - INFO  - Game.Server.GameServer - GameMgr Scan complete!
2026-09-05 22:40:10,445 - [30] - INFO  - Game.Server.GameServer - Buff Scaning ...
2026-09-05 22:40:10,445 - [30] - INFO  - Game.Server.GameServer - Buff Scan complete!
2026-09-05 22:40:10,445 - [30] - INFO  - Game.Server.GameServer - Buff all 0 players in 0ms
2026-09-05 22:40:10,445 - [30] - INFO  - Game.Server.GameServer - GameMgr Scaning ...
2026-09-05 22:40:10,445 - [30] - INFO  - Game.Server.GameServer - GameMgr.SynDate: 1
2026-09-05 22:40:10,445 - [30] - INFO  - Game.Server.GameServer - GameMgr Scan 